state_code,state_name,metric,year,count,growth_pct
-1,All India,registrations,Till Today,417663328,
-1,All India,registrations,2026:,4385834,
-1,All India,registrations,2025:,28253418,7.79%
-1,All India,registrations,2024:,26210514,9.17%
-1,All India,registrations,2023:,24009647,11.26%
-1,All India,registrations,2022:,21579546,
-1,All India,transactions,Till Today,1726904630,
-1,All India,transactions,2026:,15414033,
-1,All India,transactions,2025:,104042663,7.22%
-1,All India,transactions,2024:,97033695,7.83%
-1,All India,transactions,2023:,89984536,6.38%
-1,All India,transactions,2022:,84583979,
-1,All India,revenue,Till Today,9097891078269,
-1,All India,revenue,2026:,168025884671,
-1,All India,revenue,2025:,1058575135796,7.23%
-1,All India,revenue,2024:,987238756251,12.61%
-1,All India,revenue,2023:,876711594521,16.36%
-1,All India,revenue,2022:,753453477008,
-1,All India,permits,Till Today,26716624,
-1,All India,permits,2026:,741724,
-1,All India,permits,2025:,4793503,16.99%
-1,All India,permits,2024:,4097243,16.52%
-1,All India,permits,2023:,3516328,60.00%
-1,All India,permits,2022:,2197669,
AN,Andaman & Nicobar Island,registrations,Till Today,417663328,
AN,Andaman & Nicobar Island,registrations,2026:,4385834,
AN,Andaman & Nicobar Island,registrations,2025:,28253418,7.79%
AN,Andaman & Nicobar Island,registrations,2024:,26210514,9.17%
AN,Andaman & Nicobar Island,registrations,2023:,24009647,11.26%
AN,Andaman & Nicobar Island,registrations,2022:,21579546,
AN,Andaman & Nicobar Island,transactions,Till Today,1726904630,
AN,Andaman & Nicobar Island,transactions,2026:,15414033,
AN,Andaman & Nicobar Island,transactions,2025:,104042663,7.22%
AN,Andaman & Nicobar Island,transactions,2024:,97033695,7.83%
AN,Andaman & Nicobar Island,transactions,2023:,89984536,6.38%
AN,Andaman & Nicobar Island,transactions,2022:,84583979,
AN,Andaman & Nicobar Island,revenue,Till Today,9097891078269,
AN,Andaman & Nicobar Island,revenue,2026:,168025884671,
AN,Andaman & Nicobar Island,revenue,2025:,1058575135796,7.23%
AN,Andaman & Nicobar Island,revenue,2024:,987238756251,12.61%
AN,Andaman & Nicobar Island,revenue,2023:,876711594521,16.36%
AN,Andaman & Nicobar Island,revenue,2022:,753453477008,
AN,Andaman & Nicobar Island,permits,Till Today,26716624,
AN,Andaman & Nicobar Island,permits,2026:,741724,
AN,Andaman & Nicobar Island,permits,2025:,4793503,16.99%
AN,Andaman & Nicobar Island,permits,2024:,4097243,16.52%
AN,Andaman & Nicobar Island,permits,2023:,3516328,60.00%
AN,Andaman & Nicobar Island,permits,2022:,2197669,
AP,Andhra Pradesh,registrations,Till Today,417663328,
AP,Andhra Pradesh,registrations,2026:,4385834,
AP,Andhra Pradesh,registrations,2025:,28253418,7.79%
AP,Andhra Pradesh,registrations,2024:,26210514,9.17%
AP,Andhra Pradesh,registrations,2023:,24009647,11.26%
AP,Andhra Pradesh,registrations,2022:,21579546,
AP,Andhra Pradesh,transactions,Till Today,1726904630,
AP,Andhra Pradesh,transactions,2026:,15414033,
AP,Andhra Pradesh,transactions,2025:,104042663,7.22%
AP,Andhra Pradesh,transactions,2024:,97033695,7.83%
AP,Andhra Pradesh,transactions,2023:,89984536,6.38%
AP,Andhra Pradesh,transactions,2022:,84583979,
AP,Andhra Pradesh,revenue,Till Today,9097891078269,
AP,Andhra Pradesh,revenue,2026:,168025884671,
AP,Andhra Pradesh,revenue,2025:,1058575135796,7.23%
AP,Andhra Pradesh,revenue,2024:,987238756251,12.61%
AP,Andhra Pradesh,revenue,2023:,876711594521,16.36%
AP,Andhra Pradesh,revenue,2022:,753453477008,
AP,Andhra Pradesh,permits,Till Today,26716624,
AP,Andhra Pradesh,permits,2026:,741724,
AP,Andhra Pradesh,permits,2025:,4793503,16.99%
AP,Andhra Pradesh,permits,2024:,4097243,16.52%
AP,Andhra Pradesh,permits,2023:,3516328,60.00%
AP,Andhra Pradesh,permits,2022:,2197669,
AR,Arunachal Pradesh,registrations,Till Today,417663328,
AR,Arunachal Pradesh,registrations,2026:,4385834,
AR,Arunachal Pradesh,registrations,2025:,28253418,7.79%
AR,Arunachal Pradesh,registrations,2024:,26210514,9.17%
AR,Arunachal Pradesh,registrations,2023:,24009647,11.26%
AR,Arunachal Pradesh,registrations,2022:,21579546,
AR,Arunachal Pradesh,transactions,Till Today,1726904630,
AR,Arunachal Pradesh,transactions,2026:,15414033,
AR,Arunachal Pradesh,transactions,2025:,104042663,7.22%
AR,Arunachal Pradesh,transactions,2024:,97033695,7.83%
AR,Arunachal Pradesh,transactions,2023:,89984536,6.38%
AR,Arunachal Pradesh,transactions,2022:,84583979,
AR,Arunachal Pradesh,revenue,Till Today,9097891078269,
AR,Arunachal Pradesh,revenue,2026:,168025884671,
AR,Arunachal Pradesh,revenue,2025:,1058575135796,7.23%
AR,Arunachal Pradesh,revenue,2024:,987238756251,12.61%
AR,Arunachal Pradesh,revenue,2023:,876711594521,16.36%
AR,Arunachal Pradesh,revenue,2022:,753453477008,
AR,Arunachal Pradesh,permits,Till Today,26716624,
AR,Arunachal Pradesh,permits,2026:,741724,
AR,Arunachal Pradesh,permits,2025:,4793503,16.99%
AR,Arunachal Pradesh,permits,2024:,4097243,16.52%
AR,Arunachal Pradesh,permits,2023:,3516328,60.00%
AR,Arunachal Pradesh,permits,2022:,2197669,
AS,Assam,registrations,Till Today,417663328,
AS,Assam,registrations,2026:,4385834,
AS,Assam,registrations,2025:,28253418,7.79%
AS,Assam,registrations,2024:,26210514,9.17%
AS,Assam,registrations,2023:,24009647,11.26%
AS,Assam,registrations,2022:,21579546,
AS,Assam,transactions,Till Today,1726904630,
AS,Assam,transactions,2026:,15414033,
AS,Assam,transactions,2025:,104042663,7.22%
AS,Assam,transactions,2024:,97033695,7.83%
AS,Assam,transactions,2023:,89984536,6.38%
AS,Assam,transactions,2022:,84583979,
AS,Assam,revenue,Till Today,9097891078269,
AS,Assam,revenue,2026:,168025884671,
AS,Assam,revenue,2025:,1058575135796,7.23%
AS,Assam,revenue,2024:,987238756251,12.61%
AS,Assam,revenue,2023:,876711594521,16.36%
AS,Assam,revenue,2022:,753453477008,
AS,Assam,permits,Till Today,26716624,
AS,Assam,permits,2026:,741724,
AS,Assam,permits,2025:,4793503,16.99%
AS,Assam,permits,2024:,4097243,16.52%
AS,Assam,permits,2023:,3516328,60.00%
AS,Assam,permits,2022:,2197669,
BR,Bihar,registrations,Till Today,417663328,
BR,Bihar,registrations,2026:,4385834,
BR,Bihar,registrations,2025:,28253418,7.79%
BR,Bihar,registrations,2024:,26210514,9.17%
BR,Bihar,registrations,2023:,24009647,11.26%
BR,Bihar,registrations,2022:,21579546,
BR,Bihar,transactions,Till Today,1726904630,
BR,Bihar,transactions,2026:,15414033,
BR,Bihar,transactions,2025:,104042663,7.22%
BR,Bihar,transactions,2024:,97033695,7.83%
BR,Bihar,transactions,2023:,89984536,6.38%
BR,Bihar,transactions,2022:,84583979,
BR,Bihar,revenue,Till Today,9097891078269,
BR,Bihar,revenue,2026:,168025884671,
BR,Bihar,revenue,2025:,1058575135796,7.23%
BR,Bihar,revenue,2024:,987238756251,12.61%
BR,Bihar,revenue,2023:,876711594521,16.36%
BR,Bihar,revenue,2022:,753453477008,
BR,Bihar,permits,Till Today,26716624,
BR,Bihar,permits,2026:,741724,
BR,Bihar,permits,2025:,4793503,16.99%
BR,Bihar,permits,2024:,4097243,16.52%
BR,Bihar,permits,2023:,3516328,60.00%
BR,Bihar,permits,2022:,2197669,
CG,Chhattisgarh,registrations,Till Today,417663328,
CG,Chhattisgarh,registrations,2026:,4385834,
CG,Chhattisgarh,registrations,2025:,28253418,7.79%
CG,Chhattisgarh,registrations,2024:,26210514,9.17%
CG,Chhattisgarh,registrations,2023:,24009647,11.26%
CG,Chhattisgarh,registrations,2022:,21579546,
CG,Chhattisgarh,transactions,Till Today,1726904630,
CG,Chhattisgarh,transactions,2026:,15414033,
CG,Chhattisgarh,transactions,2025:,104042663,7.22%
CG,Chhattisgarh,transactions,2024:,97033695,7.83%
CG,Chhattisgarh,transactions,2023:,89984536,6.38%
CG,Chhattisgarh,transactions,2022:,84583979,
CG,Chhattisgarh,revenue,Till Today,9097891078269,
CG,Chhattisgarh,revenue,2026:,168025884671,
CG,Chhattisgarh,revenue,2025:,1058575135796,7.23%
CG,Chhattisgarh,revenue,2024:,987238756251,12.61%
CG,Chhattisgarh,revenue,2023:,876711594521,16.36%
CG,Chhattisgarh,revenue,2022:,753453477008,
CG,Chhattisgarh,permits,Till Today,26716624,
CG,Chhattisgarh,permits,2026:,741724,
CG,Chhattisgarh,permits,2025:,4793503,16.99%
CG,Chhattisgarh,permits,2024:,4097243,16.52%
CG,Chhattisgarh,permits,2023:,3516328,60.00%
CG,Chhattisgarh,permits,2022:,2197669,
CH,Chandigarh,registrations,Till Today,417663328,
CH,Chandigarh,registrations,2026:,4385834,
CH,Chandigarh,registrations,2025:,28253418,7.79%
CH,Chandigarh,registrations,2024:,26210514,9.17%
CH,Chandigarh,registrations,2023:,24009647,11.26%
CH,Chandigarh,registrations,2022:,21579546,
CH,Chandigarh,transactions,Till Today,1726904630,
CH,Chandigarh,transactions,2026:,15414033,
CH,Chandigarh,transactions,2025:,104042663,7.22%
CH,Chandigarh,transactions,2024:,97033695,7.83%
CH,Chandigarh,transactions,2023:,89984536,6.38%
CH,Chandigarh,transactions,2022:,84583979,
CH,Chandigarh,revenue,Till Today,9097891078269,
CH,Chandigarh,revenue,2026:,168025884671,
CH,Chandigarh,revenue,2025:,1058575135796,7.23%
CH,Chandigarh,revenue,2024:,987238756251,12.61%
CH,Chandigarh,revenue,2023:,876711594521,16.36%
CH,Chandigarh,revenue,2022:,753453477008,
CH,Chandigarh,permits,Till Today,26716624,
CH,Chandigarh,permits,2026:,741724,
CH,Chandigarh,permits,2025:,4793503,16.99%
CH,Chandigarh,permits,2024:,4097243,16.52%
CH,Chandigarh,permits,2023:,3516328,60.00%
CH,Chandigarh,permits,2022:,2197669,
DD,UT of DNH and DD,registrations,Till Today,417663328,
DD,UT of DNH and DD,registrations,2026:,4385834,
DD,UT of DNH and DD,registrations,2025:,28253418,7.79%
DD,UT of DNH and DD,registrations,2024:,26210514,9.17%
DD,UT of DNH and DD,registrations,2023:,24009647,11.26%
DD,UT of DNH and DD,registrations,2022:,21579546,
DD,UT of DNH and DD,transactions,Till Today,1726904630,
DD,UT of DNH and DD,transactions,2026:,15414033,
DD,UT of DNH and DD,transactions,2025:,104042663,7.22%
DD,UT of DNH and DD,transactions,2024:,97033695,7.83%
DD,UT of DNH and DD,transactions,2023:,89984536,6.38%
DD,UT of DNH and DD,transactions,2022:,84583979,
DD,UT of DNH and DD,revenue,Till Today,9097891078269,
DD,UT of DNH and DD,revenue,2026:,168025884671,
DD,UT of DNH and DD,revenue,2025:,1058575135796,7.23%
DD,UT of DNH and DD,revenue,2024:,987238756251,12.61%
DD,UT of DNH and DD,revenue,2023:,876711594521,16.36%
DD,UT of DNH and DD,revenue,2022:,753453477008,
DD,UT of DNH and DD,permits,Till Today,26716624,
DD,UT of DNH and DD,permits,2026:,741724,
DD,UT of DNH and DD,permits,2025:,4793503,16.99%
DD,UT of DNH and DD,permits,2024:,4097243,16.52%
DD,UT of DNH and DD,permits,2023:,3516328,60.00%
DD,UT of DNH and DD,permits,2022:,2197669,
DL,Delhi,registrations,Till Today,417663328,
DL,Delhi,registrations,2026:,4385834,
DL,Delhi,registrations,2025:,28253418,7.79%
DL,Delhi,registrations,2024:,26210514,9.17%
DL,Delhi,registrations,2023:,24009647,11.26%
DL,Delhi,registrations,2022:,21579546,
DL,Delhi,transactions,Till Today,1726904630,
DL,Delhi,transactions,2026:,15414033,
DL,Delhi,transactions,2025:,104042663,7.22%
DL,Delhi,transactions,2024:,97033695,7.83%
DL,Delhi,transactions,2023:,89984536,6.38%
DL,Delhi,transactions,2022:,84583979,
DL,Delhi,revenue,Till Today,9097891078269,
DL,Delhi,revenue,2026:,168025884671,
DL,Delhi,revenue,2025:,1058575135796,7.23%
DL,Delhi,revenue,2024:,987238756251,12.61%
DL,Delhi,revenue,2023:,876711594521,16.36%
DL,Delhi,revenue,2022:,753453477008,
DL,Delhi,permits,Till Today,26716624,
DL,Delhi,permits,2026:,741724,
DL,Delhi,permits,2025:,4793503,16.99%
DL,Delhi,permits,2024:,4097243,16.52%
DL,Delhi,permits,2023:,3516328,60.00%
DL,Delhi,permits,2022:,2197669,
GA,Goa,registrations,Till Today,417663328,
GA,Goa,registrations,2026:,4385834,
GA,Goa,registrations,2025:,28253418,7.79%
GA,Goa,registrations,2024:,26210514,9.17%
GA,Goa,registrations,2023:,24009647,11.26%
GA,Goa,registrations,2022:,21579546,
GA,Goa,transactions,Till Today,1726904630,
GA,Goa,transactions,2026:,15414033,
GA,Goa,transactions,2025:,104042663,7.22%
GA,Goa,transactions,2024:,97033695,7.83%
GA,Goa,transactions,2023:,89984536,6.38%
GA,Goa,transactions,2022:,84583979,
GA,Goa,revenue,Till Today,9097891078269,
GA,Goa,revenue,2026:,168025884671,
GA,Goa,revenue,2025:,1058575135796,7.23%
GA,Goa,revenue,2024:,987238756251,12.61%
GA,Goa,revenue,2023:,876711594521,16.36%
GA,Goa,revenue,2022:,753453477008,
GA,Goa,permits,Till Today,26716624,
GA,Goa,permits,2026:,741724,
GA,Goa,permits,2025:,4793503,16.99%
GA,Goa,permits,2024:,4097243,16.52%
GA,Goa,permits,2023:,3516328,60.00%
GA,Goa,permits,2022:,2197669,
GJ,Gujarat,registrations,Till Today,417663328,
GJ,Gujarat,registrations,2026:,4385834,
GJ,Gujarat,registrations,2025:,28253418,7.79%
GJ,Gujarat,registrations,2024:,26210514,9.17%
GJ,Gujarat,registrations,2023:,24009647,11.26%
GJ,Gujarat,registrations,2022:,21579546,
GJ,Gujarat,transactions,Till Today,1726904630,
GJ,Gujarat,transactions,2026:,15414033,
GJ,Gujarat,transactions,2025:,104042663,7.22%
GJ,Gujarat,transactions,2024:,97033695,7.83%
GJ,Gujarat,transactions,2023:,89984536,6.38%
GJ,Gujarat,transactions,2022:,84583979,
GJ,Gujarat,revenue,Till Today,9097891078269,
GJ,Gujarat,revenue,2026:,168025884671,
GJ,Gujarat,revenue,2025:,1058575135796,7.23%
GJ,Gujarat,revenue,2024:,987238756251,12.61%
GJ,Gujarat,revenue,2023:,876711594521,16.36%
GJ,Gujarat,revenue,2022:,753453477008,
GJ,Gujarat,permits,Till Today,26716624,
GJ,Gujarat,permits,2026:,741724,
GJ,Gujarat,permits,2025:,4793503,16.99%
GJ,Gujarat,permits,2024:,4097243,16.52%
GJ,Gujarat,permits,2023:,3516328,60.00%
GJ,Gujarat,permits,2022:,2197669,
HP,Himachal Pradesh,registrations,Till Today,417663328,
HP,Himachal Pradesh,registrations,2026:,4385834,
HP,Himachal Pradesh,registrations,2025:,28253418,7.79%
HP,Himachal Pradesh,registrations,2024:,26210514,9.17%
HP,Himachal Pradesh,registrations,2023:,24009647,11.26%
HP,Himachal Pradesh,registrations,2022:,21579546,
HP,Himachal Pradesh,transactions,Till Today,1726904630,
HP,Himachal Pradesh,transactions,2026:,15414033,
HP,Himachal Pradesh,transactions,2025:,104042663,7.22%
HP,Himachal Pradesh,transactions,2024:,97033695,7.83%
HP,Himachal Pradesh,transactions,2023:,89984536,6.38%
HP,Himachal Pradesh,transactions,2022:,84583979,
HP,Himachal Pradesh,revenue,Till Today,9097891078269,
HP,Himachal Pradesh,revenue,2026:,168025884671,
HP,Himachal Pradesh,revenue,2025:,1058575135796,7.23%
HP,Himachal Pradesh,revenue,2024:,987238756251,12.61%
HP,Himachal Pradesh,revenue,2023:,876711594521,16.36%
HP,Himachal Pradesh,revenue,2022:,753453477008,
HP,Himachal Pradesh,permits,Till Today,26716624,
HP,Himachal Pradesh,permits,2026:,741724,
HP,Himachal Pradesh,permits,2025:,4793503,16.99%
HP,Himachal Pradesh,permits,2024:,4097243,16.52%
HP,Himachal Pradesh,permits,2023:,3516328,60.00%
HP,Himachal Pradesh,permits,2022:,2197669,
HR,Haryana,registrations,Till Today,417663328,
HR,Haryana,registrations,2026:,4385834,
HR,Haryana,registrations,2025:,28253418,7.79%
HR,Haryana,registrations,2024:,26210514,9.17%
HR,Haryana,registrations,2023:,24009647,11.26%
HR,Haryana,registrations,2022:,21579546,
HR,Haryana,transactions,Till Today,1726904630,
HR,Haryana,transactions,2026:,15414033,
HR,Haryana,transactions,2025:,104042663,7.22%
HR,Haryana,transactions,2024:,97033695,7.83%
HR,Haryana,transactions,2023:,89984536,6.38%
HR,Haryana,transactions,2022:,84583979,
HR,Haryana,revenue,Till Today,9097891078269,
HR,Haryana,revenue,2026:,168025884671,
HR,Haryana,revenue,2025:,1058575135796,7.23%
HR,Haryana,revenue,2024:,987238756251,12.61%
HR,Haryana,revenue,2023:,876711594521,16.36%
HR,Haryana,revenue,2022:,753453477008,
HR,Haryana,permits,Till Today,26716624,
HR,Haryana,permits,2026:,741724,
HR,Haryana,permits,2025:,4793503,16.99%
HR,Haryana,permits,2024:,4097243,16.52%
HR,Haryana,permits,2023:,3516328,60.00%
HR,Haryana,permits,2022:,2197669,
JH,Jharkhand,registrations,Till Today,417663328,
JH,Jharkhand,registrations,2026:,4385834,
JH,Jharkhand,registrations,2025:,28253418,7.79%
JH,Jharkhand,registrations,2024:,26210514,9.17%
JH,Jharkhand,registrations,2023:,24009647,11.26%
JH,Jharkhand,registrations,2022:,21579546,
JH,Jharkhand,transactions,Till Today,1726904630,
JH,Jharkhand,transactions,2026:,15414033,
JH,Jharkhand,transactions,2025:,104042663,7.22%
JH,Jharkhand,transactions,2024:,97033695,7.83%
JH,Jharkhand,transactions,2023:,89984536,6.38%
JH,Jharkhand,transactions,2022:,84583979,
JH,Jharkhand,revenue,Till Today,9097891078269,
JH,Jharkhand,revenue,2026:,168025884671,
JH,Jharkhand,revenue,2025:,1058575135796,7.23%
JH,Jharkhand,revenue,2024:,987238756251,12.61%
JH,Jharkhand,revenue,2023:,876711594521,16.36%
JH,Jharkhand,revenue,2022:,753453477008,
JH,Jharkhand,permits,Till Today,26716624,
JH,Jharkhand,permits,2026:,741724,
JH,Jharkhand,permits,2025:,4793503,16.99%
JH,Jharkhand,permits,2024:,4097243,16.52%
JH,Jharkhand,permits,2023:,3516328,60.00%
JH,Jharkhand,permits,2022:,2197669,
JK,Jammu and Kashmir,registrations,Till Today,417663328,
JK,Jammu and Kashmir,registrations,2026:,4385834,
JK,Jammu and Kashmir,registrations,2025:,28253418,7.79%
JK,Jammu and Kashmir,registrations,2024:,26210514,9.17%
JK,Jammu and Kashmir,registrations,2023:,24009647,11.26%
JK,Jammu and Kashmir,registrations,2022:,21579546,
JK,Jammu and Kashmir,transactions,Till Today,1726904630,
JK,Jammu and Kashmir,transactions,2026:,15414033,
JK,Jammu and Kashmir,transactions,2025:,104042663,7.22%
JK,Jammu and Kashmir,transactions,2024:,97033695,7.83%
JK,Jammu and Kashmir,transactions,2023:,89984536,6.38%
JK,Jammu and Kashmir,transactions,2022:,84583979,
JK,Jammu and Kashmir,revenue,Till Today,9097891078269,
JK,Jammu and Kashmir,revenue,2026:,168025884671,
JK,Jammu and Kashmir,revenue,2025:,1058575135796,7.23%
JK,Jammu and Kashmir,revenue,2024:,987238756251,12.61%
JK,Jammu and Kashmir,revenue,2023:,876711594521,16.36%
JK,Jammu and Kashmir,revenue,2022:,753453477008,
JK,Jammu and Kashmir,permits,Till Today,26716624,
JK,Jammu and Kashmir,permits,2026:,741724,
JK,Jammu and Kashmir,permits,2025:,4793503,16.99%
JK,Jammu and Kashmir,permits,2024:,4097243,16.52%
JK,Jammu and Kashmir,permits,2023:,3516328,60.00%
JK,Jammu and Kashmir,permits,2022:,2197669,
KA,Karnataka,registrations,Till Today,417663328,
KA,Karnataka,registrations,2026:,4385834,
KA,Karnataka,registrations,2025:,28253418,7.79%
KA,Karnataka,registrations,2024:,26210514,9.17%
KA,Karnataka,registrations,2023:,24009647,11.26%
KA,Karnataka,registrations,2022:,21579546,
KA,Karnataka,transactions,Till Today,1726904630,
KA,Karnataka,transactions,2026:,15414033,
KA,Karnataka,transactions,2025:,104042663,7.22%
KA,Karnataka,transactions,2024:,97033695,7.83%
KA,Karnataka,transactions,2023:,89984536,6.38%
KA,Karnataka,transactions,2022:,84583979,
KA,Karnataka,revenue,Till Today,9097891078269,
KA,Karnataka,revenue,2026:,168025884671,
KA,Karnataka,revenue,2025:,1058575135796,7.23%
KA,Karnataka,revenue,2024:,987238756251,12.61%
KA,Karnataka,revenue,2023:,876711594521,16.36%
KA,Karnataka,revenue,2022:,753453477008,
KA,Karnataka,permits,Till Today,26716624,
KA,Karnataka,permits,2026:,741724,
KA,Karnataka,permits,2025:,4793503,16.99%
KA,Karnataka,permits,2024:,4097243,16.52%
KA,Karnataka,permits,2023:,3516328,60.00%
KA,Karnataka,permits,2022:,2197669,
KL,Kerala,registrations,Till Today,417663328,
KL,Kerala,registrations,2026:,4385834,
KL,Kerala,registrations,2025:,28253418,7.79%
KL,Kerala,registrations,2024:,26210514,9.17%
KL,Kerala,registrations,2023:,24009647,11.26%
KL,Kerala,registrations,2022:,21579546,
KL,Kerala,transactions,Till Today,1726904630,
KL,Kerala,transactions,2026:,15414033,
KL,Kerala,transactions,2025:,104042663,7.22%
KL,Kerala,transactions,2024:,97033695,7.83%
KL,Kerala,transactions,2023:,89984536,6.38%
KL,Kerala,transactions,2022:,84583979,
KL,Kerala,revenue,Till Today,9097891078269,
KL,Kerala,revenue,2026:,168025884671,
KL,Kerala,revenue,2025:,1058575135796,7.23%
KL,Kerala,revenue,2024:,987238756251,12.61%
KL,Kerala,revenue,2023:,876711594521,16.36%
KL,Kerala,revenue,2022:,753453477008,
KL,Kerala,permits,Till Today,26716624,
KL,Kerala,permits,2026:,741724,
KL,Kerala,permits,2025:,4793503,16.99%
KL,Kerala,permits,2024:,4097243,16.52%
KL,Kerala,permits,2023:,3516328,60.00%
KL,Kerala,permits,2022:,2197669,
LA,Ladakh,registrations,Till Today,417663328,
LA,Ladakh,registrations,2026:,4385834,
LA,Ladakh,registrations,2025:,28253418,7.79%
LA,Ladakh,registrations,2024:,26210514,9.17%
LA,Ladakh,registrations,2023:,24009647,11.26%
LA,Ladakh,registrations,2022:,21579546,
LA,Ladakh,transactions,Till Today,1726904630,
LA,Ladakh,transactions,2026:,15414033,
LA,Ladakh,transactions,2025:,104042663,7.22%
LA,Ladakh,transactions,2024:,97033695,7.83%
LA,Ladakh,transactions,2023:,89984536,6.38%
LA,Ladakh,transactions,2022:,84583979,
LA,Ladakh,revenue,Till Today,9097891078269,
LA,Ladakh,revenue,2026:,168025884671,
LA,Ladakh,revenue,2025:,1058575135796,7.23%
LA,Ladakh,revenue,2024:,987238756251,12.61%
LA,Ladakh,revenue,2023:,876711594521,16.36%
LA,Ladakh,revenue,2022:,753453477008,
LA,Ladakh,permits,Till Today,26716624,
LA,Ladakh,permits,2026:,741724,
LA,Ladakh,permits,2025:,4793503,16.99%
LA,Ladakh,permits,2024:,4097243,16.52%
LA,Ladakh,permits,2023:,3516328,60.00%
LA,Ladakh,permits,2022:,2197669,
LD,Lakshadweep,registrations,Till Today,417663328,
LD,Lakshadweep,registrations,2026:,4385834,
LD,Lakshadweep,registrations,2025:,28253418,7.79%
LD,Lakshadweep,registrations,2024:,26210514,9.17%
LD,Lakshadweep,registrations,2023:,24009647,11.26%
LD,Lakshadweep,registrations,2022:,21579546,
LD,Lakshadweep,transactions,Till Today,1726904630,
LD,Lakshadweep,transactions,2026:,15414033,
LD,Lakshadweep,transactions,2025:,104042663,7.22%
LD,Lakshadweep,transactions,2024:,97033695,7.83%
LD,Lakshadweep,transactions,2023:,89984536,6.38%
LD,Lakshadweep,transactions,2022:,84583979,
LD,Lakshadweep,revenue,Till Today,9097891078269,
LD,Lakshadweep,revenue,2026:,168025884671,
LD,Lakshadweep,revenue,2025:,1058575135796,7.23%
LD,Lakshadweep,revenue,2024:,987238756251,12.61%
LD,Lakshadweep,revenue,2023:,876711594521,16.36%
LD,Lakshadweep,revenue,2022:,753453477008,
LD,Lakshadweep,permits,Till Today,26716624,
LD,Lakshadweep,permits,2026:,741724,
LD,Lakshadweep,permits,2025:,4793503,16.99%
LD,Lakshadweep,permits,2024:,4097243,16.52%
LD,Lakshadweep,permits,2023:,3516328,60.00%
LD,Lakshadweep,permits,2022:,2197669,
MH,Maharashtra,registrations,Till Today,417663328,
MH,Maharashtra,registrations,2026:,4385834,
MH,Maharashtra,registrations,2025:,28253418,7.79%
MH,Maharashtra,registrations,2024:,26210514,9.17%
MH,Maharashtra,registrations,2023:,24009647,11.26%
MH,Maharashtra,registrations,2022:,21579546,
MH,Maharashtra,transactions,Till Today,1726904630,
MH,Maharashtra,transactions,2026:,15414033,
MH,Maharashtra,transactions,2025:,104042663,7.22%
MH,Maharashtra,transactions,2024:,97033695,7.83%
MH,Maharashtra,transactions,2023:,89984536,6.38%
MH,Maharashtra,transactions,2022:,84583979,
MH,Maharashtra,revenue,Till Today,9097891078269,
MH,Maharashtra,revenue,2026:,168025884671,
MH,Maharashtra,revenue,2025:,1058575135796,7.23%
MH,Maharashtra,revenue,2024:,987238756251,12.61%
MH,Maharashtra,revenue,2023:,876711594521,16.36%
MH,Maharashtra,revenue,2022:,753453477008,
MH,Maharashtra,permits,Till Today,26716624,
MH,Maharashtra,permits,2026:,741724,
MH,Maharashtra,permits,2025:,4793503,16.99%
MH,Maharashtra,permits,2024:,4097243,16.52%
MH,Maharashtra,permits,2023:,3516328,60.00%
MH,Maharashtra,permits,2022:,2197669,
ML,Meghalaya,registrations,Till Today,417663328,
ML,Meghalaya,registrations,2026:,4385834,
ML,Meghalaya,registrations,2025:,28253418,7.79%
ML,Meghalaya,registrations,2024:,26210514,9.17%
ML,Meghalaya,registrations,2023:,24009647,11.26%
ML,Meghalaya,registrations,2022:,21579546,
ML,Meghalaya,transactions,Till Today,1726904630,
ML,Meghalaya,transactions,2026:,15414033,
ML,Meghalaya,transactions,2025:,104042663,7.22%
ML,Meghalaya,transactions,2024:,97033695,7.83%
ML,Meghalaya,transactions,2023:,89984536,6.38%
ML,Meghalaya,transactions,2022:,84583979,
ML,Meghalaya,revenue,Till Today,9097891078269,
ML,Meghalaya,revenue,2026:,168025884671,
ML,Meghalaya,revenue,2025:,1058575135796,7.23%
ML,Meghalaya,revenue,2024:,987238756251,12.61%
ML,Meghalaya,revenue,2023:,876711594521,16.36%
ML,Meghalaya,revenue,2022:,753453477008,
ML,Meghalaya,permits,Till Today,26716624,
ML,Meghalaya,permits,2026:,741724,
ML,Meghalaya,permits,2025:,4793503,16.99%
ML,Meghalaya,permits,2024:,4097243,16.52%
ML,Meghalaya,permits,2023:,3516328,60.00%
ML,Meghalaya,permits,2022:,2197669,
MN,Manipur,registrations,Till Today,417663328,
MN,Manipur,registrations,2026:,4385834,
MN,Manipur,registrations,2025:,28253418,7.79%
MN,Manipur,registrations,2024:,26210514,9.17%
MN,Manipur,registrations,2023:,24009647,11.26%
MN,Manipur,registrations,2022:,21579546,
MN,Manipur,transactions,Till Today,1726904630,
MN,Manipur,transactions,2026:,15414033,
MN,Manipur,transactions,2025:,104042663,7.22%
MN,Manipur,transactions,2024:,97033695,7.83%
MN,Manipur,transactions,2023:,89984536,6.38%
MN,Manipur,transactions,2022:,84583979,
MN,Manipur,revenue,Till Today,9097891078269,
MN,Manipur,revenue,2026:,168025884671,
MN,Manipur,revenue,2025:,1058575135796,7.23%
MN,Manipur,revenue,2024:,987238756251,12.61%
MN,Manipur,revenue,2023:,876711594521,16.36%
MN,Manipur,revenue,2022:,753453477008,
MN,Manipur,permits,Till Today,26716624,
MN,Manipur,permits,2026:,741724,
MN,Manipur,permits,2025:,4793503,16.99%
MN,Manipur,permits,2024:,4097243,16.52%
MN,Manipur,permits,2023:,3516328,60.00%
MN,Manipur,permits,2022:,2197669,
MP,Madhya Pradesh,registrations,Till Today,417663328,
MP,Madhya Pradesh,registrations,2026:,4385834,
MP,Madhya Pradesh,registrations,2025:,28253418,7.79%
MP,Madhya Pradesh,registrations,2024:,26210514,9.17%
MP,Madhya Pradesh,registrations,2023:,24009647,11.26%
MP,Madhya Pradesh,registrations,2022:,21579546,
MP,Madhya Pradesh,transactions,Till Today,1726904630,
MP,Madhya Pradesh,transactions,2026:,15414033,
MP,Madhya Pradesh,transactions,2025:,104042663,7.22%
MP,Madhya Pradesh,transactions,2024:,97033695,7.83%
MP,Madhya Pradesh,transactions,2023:,89984536,6.38%
MP,Madhya Pradesh,transactions,2022:,84583979,
MP,Madhya Pradesh,revenue,Till Today,9097891078269,
MP,Madhya Pradesh,revenue,2026:,168025884671,
MP,Madhya Pradesh,revenue,2025:,1058575135796,7.23%
MP,Madhya Pradesh,revenue,2024:,987238756251,12.61%
MP,Madhya Pradesh,revenue,2023:,876711594521,16.36%
MP,Madhya Pradesh,revenue,2022:,753453477008,
MP,Madhya Pradesh,permits,Till Today,26716624,
MP,Madhya Pradesh,permits,2026:,741724,
MP,Madhya Pradesh,permits,2025:,4793503,16.99%
MP,Madhya Pradesh,permits,2024:,4097243,16.52%
MP,Madhya Pradesh,permits,2023:,3516328,60.00%
MP,Madhya Pradesh,permits,2022:,2197669,
MZ,Mizoram,registrations,Till Today,417663328,
MZ,Mizoram,registrations,2026:,4385834,
MZ,Mizoram,registrations,2025:,28253418,7.79%
MZ,Mizoram,registrations,2024:,26210514,9.17%
MZ,Mizoram,registrations,2023:,24009647,11.26%
MZ,Mizoram,registrations,2022:,21579546,
MZ,Mizoram,transactions,Till Today,1726904630,
MZ,Mizoram,transactions,2026:,15414033,
MZ,Mizoram,transactions,2025:,104042663,7.22%
MZ,Mizoram,transactions,2024:,97033695,7.83%
MZ,Mizoram,transactions,2023:,89984536,6.38%
MZ,Mizoram,transactions,2022:,84583979,
MZ,Mizoram,revenue,Till Today,9097891078269,
MZ,Mizoram,revenue,2026:,168025884671,
MZ,Mizoram,revenue,2025:,1058575135796,7.23%
MZ,Mizoram,revenue,2024:,987238756251,12.61%
MZ,Mizoram,revenue,2023:,876711594521,16.36%
MZ,Mizoram,revenue,2022:,753453477008,
MZ,Mizoram,permits,Till Today,26716624,
MZ,Mizoram,permits,2026:,741724,
MZ,Mizoram,permits,2025:,4793503,16.99%
MZ,Mizoram,permits,2024:,4097243,16.52%
MZ,Mizoram,permits,2023:,3516328,60.00%
MZ,Mizoram,permits,2022:,2197669,
NL,Nagaland,registrations,Till Today,417663328,
NL,Nagaland,registrations,2026:,4385834,
NL,Nagaland,registrations,2025:,28253418,7.79%
NL,Nagaland,registrations,2024:,26210514,9.17%
NL,Nagaland,registrations,2023:,24009647,11.26%
NL,Nagaland,registrations,2022:,21579546,
NL,Nagaland,transactions,Till Today,1726904630,
NL,Nagaland,transactions,2026:,15414033,
NL,Nagaland,transactions,2025:,104042663,7.22%
NL,Nagaland,transactions,2024:,97033695,7.83%
NL,Nagaland,transactions,2023:,89984536,6.38%
NL,Nagaland,transactions,2022:,84583979,
NL,Nagaland,revenue,Till Today,9097891078269,
NL,Nagaland,revenue,2026:,168025884671,
NL,Nagaland,revenue,2025:,1058575135796,7.23%
NL,Nagaland,revenue,2024:,987238756251,12.61%
NL,Nagaland,revenue,2023:,876711594521,16.36%
NL,Nagaland,revenue,2022:,753453477008,
NL,Nagaland,permits,Till Today,26716624,
NL,Nagaland,permits,2026:,741724,
NL,Nagaland,permits,2025:,4793503,16.99%
NL,Nagaland,permits,2024:,4097243,16.52%
NL,Nagaland,permits,2023:,3516328,60.00%
NL,Nagaland,permits,2022:,2197669,
OR,Odisha,registrations,Till Today,417663328,
OR,Odisha,registrations,2026:,4385834,
OR,Odisha,registrations,2025:,28253418,7.79%
OR,Odisha,registrations,2024:,26210514,9.17%
OR,Odisha,registrations,2023:,24009647,11.26%
OR,Odisha,registrations,2022:,21579546,
OR,Odisha,transactions,Till Today,1726904630,
OR,Odisha,transactions,2026:,15414033,
OR,Odisha,transactions,2025:,104042663,7.22%
OR,Odisha,transactions,2024:,97033695,7.83%
OR,Odisha,transactions,2023:,89984536,6.38%
OR,Odisha,transactions,2022:,84583979,
OR,Odisha,revenue,Till Today,9097891078269,
OR,Odisha,revenue,2026:,168025884671,
OR,Odisha,revenue,2025:,1058575135796,7.23%
OR,Odisha,revenue,2024:,987238756251,12.61%
OR,Odisha,revenue,2023:,876711594521,16.36%
OR,Odisha,revenue,2022:,753453477008,
OR,Odisha,permits,Till Today,26716624,
OR,Odisha,permits,2026:,741724,
OR,Odisha,permits,2025:,4793503,16.99%
OR,Odisha,permits,2024:,4097243,16.52%
OR,Odisha,permits,2023:,3516328,60.00%
OR,Odisha,permits,2022:,2197669,
PB,Punjab,registrations,Till Today,417663328,
PB,Punjab,registrations,2026:,4385834,
PB,Punjab,registrations,2025:,28253418,7.79%
PB,Punjab,registrations,2024:,26210514,9.17%
PB,Punjab,registrations,2023:,24009647,11.26%
PB,Punjab,registrations,2022:,21579546,
PB,Punjab,transactions,Till Today,1726904630,
PB,Punjab,transactions,2026:,15414033,
PB,Punjab,transactions,2025:,104042663,7.22%
PB,Punjab,transactions,2024:,97033695,7.83%
PB,Punjab,transactions,2023:,89984536,6.38%
PB,Punjab,transactions,2022:,84583979,
PB,Punjab,revenue,Till Today,9097891078269,
PB,Punjab,revenue,2026:,168025884671,
PB,Punjab,revenue,2025:,1058575135796,7.23%
PB,Punjab,revenue,2024:,987238756251,12.61%
PB,Punjab,revenue,2023:,876711594521,16.36%
PB,Punjab,revenue,2022:,753453477008,
PB,Punjab,permits,Till Today,26716624,
PB,Punjab,permits,2026:,741724,
PB,Punjab,permits,2025:,4793503,16.99%
PB,Punjab,permits,2024:,4097243,16.52%
PB,Punjab,permits,2023:,3516328,60.00%
PB,Punjab,permits,2022:,2197669,
PY,Puducherry,registrations,Till Today,417663328,
PY,Puducherry,registrations,2026:,4385834,
PY,Puducherry,registrations,2025:,28253418,7.79%
PY,Puducherry,registrations,2024:,26210514,9.17%
PY,Puducherry,registrations,2023:,24009647,11.26%
PY,Puducherry,registrations,2022:,21579546,
PY,Puducherry,transactions,Till Today,1726904630,
PY,Puducherry,transactions,2026:,15414033,
PY,Puducherry,transactions,2025:,104042663,7.22%
PY,Puducherry,transactions,2024:,97033695,7.83%
PY,Puducherry,transactions,2023:,89984536,6.38%
PY,Puducherry,transactions,2022:,84583979,
PY,Puducherry,revenue,Till Today,9097891078269,
PY,Puducherry,revenue,2026:,168025884671,
PY,Puducherry,revenue,2025:,1058575135796,7.23%
PY,Puducherry,revenue,2024:,987238756251,12.61%
PY,Puducherry,revenue,2023:,876711594521,16.36%
PY,Puducherry,revenue,2022:,753453477008,
PY,Puducherry,permits,Till Today,26716624,
PY,Puducherry,permits,2026:,741724,
PY,Puducherry,permits,2025:,4793503,16.99%
PY,Puducherry,permits,2024:,4097243,16.52%
PY,Puducherry,permits,2023:,3516328,60.00%
PY,Puducherry,permits,2022:,2197669,
RJ,Rajasthan,registrations,Till Today,417663328,
RJ,Rajasthan,registrations,2026:,4385834,
RJ,Rajasthan,registrations,2025:,28253418,7.79%
RJ,Rajasthan,registrations,2024:,26210514,9.17%
RJ,Rajasthan,registrations,2023:,24009647,11.26%
RJ,Rajasthan,registrations,2022:,21579546,
RJ,Rajasthan,transactions,Till Today,1726904630,
RJ,Rajasthan,transactions,2026:,15414033,
RJ,Rajasthan,transactions,2025:,104042663,7.22%
RJ,Rajasthan,transactions,2024:,97033695,7.83%
RJ,Rajasthan,transactions,2023:,89984536,6.38%
RJ,Rajasthan,transactions,2022:,84583979,
RJ,Rajasthan,revenue,Till Today,9097891078269,
RJ,Rajasthan,revenue,2026:,168025884671,
RJ,Rajasthan,revenue,2025:,1058575135796,7.23%
RJ,Rajasthan,revenue,2024:,987238756251,12.61%
RJ,Rajasthan,revenue,2023:,876711594521,16.36%
RJ,Rajasthan,revenue,2022:,753453477008,
RJ,Rajasthan,permits,Till Today,26716624,
RJ,Rajasthan,permits,2026:,741724,
RJ,Rajasthan,permits,2025:,4793503,16.99%
RJ,Rajasthan,permits,2024:,4097243,16.52%
RJ,Rajasthan,permits,2023:,3516328,60.00%
RJ,Rajasthan,permits,2022:,2197669,
SK,Sikkim,registrations,Till Today,417663328,
SK,Sikkim,registrations,2026:,4385834,
SK,Sikkim,registrations,2025:,28253418,7.79%
SK,Sikkim,registrations,2024:,26210514,9.17%
SK,Sikkim,registrations,2023:,24009647,11.26%
SK,Sikkim,registrations,2022:,21579546,
SK,Sikkim,transactions,Till Today,1726904630,
SK,Sikkim,transactions,2026:,15414033,
SK,Sikkim,transactions,2025:,104042663,7.22%
SK,Sikkim,transactions,2024:,97033695,7.83%
SK,Sikkim,transactions,2023:,89984536,6.38%
SK,Sikkim,transactions,2022:,84583979,
SK,Sikkim,revenue,Till Today,9097891078269,
SK,Sikkim,revenue,2026:,168025884671,
SK,Sikkim,revenue,2025:,1058575135796,7.23%
SK,Sikkim,revenue,2024:,987238756251,12.61%
SK,Sikkim,revenue,2023:,876711594521,16.36%
SK,Sikkim,revenue,2022:,753453477008,
SK,Sikkim,permits,Till Today,26716624,
SK,Sikkim,permits,2026:,741724,
SK,Sikkim,permits,2025:,4793503,16.99%
SK,Sikkim,permits,2024:,4097243,16.52%
SK,Sikkim,permits,2023:,3516328,60.00%
SK,Sikkim,permits,2022:,2197669,
TN,Tamil Nadu,registrations,Till Today,417663328,
TN,Tamil Nadu,registrations,2026:,4385834,
TN,Tamil Nadu,registrations,2025:,28253418,7.79%
TN,Tamil Nadu,registrations,2024:,26210514,9.17%
TN,Tamil Nadu,registrations,2023:,24009647,11.26%
TN,Tamil Nadu,registrations,2022:,21579546,
TN,Tamil Nadu,transactions,Till Today,1726904630,
TN,Tamil Nadu,transactions,2026:,15414033,
TN,Tamil Nadu,transactions,2025:,104042663,7.22%
TN,Tamil Nadu,transactions,2024:,97033695,7.83%
TN,Tamil Nadu,transactions,2023:,89984536,6.38%
TN,Tamil Nadu,transactions,2022:,84583979,
TN,Tamil Nadu,revenue,Till Today,9097891078269,
TN,Tamil Nadu,revenue,2026:,168025884671,
TN,Tamil Nadu,revenue,2025:,1058575135796,7.23%
TN,Tamil Nadu,revenue,2024:,987238756251,12.61%
TN,Tamil Nadu,revenue,2023:,876711594521,16.36%
TN,Tamil Nadu,revenue,2022:,753453477008,
TN,Tamil Nadu,permits,Till Today,26716624,
TN,Tamil Nadu,permits,2026:,741724,
TN,Tamil Nadu,permits,2025:,4793503,16.99%
TN,Tamil Nadu,permits,2024:,4097243,16.52%
TN,Tamil Nadu,permits,2023:,3516328,60.00%
TN,Tamil Nadu,permits,2022:,2197669,
TR,Tripura,registrations,Till Today,417663328,
TR,Tripura,registrations,2026:,4385834,
TR,Tripura,registrations,2025:,28253418,7.79%
TR,Tripura,registrations,2024:,26210514,9.17%
TR,Tripura,registrations,2023:,24009647,11.26%
TR,Tripura,registrations,2022:,21579546,
TR,Tripura,transactions,Till Today,1726904630,
TR,Tripura,transactions,2026:,15414033,
TR,Tripura,transactions,2025:,104042663,7.22%
TR,Tripura,transactions,2024:,97033695,7.83%
TR,Tripura,transactions,2023:,89984536,6.38%
TR,Tripura,transactions,2022:,84583979,
TR,Tripura,revenue,Till Today,9097891078269,
TR,Tripura,revenue,2026:,168025884671,
TR,Tripura,revenue,2025:,1058575135796,7.23%
TR,Tripura,revenue,2024:,987238756251,12.61%
TR,Tripura,revenue,2023:,876711594521,16.36%
TR,Tripura,revenue,2022:,753453477008,
TR,Tripura,permits,Till Today,26716624,
TR,Tripura,permits,2026:,741724,
TR,Tripura,permits,2025:,4793503,16.99%
TR,Tripura,permits,2024:,4097243,16.52%
TR,Tripura,permits,2023:,3516328,60.00%
TR,Tripura,permits,2022:,2197669,
UK,Uttarakhand,registrations,Till Today,417663328,
UK,Uttarakhand,registrations,2026:,4385834,
UK,Uttarakhand,registrations,2025:,28253418,7.79%
UK,Uttarakhand,registrations,2024:,26210514,9.17%
UK,Uttarakhand,registrations,2023:,24009647,11.26%
UK,Uttarakhand,registrations,2022:,21579546,
UK,Uttarakhand,transactions,Till Today,1726904630,
UK,Uttarakhand,transactions,2026:,15414033,
UK,Uttarakhand,transactions,2025:,104042663,7.22%
UK,Uttarakhand,transactions,2024:,97033695,7.83%
UK,Uttarakhand,transactions,2023:,89984536,6.38%
UK,Uttarakhand,transactions,2022:,84583979,
UK,Uttarakhand,revenue,Till Today,9097891078269,
UK,Uttarakhand,revenue,2026:,168025884671,
UK,Uttarakhand,revenue,2025:,1058575135796,7.23%
UK,Uttarakhand,revenue,2024:,987238756251,12.61%
UK,Uttarakhand,revenue,2023:,876711594521,16.36%
UK,Uttarakhand,revenue,2022:,753453477008,
UK,Uttarakhand,permits,Till Today,26716624,
UK,Uttarakhand,permits,2026:,741724,
UK,Uttarakhand,permits,2025:,4793503,16.99%
UK,Uttarakhand,permits,2024:,4097243,16.52%
UK,Uttarakhand,permits,2023:,3516328,60.00%
UK,Uttarakhand,permits,2022:,2197669,
UP,Uttar Pradesh,registrations,Till Today,417663328,
UP,Uttar Pradesh,registrations,2026:,4385834,
UP,Uttar Pradesh,registrations,2025:,28253418,7.79%
UP,Uttar Pradesh,registrations,2024:,26210514,9.17%
UP,Uttar Pradesh,registrations,2023:,24009647,11.26%
UP,Uttar Pradesh,registrations,2022:,21579546,
UP,Uttar Pradesh,transactions,Till Today,1726904630,
UP,Uttar Pradesh,transactions,2026:,15414033,
UP,Uttar Pradesh,transactions,2025:,104042663,7.22%
UP,Uttar Pradesh,transactions,2024:,97033695,7.83%
UP,Uttar Pradesh,transactions,2023:,89984536,6.38%
UP,Uttar Pradesh,transactions,2022:,84583979,
UP,Uttar Pradesh,revenue,Till Today,9097891078269,
UP,Uttar Pradesh,revenue,2026:,168025884671,
UP,Uttar Pradesh,revenue,2025:,1058575135796,7.23%
UP,Uttar Pradesh,revenue,2024:,987238756251,12.61%
UP,Uttar Pradesh,revenue,2023:,876711594521,16.36%
UP,Uttar Pradesh,revenue,2022:,753453477008,
UP,Uttar Pradesh,permits,Till Today,26716624,
UP,Uttar Pradesh,permits,2026:,741724,
UP,Uttar Pradesh,permits,2025:,4793503,16.99%
UP,Uttar Pradesh,permits,2024:,4097243,16.52%
UP,Uttar Pradesh,permits,2023:,3516328,60.00%
UP,Uttar Pradesh,permits,2022:,2197669,
WB,West Bengal,registrations,Till Today,417663328,
WB,West Bengal,registrations,2026:,4385834,
WB,West Bengal,registrations,2025:,28253418,7.79%
WB,West Bengal,registrations,2024:,26210514,9.17%
WB,West Bengal,registrations,2023:,24009647,11.26%
WB,West Bengal,registrations,2022:,21579546,
WB,West Bengal,transactions,Till Today,1726904630,
WB,West Bengal,transactions,2026:,15414033,
WB,West Bengal,transactions,2025:,104042663,7.22%
WB,West Bengal,transactions,2024:,97033695,7.83%
WB,West Bengal,transactions,2023:,89984536,6.38%
WB,West Bengal,transactions,2022:,84583979,
WB,West Bengal,revenue,Till Today,9097891078269,
WB,West Bengal,revenue,2026:,168025884671,
WB,West Bengal,revenue,2025:,1058575135796,7.23%
WB,West Bengal,revenue,2024:,987238756251,12.61%
WB,West Bengal,revenue,2023:,876711594521,16.36%
WB,West Bengal,revenue,2022:,753453477008,
WB,West Bengal,permits,Till Today,26716624,
WB,West Bengal,permits,2026:,741724,
WB,West Bengal,permits,2025:,4793503,16.99%
WB,West Bengal,permits,2024:,4097243,16.52%
WB,West Bengal,permits,2023:,3516328,60.00%
WB,West Bengal,permits,2022:,2197669,
