S No,Fuel,State,Year,Month,Value
1,CNG ONLY,All Vahan4 Running States (35/36),2026,JAN,"46,377"
2,DIESEL,All Vahan4 Running States (35/36),2026,JAN,"3,16,192"
3,DIESEL/HYBRID,All Vahan4 Running States (35/36),2026,JAN,"1,010"
4,ELECTRIC(BOV),All Vahan4 Running States (35/36),2026,JAN,"52,012"
5,ETHANOL,All Vahan4 Running States (35/36),2026,JAN,7
6,FLEX-FUEL(BIO-DIESEL),All Vahan4 Running States (35/36),2026,JAN,4
7,LNG,All Vahan4 Running States (35/36),2026,JAN,57
8,LPG ONLY,All Vahan4 Running States (35/36),2026,JAN,"3,075"
9,NOT APPLICABLE,All Vahan4 Running States (35/36),2026,JAN,"7,419"
10,PETROL,All Vahan4 Running States (35/36),2026,JAN,"6,65,404"
11,PETROL/CNG,All Vahan4 Running States (35/36),2026,JAN,"29,792"
12,PETROL(E20)/CNG,All Vahan4 Running States (35/36),2026,JAN,"88,790"
13,PETROL(E20)/HYBRID,All Vahan4 Running States (35/36),2026,JAN,"26,717"
14,PETROL(E20)/HYBRID/CNG,All Vahan4 Running States (35/36),2026,JAN,8
15,PETROL(E20)/LPG,All Vahan4 Running States (35/36),2026,JAN,157
16,PETROL/ETHANOL,All Vahan4 Running States (35/36),2026,JAN,"13,17,896"
17,PETROL/HYBRID,All Vahan4 Running States (35/36),2026,JAN,"7,849"
18,PETROL/HYBRID/CNG,All Vahan4 Running States (35/36),2026,JAN,3
19,PETROL/LPG,All Vahan4 Running States (35/36),2026,JAN,211
20,PLUG-IN HYBRID EV,All Vahan4 Running States (35/36),2026,JAN,5
21,PURE EV,All Vahan4 Running States (35/36),2026,JAN,"1,68,043"
22,STRONG HYBRID EV,All Vahan4 Running States (35/36),2026,JAN,"11,408"
1,CNG ONLY,All Vahan4 Running States (35/36),2026,FEB,"30,856"
2,DIESEL,All Vahan4 Running States (35/36),2026,FEB,"2,01,259"
3,DIESEL/HYBRID,All Vahan4 Running States (35/36),2026,FEB,697
4,ELECTRIC(BOV),All Vahan4 Running States (35/36),2026,FEB,"32,130"
5,ETHANOL,All Vahan4 Running States (35/36),2026,FEB,4
6,FLEX-FUEL(BIO-DIESEL),All Vahan4 Running States (35/36),2026,FEB,0
7,LNG,All Vahan4 Running States (35/36),2026,FEB,4
8,LPG ONLY,All Vahan4 Running States (35/36),2026,FEB,"2,311"
9,NOT APPLICABLE,All Vahan4 Running States (35/36),2026,FEB,"5,079"
10,PETROL,All Vahan4 Running States (35/36),2026,FEB,"4,55,464"
11,PETROL/CNG,All Vahan4 Running States (35/36),2026,FEB,"12,137"
12,PETROL(E20)/CNG,All Vahan4 Running States (35/36),2026,FEB,"53,935"
13,PETROL(E20)/HYBRID,All Vahan4 Running States (35/36),2026,FEB,"13,032"
14,PETROL(E20)/HYBRID/CNG,All Vahan4 Running States (35/36),2026,FEB,0
15,PETROL(E20)/LPG,All Vahan4 Running States (35/36),2026,FEB,5
16,PETROL/ETHANOL,All Vahan4 Running States (35/36),2026,FEB,"8,77,886"
17,PETROL/HYBRID,All Vahan4 Running States (35/36),2026,FEB,"3,685"
18,PETROL/HYBRID/CNG,All Vahan4 Running States (35/36),2026,FEB,0
19,PETROL/LPG,All Vahan4 Running States (35/36),2026,FEB,8
20,PLUG-IN HYBRID EV,All Vahan4 Running States (35/36),2026,FEB,1
21,PURE EV,All Vahan4 Running States (35/36),2026,FEB,"1,09,149"
22,STRONG HYBRID EV,All Vahan4 Running States (35/36),2026,FEB,"6,326"
1,DIESEL,Andaman & Nicobar Island(3),2026,JAN,57
2,PETROL,Andaman & Nicobar Island(3),2026,JAN,270
3,PETROL/CNG,Andaman & Nicobar Island(3),2026,JAN,3
4,PETROL(E20)/CNG,Andaman & Nicobar Island(3),2026,JAN,1
5,PETROL(E20)/HYBRID,Andaman & Nicobar Island(3),2026,JAN,20
6,PETROL/ETHANOL,Andaman & Nicobar Island(3),2026,JAN,694
7,PETROL/HYBRID,Andaman & Nicobar Island(3),2026,JAN,5
8,PURE EV,Andaman & Nicobar Island(3),2026,JAN,10
9,STRONG HYBRID EV,Andaman & Nicobar Island(3),2026,JAN,5
1,DIESEL,Andaman & Nicobar Island(3),2026,FEB,46
2,PETROL,Andaman & Nicobar Island(3),2026,FEB,157
3,PETROL/CNG,Andaman & Nicobar Island(3),2026,FEB,0
4,PETROL(E20)/CNG,Andaman & Nicobar Island(3),2026,FEB,0
5,PETROL(E20)/HYBRID,Andaman & Nicobar Island(3),2026,FEB,26
6,PETROL/ETHANOL,Andaman & Nicobar Island(3),2026,FEB,393
7,PETROL/HYBRID,Andaman & Nicobar Island(3),2026,FEB,5
8,PURE EV,Andaman & Nicobar Island(3),2026,FEB,10
9,STRONG HYBRID EV,Andaman & Nicobar Island(3),2026,FEB,0
1,CNG ONLY,Andhra Pradesh(84),2026,JAN,669
2,DIESEL,Andhra Pradesh(84),2026,JAN,"8,976"
3,DIESEL/HYBRID,Andhra Pradesh(84),2026,JAN,24
4,ELECTRIC(BOV),Andhra Pradesh(84),2026,JAN,493
5,ETHANOL,Andhra Pradesh(84),2026,JAN,1
6,NOT APPLICABLE,Andhra Pradesh(84),2026,JAN,508
7,PETROL,Andhra Pradesh(84),2026,JAN,"16,335"
8,PETROL/CNG,Andhra Pradesh(84),2026,JAN,164
9,PETROL(E20)/CNG,Andhra Pradesh(84),2026,JAN,851
10,PETROL(E20)/HYBRID,Andhra Pradesh(84),2026,JAN,591
11,PETROL/ETHANOL,Andhra Pradesh(84),2026,JAN,"37,897"
12,PETROL/HYBRID,Andhra Pradesh(84),2026,JAN,137
13,PURE EV,Andhra Pradesh(84),2026,JAN,"4,730"
14,STRONG HYBRID EV,Andhra Pradesh(84),2026,JAN,168
1,CNG ONLY,Andhra Pradesh(84),2026,FEB,835
2,DIESEL,Andhra Pradesh(84),2026,FEB,"8,979"
3,DIESEL/HYBRID,Andhra Pradesh(84),2026,FEB,14
4,ELECTRIC(BOV),Andhra Pradesh(84),2026,FEB,567
5,ETHANOL,Andhra Pradesh(84),2026,FEB,0
6,NOT APPLICABLE,Andhra Pradesh(84),2026,FEB,596
7,PETROL,Andhra Pradesh(84),2026,FEB,"15,224"
8,PETROL/CNG,Andhra Pradesh(84),2026,FEB,76
9,PETROL(E20)/CNG,Andhra Pradesh(84),2026,FEB,518
10,PETROL(E20)/HYBRID,Andhra Pradesh(84),2026,FEB,346
11,PETROL/ETHANOL,Andhra Pradesh(84),2026,FEB,"33,767"
12,PETROL/HYBRID,Andhra Pradesh(84),2026,FEB,77
13,PURE EV,Andhra Pradesh(84),2026,FEB,"4,596"
14,STRONG HYBRID EV,Andhra Pradesh(84),2026,FEB,117
1,DIESEL,Arunachal Pradesh(29),2026,JAN,926
2,DIESEL/HYBRID,Arunachal Pradesh(29),2026,JAN,9
3,ELECTRIC(BOV),Arunachal Pradesh(29),2026,JAN,3
4,NOT APPLICABLE,Arunachal Pradesh(29),2026,JAN,10
5,PETROL,Arunachal Pradesh(29),2026,JAN,432
6,PETROL/CNG,Arunachal Pradesh(29),2026,JAN,2
7,PETROL(E20)/HYBRID,Arunachal Pradesh(29),2026,JAN,129
8,PETROL/ETHANOL,Arunachal Pradesh(29),2026,JAN,"1,902"
9,PETROL/HYBRID,Arunachal Pradesh(29),2026,JAN,40
10,PETROL/LPG,Arunachal Pradesh(29),2026,JAN,0
11,PURE EV,Arunachal Pradesh(29),2026,JAN,9
12,STRONG HYBRID EV,Arunachal Pradesh(29),2026,JAN,15
1,DIESEL,Arunachal Pradesh(29),2026,FEB,785
2,DIESEL/HYBRID,Arunachal Pradesh(29),2026,FEB,7
3,ELECTRIC(BOV),Arunachal Pradesh(29),2026,FEB,0
4,NOT APPLICABLE,Arunachal Pradesh(29),2026,FEB,9
5,PETROL,Arunachal Pradesh(29),2026,FEB,339
6,PETROL/CNG,Arunachal Pradesh(29),2026,FEB,1
7,PETROL(E20)/HYBRID,Arunachal Pradesh(29),2026,FEB,110
8,PETROL/ETHANOL,Arunachal Pradesh(29),2026,FEB,"1,222"
9,PETROL/HYBRID,Arunachal Pradesh(29),2026,FEB,15
10,PETROL/LPG,Arunachal Pradesh(29),2026,FEB,1
11,PURE EV,Arunachal Pradesh(29),2026,FEB,3
12,STRONG HYBRID EV,Arunachal Pradesh(29),2026,FEB,9
1,CNG ONLY,Assam(33),2026,JAN,24
2,DIESEL,Assam(33),2026,JAN,"3,081"
3,DIESEL/HYBRID,Assam(33),2026,JAN,4
4,ELECTRIC(BOV),Assam(33),2026,JAN,"3,010"
5,NOT APPLICABLE,Assam(33),2026,JAN,29
6,PETROL,Assam(33),2026,JAN,"11,773"
7,PETROL/CNG,Assam(33),2026,JAN,9
8,PETROL(E20)/CNG,Assam(33),2026,JAN,25
9,PETROL(E20)/HYBRID,Assam(33),2026,JAN,610
10,PETROL/ETHANOL,Assam(33),2026,JAN,"31,384"
11,PETROL/HYBRID,Assam(33),2026,JAN,91
12,PURE EV,Assam(33),2026,JAN,"4,105"
13,STRONG HYBRID EV,Assam(33),2026,JAN,38
1,CNG ONLY,Assam(33),2026,FEB,23
2,DIESEL,Assam(33),2026,FEB,"2,143"
3,DIESEL/HYBRID,Assam(33),2026,FEB,8
4,ELECTRIC(BOV),Assam(33),2026,FEB,"2,506"
5,NOT APPLICABLE,Assam(33),2026,FEB,21
6,PETROL,Assam(33),2026,FEB,"6,674"
7,PETROL/CNG,Assam(33),2026,FEB,8
8,PETROL(E20)/CNG,Assam(33),2026,FEB,18
9,PETROL(E20)/HYBRID,Assam(33),2026,FEB,393
10,PETROL/ETHANOL,Assam(33),2026,FEB,"20,874"
11,PETROL/HYBRID,Assam(33),2026,FEB,43
12,PURE EV,Assam(33),2026,FEB,"3,309"
13,STRONG HYBRID EV,Assam(33),2026,FEB,38
1,CNG ONLY,Bihar(48),2026,JAN,"2,070"
2,DIESEL,Bihar(48),2026,JAN,"9,607"
3,DIESEL/HYBRID,Bihar(48),2026,JAN,13
4,ELECTRIC(BOV),Bihar(48),2026,JAN,"4,524"
5,ETHANOL,Bihar(48),2026,JAN,0
6,LPG ONLY,Bihar(48),2026,JAN,307
7,NOT APPLICABLE,Bihar(48),2026,JAN,776
8,PETROL,Bihar(48),2026,JAN,"33,441"
9,PETROL/CNG,Bihar(48),2026,JAN,752
10,PETROL(E20)/CNG,Bihar(48),2026,JAN,"2,156"
11,PETROL(E20)/HYBRID,Bihar(48),2026,JAN,639
12,PETROL/ETHANOL,Bihar(48),2026,JAN,"58,002"
13,PETROL/HYBRID,Bihar(48),2026,JAN,126
14,PURE EV,Bihar(48),2026,JAN,"6,519"
15,STRONG HYBRID EV,Bihar(48),2026,JAN,54
1,CNG ONLY,Bihar(48),2026,FEB,"1,565"
2,DIESEL,Bihar(48),2026,FEB,"6,031"
3,DIESEL/HYBRID,Bihar(48),2026,FEB,6
4,ELECTRIC(BOV),Bihar(48),2026,FEB,"2,998"
5,ETHANOL,Bihar(48),2026,FEB,2
6,LPG ONLY,Bihar(48),2026,FEB,197
7,NOT APPLICABLE,Bihar(48),2026,FEB,530
8,PETROL,Bihar(48),2026,FEB,"25,953"
9,PETROL/CNG,Bihar(48),2026,FEB,384
10,PETROL(E20)/CNG,Bihar(48),2026,FEB,"1,578"
11,PETROL(E20)/HYBRID,Bihar(48),2026,FEB,371
12,PETROL/ETHANOL,Bihar(48),2026,FEB,"48,411"
13,PETROL/HYBRID,Bihar(48),2026,FEB,65
14,PURE EV,Bihar(48),2026,FEB,"4,230"
15,STRONG HYBRID EV,Bihar(48),2026,FEB,38
1,CNG ONLY,Chhattisgarh(31),2026,JAN,49
2,DIESEL,Chhattisgarh(31),2026,JAN,"10,427"
3,DIESEL/HYBRID,Chhattisgarh(31),2026,JAN,18
4,ELECTRIC(BOV),Chhattisgarh(31),2026,JAN,582
5,ETHANOL,Chhattisgarh(31),2026,JAN,2
6,NOT APPLICABLE,Chhattisgarh(31),2026,JAN,"1,376"
7,PETROL,Chhattisgarh(31),2026,JAN,"17,350"
8,PETROL/CNG,Chhattisgarh(31),2026,JAN,48
9,PETROL(E20)/CNG,Chhattisgarh(31),2026,JAN,96
10,PETROL(E20)/HYBRID,Chhattisgarh(31),2026,JAN,"1,877"
11,PETROL/ETHANOL,Chhattisgarh(31),2026,JAN,"39,006"
12,PETROL/HYBRID,Chhattisgarh(31),2026,JAN,190
13,PURE EV,Chhattisgarh(31),2026,JAN,"3,699"
14,STRONG HYBRID EV,Chhattisgarh(31),2026,JAN,210
1,CNG ONLY,Chhattisgarh(31),2026,FEB,29
2,DIESEL,Chhattisgarh(31),2026,FEB,"7,225"
3,DIESEL/HYBRID,Chhattisgarh(31),2026,FEB,25
4,ELECTRIC(BOV),Chhattisgarh(31),2026,FEB,345
5,ETHANOL,Chhattisgarh(31),2026,FEB,0
6,NOT APPLICABLE,Chhattisgarh(31),2026,FEB,660
7,PETROL,Chhattisgarh(31),2026,FEB,"12,470"
8,PETROL/CNG,Chhattisgarh(31),2026,FEB,19
9,PETROL(E20)/CNG,Chhattisgarh(31),2026,FEB,68
10,PETROL(E20)/HYBRID,Chhattisgarh(31),2026,FEB,"1,285"
11,PETROL/ETHANOL,Chhattisgarh(31),2026,FEB,"26,167"
12,PETROL/HYBRID,Chhattisgarh(31),2026,FEB,116
13,PURE EV,Chhattisgarh(31),2026,FEB,"2,489"
14,STRONG HYBRID EV,Chhattisgarh(31),2026,FEB,188
1,CNG ONLY,Chandigarh(1),2026,JAN,12
2,DIESEL,Chandigarh(1),2026,JAN,545
3,DIESEL/HYBRID,Chandigarh(1),2026,JAN,29
4,ELECTRIC(BOV),Chandigarh(1),2026,JAN,97
5,ETHANOL,Chandigarh(1),2026,JAN,1
6,PETROL,Chandigarh(1),2026,JAN,869
7,PETROL/CNG,Chandigarh(1),2026,JAN,23
8,PETROL(E20)/CNG,Chandigarh(1),2026,JAN,59
9,PETROL(E20)/HYBRID,Chandigarh(1),2026,JAN,133
10,PETROL/ETHANOL,Chandigarh(1),2026,JAN,"2,358"
11,PETROL/HYBRID,Chandigarh(1),2026,JAN,67
12,PLUG-IN HYBRID EV,Chandigarh(1),2026,JAN,0
13,PURE EV,Chandigarh(1),2026,JAN,426
14,STRONG HYBRID EV,Chandigarh(1),2026,JAN,160
1,CNG ONLY,Chandigarh(1),2026,FEB,9
2,DIESEL,Chandigarh(1),2026,FEB,324
3,DIESEL/HYBRID,Chandigarh(1),2026,FEB,13
4,ELECTRIC(BOV),Chandigarh(1),2026,FEB,65
5,ETHANOL,Chandigarh(1),2026,FEB,0
6,PETROL,Chandigarh(1),2026,FEB,487
7,PETROL/CNG,Chandigarh(1),2026,FEB,15
8,PETROL(E20)/CNG,Chandigarh(1),2026,FEB,33
9,PETROL(E20)/HYBRID,Chandigarh(1),2026,FEB,61
10,PETROL/ETHANOL,Chandigarh(1),2026,FEB,"1,638"
11,PETROL/HYBRID,Chandigarh(1),2026,FEB,31
12,PLUG-IN HYBRID EV,Chandigarh(1),2026,FEB,1
13,PURE EV,Chandigarh(1),2026,FEB,209
14,STRONG HYBRID EV,Chandigarh(1),2026,FEB,91
1,CNG ONLY,UT of DNH and DD(3),2026,JAN,12
2,DIESEL,UT of DNH and DD(3),2026,JAN,449
3,DIESEL/HYBRID,UT of DNH and DD(3),2026,JAN,33
4,ELECTRIC(BOV),UT of DNH and DD(3),2026,JAN,2
5,NOT APPLICABLE,UT of DNH and DD(3),2026,JAN,0
6,PETROL,UT of DNH and DD(3),2026,JAN,543
7,PETROL/CNG,UT of DNH and DD(3),2026,JAN,28
8,PETROL(E20)/CNG,UT of DNH and DD(3),2026,JAN,156
9,PETROL(E20)/HYBRID,UT of DNH and DD(3),2026,JAN,36
10,PETROL/ETHANOL,UT of DNH and DD(3),2026,JAN,"1,079"
11,PETROL/HYBRID,UT of DNH and DD(3),2026,JAN,42
12,PURE EV,UT of DNH and DD(3),2026,JAN,19
13,STRONG HYBRID EV,UT of DNH and DD(3),2026,JAN,33
1,CNG ONLY,UT of DNH and DD(3),2026,FEB,14
2,DIESEL,UT of DNH and DD(3),2026,FEB,363
3,DIESEL/HYBRID,UT of DNH and DD(3),2026,FEB,20
4,ELECTRIC(BOV),UT of DNH and DD(3),2026,FEB,0
5,NOT APPLICABLE,UT of DNH and DD(3),2026,FEB,12
6,PETROL,UT of DNH and DD(3),2026,FEB,368
7,PETROL/CNG,UT of DNH and DD(3),2026,FEB,15
8,PETROL(E20)/CNG,UT of DNH and DD(3),2026,FEB,111
9,PETROL(E20)/HYBRID,UT of DNH and DD(3),2026,FEB,24
10,PETROL/ETHANOL,UT of DNH and DD(3),2026,FEB,880
11,PETROL/HYBRID,UT of DNH and DD(3),2026,FEB,19
12,PURE EV,UT of DNH and DD(3),2026,FEB,21
13,STRONG HYBRID EV,UT of DNH and DD(3),2026,FEB,24
1,CNG ONLY,Delhi(16),2026,JAN,"3,424"
2,DIESEL,Delhi(16),2026,JAN,"1,298"
3,DIESEL/HYBRID,Delhi(16),2026,JAN,21
4,ELECTRIC(BOV),Delhi(16),2026,JAN,"1,423"
5,PETROL,Delhi(16),2026,JAN,"20,276"
6,PETROL/CNG,Delhi(16),2026,JAN,"2,210"
7,PETROL(E20)/CNG,Delhi(16),2026,JAN,"5,272"
8,PETROL(E20)/HYBRID,Delhi(16),2026,JAN,"1,155"
9,PETROL(E20)/HYBRID/CNG,Delhi(16),2026,JAN,2
10,PETROL/ETHANOL,Delhi(16),2026,JAN,"42,223"
11,PETROL/HYBRID,Delhi(16),2026,JAN,651
12,PLUG-IN HYBRID EV,Delhi(16),2026,JAN,1
13,PURE EV,Delhi(16),2026,JAN,"6,077"
14,STRONG HYBRID EV,Delhi(16),2026,JAN,"1,152"
1,CNG ONLY,Delhi(16),2026,FEB,"1,932"
2,DIESEL,Delhi(16),2026,FEB,681
3,DIESEL/HYBRID,Delhi(16),2026,FEB,18
4,ELECTRIC(BOV),Delhi(16),2026,FEB,291
5,PETROL,Delhi(16),2026,FEB,"11,733"
6,PETROL/CNG,Delhi(16),2026,FEB,702
7,PETROL(E20)/CNG,Delhi(16),2026,FEB,"2,578"
8,PETROL(E20)/HYBRID,Delhi(16),2026,FEB,363
9,PETROL(E20)/HYBRID/CNG,Delhi(16),2026,FEB,0
10,PETROL/ETHANOL,Delhi(16),2026,FEB,"23,986"
11,PETROL/HYBRID,Delhi(16),2026,FEB,331
12,PLUG-IN HYBRID EV,Delhi(16),2026,FEB,0
13,PURE EV,Delhi(16),2026,FEB,"3,340"
14,STRONG HYBRID EV,Delhi(16),2026,FEB,577
1,CNG ONLY,Goa(13),2026,JAN,15
2,DIESEL,Goa(13),2026,JAN,570
3,DIESEL/HYBRID,Goa(13),2026,JAN,9
4,ELECTRIC(BOV),Goa(13),2026,JAN,146
5,PETROL,Goa(13),2026,JAN,"1,760"
6,PETROL/CNG,Goa(13),2026,JAN,15
7,PETROL(E20)/CNG,Goa(13),2026,JAN,90
8,PETROL(E20)/HYBRID,Goa(13),2026,JAN,315
9,PETROL/ETHANOL,Goa(13),2026,JAN,"4,549"
10,PETROL/HYBRID,Goa(13),2026,JAN,27
11,PURE EV,Goa(13),2026,JAN,618
12,STRONG HYBRID EV,Goa(13),2026,JAN,44
1,CNG ONLY,Goa(13),2026,FEB,15
2,DIESEL,Goa(13),2026,FEB,313
3,DIESEL/HYBRID,Goa(13),2026,FEB,6
4,ELECTRIC(BOV),Goa(13),2026,FEB,95
5,PETROL,Goa(13),2026,FEB,"1,387"
6,PETROL/CNG,Goa(13),2026,FEB,5
7,PETROL(E20)/CNG,Goa(13),2026,FEB,86
8,PETROL(E20)/HYBRID,Goa(13),2026,FEB,137
9,PETROL/ETHANOL,Goa(13),2026,FEB,"2,918"
10,PETROL/HYBRID,Goa(13),2026,FEB,13
11,PURE EV,Goa(13),2026,FEB,424
12,STRONG HYBRID EV,Goa(13),2026,FEB,24
1,CNG ONLY,Gujarat(37),2026,JAN,"9,972"
2,DIESEL,Gujarat(37),2026,JAN,"32,674"
3,DIESEL/HYBRID,Gujarat(37),2026,JAN,106
4,ELECTRIC(BOV),Gujarat(37),2026,JAN,406
5,NOT APPLICABLE,Gujarat(37),2026,JAN,517
6,PETROL,Gujarat(37),2026,JAN,"47,689"
7,PETROL/CNG,Gujarat(37),2026,JAN,"4,725"
8,PETROL(E20)/CNG,Gujarat(37),2026,JAN,"11,841"
9,PETROL(E20)/HYBRID,Gujarat(37),2026,JAN,"1,015"
10,PETROL(E20)/HYBRID/CNG,Gujarat(37),2026,JAN,1
11,PETROL/ETHANOL,Gujarat(37),2026,JAN,"92,111"
12,PETROL/HYBRID,Gujarat(37),2026,JAN,482
13,PETROL/HYBRID/CNG,Gujarat(37),2026,JAN,1
14,PLUG-IN HYBRID EV,Gujarat(37),2026,JAN,1
15,PURE EV,Gujarat(37),2026,JAN,"7,060"
16,STRONG HYBRID EV,Gujarat(37),2026,JAN,843
1,CNG ONLY,Gujarat(37),2026,FEB,"6,607"
2,DIESEL,Gujarat(37),2026,FEB,"16,683"
3,DIESEL/HYBRID,Gujarat(37),2026,FEB,80
4,ELECTRIC(BOV),Gujarat(37),2026,FEB,360
5,NOT APPLICABLE,Gujarat(37),2026,FEB,481
6,PETROL,Gujarat(37),2026,FEB,"31,268"
7,PETROL/CNG,Gujarat(37),2026,FEB,"2,063"
8,PETROL(E20)/CNG,Gujarat(37),2026,FEB,"8,089"
9,PETROL(E20)/HYBRID,Gujarat(37),2026,FEB,562
10,PETROL(E20)/HYBRID/CNG,Gujarat(37),2026,FEB,0
11,PETROL/ETHANOL,Gujarat(37),2026,FEB,"64,526"
12,PETROL/HYBRID,Gujarat(37),2026,FEB,254
13,PETROL/HYBRID/CNG,Gujarat(37),2026,FEB,0
14,PLUG-IN HYBRID EV,Gujarat(37),2026,FEB,0
15,PURE EV,Gujarat(37),2026,FEB,"4,865"
16,STRONG HYBRID EV,Gujarat(37),2026,FEB,608
1,CNG ONLY,Himachal Pradesh(96),2026,JAN,13
2,DIESEL,Himachal Pradesh(96),2026,JAN,"2,087"
3,DIESEL/HYBRID,Himachal Pradesh(96),2026,JAN,25
4,ELECTRIC(BOV),Himachal Pradesh(96),2026,JAN,16
5,PETROL,Himachal Pradesh(96),2026,JAN,"3,237"
6,PETROL/CNG,Himachal Pradesh(96),2026,JAN,22
7,PETROL(E20)/CNG,Himachal Pradesh(96),2026,JAN,44
8,PETROL(E20)/HYBRID,Himachal Pradesh(96),2026,JAN,389
9,PETROL/ETHANOL,Himachal Pradesh(96),2026,JAN,"9,224"
10,PETROL/HYBRID,Himachal Pradesh(96),2026,JAN,141
11,PURE EV,Himachal Pradesh(96),2026,JAN,138
12,STRONG HYBRID EV,Himachal Pradesh(96),2026,JAN,87
1,CNG ONLY,Himachal Pradesh(96),2026,FEB,5
2,DIESEL,Himachal Pradesh(96),2026,FEB,"1,365"
3,DIESEL/HYBRID,Himachal Pradesh(96),2026,FEB,11
4,ELECTRIC(BOV),Himachal Pradesh(96),2026,FEB,8
5,PETROL,Himachal Pradesh(96),2026,FEB,"1,463"
6,PETROL/CNG,Himachal Pradesh(96),2026,FEB,17
7,PETROL(E20)/CNG,Himachal Pradesh(96),2026,FEB,25
8,PETROL(E20)/HYBRID,Himachal Pradesh(96),2026,FEB,259
9,PETROL/ETHANOL,Himachal Pradesh(96),2026,FEB,"5,665"
10,PETROL/HYBRID,Himachal Pradesh(96),2026,FEB,88
11,PURE EV,Himachal Pradesh(96),2026,FEB,95
12,STRONG HYBRID EV,Himachal Pradesh(96),2026,FEB,46
1,CNG ONLY,Haryana(104),2026,JAN,"3,518"
2,DIESEL,Haryana(104),2026,JAN,"17,600"
3,DIESEL/HYBRID,Haryana(104),2026,JAN,79
4,ELECTRIC(BOV),Haryana(104),2026,JAN,911
5,ETHANOL,Haryana(104),2026,JAN,1
6,LNG,Haryana(104),2026,JAN,1
7,NOT APPLICABLE,Haryana(104),2026,JAN,22
8,PETROL,Haryana(104),2026,JAN,"26,562"
9,PETROL/CNG,Haryana(104),2026,JAN,"3,100"
10,PETROL(E20)/CNG,Haryana(104),2026,JAN,"7,798"
11,PETROL(E20)/HYBRID,Haryana(104),2026,JAN,"1,285"
12,PETROL/ETHANOL,Haryana(104),2026,JAN,"39,337"
13,PETROL/HYBRID,Haryana(104),2026,JAN,712
14,PLUG-IN HYBRID EV,Haryana(104),2026,JAN,1
15,PURE EV,Haryana(104),2026,JAN,"1,798"
16,STRONG HYBRID EV,Haryana(104),2026,JAN,969
1,CNG ONLY,Haryana(104),2026,FEB,"2,017"
2,DIESEL,Haryana(104),2026,FEB,"12,893"
3,DIESEL/HYBRID,Haryana(104),2026,FEB,84
4,ELECTRIC(BOV),Haryana(104),2026,FEB,566
5,ETHANOL,Haryana(104),2026,FEB,0
6,LNG,Haryana(104),2026,FEB,1
7,NOT APPLICABLE,Haryana(104),2026,FEB,17
8,PETROL,Haryana(104),2026,FEB,"15,684"
9,PETROL/CNG,Haryana(104),2026,FEB,"1,666"
10,PETROL(E20)/CNG,Haryana(104),2026,FEB,"6,537"
11,PETROL(E20)/HYBRID,Haryana(104),2026,FEB,590
12,PETROL/ETHANOL,Haryana(104),2026,FEB,"24,060"
13,PETROL/HYBRID,Haryana(104),2026,FEB,444
14,PLUG-IN HYBRID EV,Haryana(104),2026,FEB,0
15,PURE EV,Haryana(104),2026,FEB,"1,181"
16,STRONG HYBRID EV,Haryana(104),2026,FEB,713
1,CNG ONLY,Jharkhand(25),2026,JAN,512
2,DIESEL,Jharkhand(25),2026,JAN,"5,027"
3,DIESEL/HYBRID,Jharkhand(25),2026,JAN,11
4,ELECTRIC(BOV),Jharkhand(25),2026,JAN,"1,013"
5,LPG ONLY,Jharkhand(25),2026,JAN,109
6,NOT APPLICABLE,Jharkhand(25),2026,JAN,31
7,PETROL,Jharkhand(25),2026,JAN,"14,029"
8,PETROL/CNG,Jharkhand(25),2026,JAN,95
9,PETROL(E20)/CNG,Jharkhand(25),2026,JAN,725
10,PETROL(E20)/HYBRID,Jharkhand(25),2026,JAN,818
11,PETROL/ETHANOL,Jharkhand(25),2026,JAN,"33,783"
12,PETROL/HYBRID,Jharkhand(25),2026,JAN,84
13,PURE EV,Jharkhand(25),2026,JAN,"1,753"
14,STRONG HYBRID EV,Jharkhand(25),2026,JAN,63
1,CNG ONLY,Jharkhand(25),2026,FEB,328
2,DIESEL,Jharkhand(25),2026,FEB,"3,716"
3,DIESEL/HYBRID,Jharkhand(25),2026,FEB,7
4,ELECTRIC(BOV),Jharkhand(25),2026,FEB,948
5,LPG ONLY,Jharkhand(25),2026,FEB,68
6,NOT APPLICABLE,Jharkhand(25),2026,FEB,25
7,PETROL,Jharkhand(25),2026,FEB,"8,701"
8,PETROL/CNG,Jharkhand(25),2026,FEB,49
9,PETROL(E20)/CNG,Jharkhand(25),2026,FEB,521
10,PETROL(E20)/HYBRID,Jharkhand(25),2026,FEB,458
11,PETROL/ETHANOL,Jharkhand(25),2026,FEB,"22,293"
12,PETROL/HYBRID,Jharkhand(25),2026,FEB,44
13,PURE EV,Jharkhand(25),2026,FEB,"1,292"
14,STRONG HYBRID EV,Jharkhand(25),2026,FEB,31
1,CNG ONLY,Jammu and Kashmir(21),2026,JAN,1
2,DIESEL,Jammu and Kashmir(21),2026,JAN,"2,656"
3,DIESEL/HYBRID,Jammu and Kashmir(21),2026,JAN,4
4,ELECTRIC(BOV),Jammu and Kashmir(21),2026,JAN,298
5,PETROL,Jammu and Kashmir(21),2026,JAN,"1,521"
6,PETROL/CNG,Jammu and Kashmir(21),2026,JAN,1
7,PETROL(E20)/CNG,Jammu and Kashmir(21),2026,JAN,16
8,PETROL(E20)/HYBRID,Jammu and Kashmir(21),2026,JAN,382
9,PETROL/ETHANOL,Jammu and Kashmir(21),2026,JAN,"9,030"
10,PETROL/HYBRID,Jammu and Kashmir(21),2026,JAN,48
11,PURE EV,Jammu and Kashmir(21),2026,JAN,552
12,STRONG HYBRID EV,Jammu and Kashmir(21),2026,JAN,22
1,CNG ONLY,Jammu and Kashmir(21),2026,FEB,0
2,DIESEL,Jammu and Kashmir(21),2026,FEB,"2,034"
3,DIESEL/HYBRID,Jammu and Kashmir(21),2026,FEB,3
4,ELECTRIC(BOV),Jammu and Kashmir(21),2026,FEB,273
5,PETROL,Jammu and Kashmir(21),2026,FEB,"1,681"
6,PETROL/CNG,Jammu and Kashmir(21),2026,FEB,1
7,PETROL(E20)/CNG,Jammu and Kashmir(21),2026,FEB,16
8,PETROL(E20)/HYBRID,Jammu and Kashmir(21),2026,FEB,208
9,PETROL/ETHANOL,Jammu and Kashmir(21),2026,FEB,"7,592"
10,PETROL/HYBRID,Jammu and Kashmir(21),2026,FEB,45
11,PURE EV,Jammu and Kashmir(21),2026,FEB,477
12,STRONG HYBRID EV,Jammu and Kashmir(21),2026,FEB,9
1,CNG ONLY,Karnataka(68),2026,JAN,"4,428"
2,DIESEL,Karnataka(68),2026,JAN,"20,961"
3,DIESEL/HYBRID,Karnataka(68),2026,JAN,95
4,ELECTRIC(BOV),Karnataka(68),2026,JAN,"3,944"
5,FLEX-FUEL(BIO-DIESEL),Karnataka(68),2026,JAN,4
6,LPG ONLY,Karnataka(68),2026,JAN,724
7,NOT APPLICABLE,Karnataka(68),2026,JAN,"1,071"
8,PETROL,Karnataka(68),2026,JAN,"40,937"
9,PETROL/CNG,Karnataka(68),2026,JAN,859
10,PETROL(E20)/CNG,Karnataka(68),2026,JAN,"4,939"
11,PETROL(E20)/HYBRID,Karnataka(68),2026,JAN,"2,078"
12,PETROL/ETHANOL,Karnataka(68),2026,JAN,"97,596"
13,PETROL/HYBRID,Karnataka(68),2026,JAN,720
14,PETROL/LPG,Karnataka(68),2026,JAN,2
15,PURE EV,Karnataka(68),2026,JAN,"16,051"
16,STRONG HYBRID EV,Karnataka(68),2026,JAN,"1,222"
1,CNG ONLY,Karnataka(68),2026,FEB,"3,230"
2,DIESEL,Karnataka(68),2026,FEB,"13,904"
3,DIESEL/HYBRID,Karnataka(68),2026,FEB,31
4,ELECTRIC(BOV),Karnataka(68),2026,FEB,"2,325"
5,FLEX-FUEL(BIO-DIESEL),Karnataka(68),2026,FEB,0
6,LPG ONLY,Karnataka(68),2026,FEB,452
7,NOT APPLICABLE,Karnataka(68),2026,FEB,982
8,PETROL,Karnataka(68),2026,FEB,"28,164"
9,PETROL/CNG,Karnataka(68),2026,FEB,321
10,PETROL(E20)/CNG,Karnataka(68),2026,FEB,"2,712"
11,PETROL(E20)/HYBRID,Karnataka(68),2026,FEB,"1,087"
12,PETROL/ETHANOL,Karnataka(68),2026,FEB,"60,728"
13,PETROL/HYBRID,Karnataka(68),2026,FEB,226
14,PETROL/LPG,Karnataka(68),2026,FEB,0
15,PURE EV,Karnataka(68),2026,FEB,"9,664"
16,STRONG HYBRID EV,Karnataka(68),2026,FEB,623
1,CNG ONLY,Kerala(87),2026,JAN,"1,006"
2,DIESEL,Kerala(87),2026,JAN,"7,531"
3,DIESEL/HYBRID,Kerala(87),2026,JAN,36
4,ELECTRIC(BOV),Kerala(87),2026,JAN,"1,095"
5,LPG ONLY,Kerala(87),2026,JAN,2
6,PETROL,Kerala(87),2026,JAN,"16,936"
7,PETROL/CNG,Kerala(87),2026,JAN,90
8,PETROL(E20)/CNG,Kerala(87),2026,JAN,"1,196"
9,PETROL(E20)/HYBRID,Kerala(87),2026,JAN,"1,590"
10,PETROL/ETHANOL,Kerala(87),2026,JAN,"49,831"
11,PETROL/HYBRID,Kerala(87),2026,JAN,772
12,PURE EV,Kerala(87),2026,JAN,"9,054"
13,STRONG HYBRID EV,Kerala(87),2026,JAN,827
1,CNG ONLY,Kerala(87),2026,FEB,619
2,DIESEL,Kerala(87),2026,FEB,"4,643"
3,DIESEL/HYBRID,Kerala(87),2026,FEB,10
4,ELECTRIC(BOV),Kerala(87),2026,FEB,720
5,LPG ONLY,Kerala(87),2026,FEB,1
6,PETROL,Kerala(87),2026,FEB,"11,257"
7,PETROL/CNG,Kerala(87),2026,FEB,48
8,PETROL(E20)/CNG,Kerala(87),2026,FEB,788
9,PETROL(E20)/HYBRID,Kerala(87),2026,FEB,638
10,PETROL/ETHANOL,Kerala(87),2026,FEB,"28,767"
11,PETROL/HYBRID,Kerala(87),2026,FEB,276
12,PURE EV,Kerala(87),2026,FEB,"5,993"
13,STRONG HYBRID EV,Kerala(87),2026,FEB,277
1,DIESEL,Ladakh(3),2026,JAN,79
2,DIESEL/HYBRID,Ladakh(3),2026,JAN,1
3,PETROL,Ladakh(3),2026,JAN,11
4,PETROL(E20)/HYBRID,Ladakh(3),2026,JAN,21
5,PETROL/ETHANOL,Ladakh(3),2026,JAN,183
6,PETROL/HYBRID,Ladakh(3),2026,JAN,1
7,PURE EV,Ladakh(3),2026,JAN,1
8,STRONG HYBRID EV,Ladakh(3),2026,JAN,1
1,DIESEL,Ladakh(3),2026,FEB,46
2,DIESEL/HYBRID,Ladakh(3),2026,FEB,0
3,PETROL,Ladakh(3),2026,FEB,10
4,PETROL(E20)/HYBRID,Ladakh(3),2026,FEB,2
5,PETROL/ETHANOL,Ladakh(3),2026,FEB,39
6,PETROL/HYBRID,Ladakh(3),2026,FEB,4
7,PURE EV,Ladakh(3),2026,FEB,0
8,STRONG HYBRID EV,Ladakh(3),2026,FEB,0
1,DIESEL,Lakshadweep(9),2026,JAN,3
2,ELECTRIC(BOV),Lakshadweep(9),2026,JAN,0
3,LPG ONLY,Lakshadweep(9),2026,JAN,0
4,PETROL,Lakshadweep(9),2026,JAN,47
5,PETROL/ETHANOL,Lakshadweep(9),2026,JAN,42
6,PURE EV,Lakshadweep(9),2026,JAN,2
1,DIESEL,Lakshadweep(9),2026,FEB,2
2,ELECTRIC(BOV),Lakshadweep(9),2026,FEB,3
3,LPG ONLY,Lakshadweep(9),2026,FEB,1
4,PETROL,Lakshadweep(9),2026,FEB,61
5,PETROL/ETHANOL,Lakshadweep(9),2026,FEB,34
6,PURE EV,Lakshadweep(9),2026,FEB,6
1,CNG ONLY,Maharashtra(59),2026,JAN,"8,260"
2,DIESEL,Maharashtra(59),2026,JAN,"43,152"
3,DIESEL/HYBRID,Maharashtra(59),2026,JAN,179
4,ELECTRIC(BOV),Maharashtra(59),2026,JAN,"1,795"
5,ETHANOL,Maharashtra(59),2026,JAN,1
6,LNG,Maharashtra(59),2026,JAN,56
7,LPG ONLY,Maharashtra(59),2026,JAN,885
8,NOT APPLICABLE,Maharashtra(59),2026,JAN,"2,305"
9,PETROL,Maharashtra(59),2026,JAN,"71,624"
10,PETROL/CNG,Maharashtra(59),2026,JAN,"6,831"
11,PETROL(E20)/CNG,Maharashtra(59),2026,JAN,"18,592"
12,PETROL(E20)/HYBRID,Maharashtra(59),2026,JAN,"1,918"
13,PETROL(E20)/LPG,Maharashtra(59),2026,JAN,2
14,PETROL/ETHANOL,Maharashtra(59),2026,JAN,"1,60,929"
15,PETROL/HYBRID,Maharashtra(59),2026,JAN,743
16,PETROL/LPG,Maharashtra(59),2026,JAN,10
17,PLUG-IN HYBRID EV,Maharashtra(59),2026,JAN,1
18,PURE EV,Maharashtra(59),2026,JAN,"23,362"
19,STRONG HYBRID EV,Maharashtra(59),2026,JAN,"1,808"
1,CNG ONLY,Maharashtra(59),2026,FEB,"5,298"
2,DIESEL,Maharashtra(59),2026,FEB,"22,411"
3,DIESEL/HYBRID,Maharashtra(59),2026,FEB,98
4,ELECTRIC(BOV),Maharashtra(59),2026,FEB,"1,159"
5,ETHANOL,Maharashtra(59),2026,FEB,0
6,LNG,Maharashtra(59),2026,FEB,3
7,LPG ONLY,Maharashtra(59),2026,FEB,670
8,NOT APPLICABLE,Maharashtra(59),2026,FEB,"1,188"
9,PETROL,Maharashtra(59),2026,FEB,"43,678"
10,PETROL/CNG,Maharashtra(59),2026,FEB,"2,050"
11,PETROL(E20)/CNG,Maharashtra(59),2026,FEB,"9,132"
12,PETROL(E20)/HYBRID,Maharashtra(59),2026,FEB,752
13,PETROL(E20)/LPG,Maharashtra(59),2026,FEB,0
14,PETROL/ETHANOL,Maharashtra(59),2026,FEB,"95,557"
15,PETROL/HYBRID,Maharashtra(59),2026,FEB,303
16,PETROL/LPG,Maharashtra(59),2026,FEB,0
17,PLUG-IN HYBRID EV,Maharashtra(59),2026,FEB,0
18,PURE EV,Maharashtra(59),2026,FEB,"13,587"
19,STRONG HYBRID EV,Maharashtra(59),2026,FEB,961
1,DIESEL,Meghalaya(15),2026,JAN,490
2,DIESEL/HYBRID,Meghalaya(15),2026,JAN,2
3,ELECTRIC(BOV),Meghalaya(15),2026,JAN,35
4,PETROL,Meghalaya(15),2026,JAN,989
5,PETROL(E20)/HYBRID,Meghalaya(15),2026,JAN,106
6,PETROL/ETHANOL,Meghalaya(15),2026,JAN,"2,122"
7,PETROL/HYBRID,Meghalaya(15),2026,JAN,22
8,PURE EV,Meghalaya(15),2026,JAN,36
9,STRONG HYBRID EV,Meghalaya(15),2026,JAN,9
1,DIESEL,Meghalaya(15),2026,FEB,377
2,DIESEL/HYBRID,Meghalaya(15),2026,FEB,1
3,ELECTRIC(BOV),Meghalaya(15),2026,FEB,23
4,PETROL,Meghalaya(15),2026,FEB,719
5,PETROL(E20)/HYBRID,Meghalaya(15),2026,FEB,48
6,PETROL/ETHANOL,Meghalaya(15),2026,FEB,"1,403"
7,PETROL/HYBRID,Meghalaya(15),2026,FEB,8
8,PURE EV,Meghalaya(15),2026,FEB,17
9,STRONG HYBRID EV,Meghalaya(15),2026,FEB,4
1,DIESEL,Manipur(17),2026,JAN,204
2,DIESEL/HYBRID,Manipur(17),2026,JAN,2
3,ELECTRIC(BOV),Manipur(17),2026,JAN,40
4,PETROL,Manipur(17),2026,JAN,594
5,PETROL(E20)/HYBRID,Manipur(17),2026,JAN,73
6,PETROL/ETHANOL,Manipur(17),2026,JAN,"2,399"
7,PETROL/HYBRID,Manipur(17),2026,JAN,26
8,PURE EV,Manipur(17),2026,JAN,79
9,STRONG HYBRID EV,Manipur(17),2026,JAN,4
1,DIESEL,Manipur(17),2026,FEB,193
2,DIESEL/HYBRID,Manipur(17),2026,FEB,0
3,ELECTRIC(BOV),Manipur(17),2026,FEB,42
4,PETROL,Manipur(17),2026,FEB,377
5,PETROL(E20)/HYBRID,Manipur(17),2026,FEB,37
6,PETROL/ETHANOL,Manipur(17),2026,FEB,"2,148"
7,PETROL/HYBRID,Manipur(17),2026,FEB,12
8,PURE EV,Manipur(17),2026,FEB,81
9,STRONG HYBRID EV,Manipur(17),2026,FEB,0
1,CNG ONLY,Madhya Pradesh(53),2026,JAN,"1,352"
2,DIESEL,Madhya Pradesh(53),2026,JAN,"25,162"
3,DIESEL/HYBRID,Madhya Pradesh(53),2026,JAN,25
4,ELECTRIC(BOV),Madhya Pradesh(53),2026,JAN,"1,887"
5,LPG ONLY,Madhya Pradesh(53),2026,JAN,5
6,NOT APPLICABLE,Madhya Pradesh(53),2026,JAN,59
7,PETROL,Madhya Pradesh(53),2026,JAN,"40,771"
8,PETROL/CNG,Madhya Pradesh(53),2026,JAN,"2,323"
9,PETROL(E20)/CNG,Madhya Pradesh(53),2026,JAN,"5,276"
10,PETROL(E20)/HYBRID,Madhya Pradesh(53),2026,JAN,"1,028"
11,PETROL(E20)/HYBRID/CNG,Madhya Pradesh(53),2026,JAN,4
12,PETROL(E20)/LPG,Madhya Pradesh(53),2026,JAN,84
13,PETROL/ETHANOL,Madhya Pradesh(53),2026,JAN,"70,254"
14,PETROL/HYBRID,Madhya Pradesh(53),2026,JAN,221
15,PETROL/HYBRID/CNG,Madhya Pradesh(53),2026,JAN,2
16,PETROL/LPG,Madhya Pradesh(53),2026,JAN,94
17,PURE EV,Madhya Pradesh(53),2026,JAN,"13,080"
18,STRONG HYBRID EV,Madhya Pradesh(53),2026,JAN,147
1,CNG ONLY,Madhya Pradesh(53),2026,FEB,922
2,DIESEL,Madhya Pradesh(53),2026,FEB,"16,442"
3,DIESEL/HYBRID,Madhya Pradesh(53),2026,FEB,16
4,ELECTRIC(BOV),Madhya Pradesh(53),2026,FEB,"1,131"
5,LPG ONLY,Madhya Pradesh(53),2026,FEB,7
6,NOT APPLICABLE,Madhya Pradesh(53),2026,FEB,39
7,PETROL,Madhya Pradesh(53),2026,FEB,"27,425"
8,PETROL/CNG,Madhya Pradesh(53),2026,FEB,"1,420"
9,PETROL(E20)/CNG,Madhya Pradesh(53),2026,FEB,"4,268"
10,PETROL(E20)/HYBRID,Madhya Pradesh(53),2026,FEB,528
11,PETROL(E20)/HYBRID/CNG,Madhya Pradesh(53),2026,FEB,0
12,PETROL(E20)/LPG,Madhya Pradesh(53),2026,FEB,2
13,PETROL/ETHANOL,Madhya Pradesh(53),2026,FEB,"48,158"
14,PETROL/HYBRID,Madhya Pradesh(53),2026,FEB,111
15,PETROL/HYBRID/CNG,Madhya Pradesh(53),2026,FEB,0
16,PETROL/LPG,Madhya Pradesh(53),2026,FEB,3
17,PURE EV,Madhya Pradesh(53),2026,FEB,"8,561"
18,STRONG HYBRID EV,Madhya Pradesh(53),2026,FEB,102
1,DIESEL,Mizoram(12),2026,JAN,337
2,ELECTRIC(BOV),Mizoram(12),2026,JAN,52
3,PETROL,Mizoram(12),2026,JAN,"1,516"
4,PETROL(E20)/HYBRID,Mizoram(12),2026,JAN,24
5,PETROL/ETHANOL,Mizoram(12),2026,JAN,"1,263"
6,PETROL/HYBRID,Mizoram(12),2026,JAN,3
7,PURE EV,Mizoram(12),2026,JAN,30
8,STRONG HYBRID EV,Mizoram(12),2026,JAN,4
1,DIESEL,Mizoram(12),2026,FEB,232
2,ELECTRIC(BOV),Mizoram(12),2026,FEB,44
3,PETROL,Mizoram(12),2026,FEB,990
4,PETROL(E20)/HYBRID,Mizoram(12),2026,FEB,15
5,PETROL/ETHANOL,Mizoram(12),2026,FEB,607
6,PETROL/HYBRID,Mizoram(12),2026,FEB,2
7,PURE EV,Mizoram(12),2026,FEB,23
8,STRONG HYBRID EV,Mizoram(12),2026,FEB,0
1,CNG ONLY,Nagaland(9),2026,JAN,100
2,DIESEL,Nagaland(9),2026,JAN,"1,475"
3,DIESEL/HYBRID,Nagaland(9),2026,JAN,1
4,PETROL,Nagaland(9),2026,JAN,294
5,PETROL(E20)/HYBRID,Nagaland(9),2026,JAN,96
6,PETROL/ETHANOL,Nagaland(9),2026,JAN,914
7,PETROL/HYBRID,Nagaland(9),2026,JAN,31
8,PURE EV,Nagaland(9),2026,JAN,3
9,STRONG HYBRID EV,Nagaland(9),2026,JAN,7
1,CNG ONLY,Nagaland(9),2026,FEB,10
2,DIESEL,Nagaland(9),2026,FEB,"1,082"
3,DIESEL/HYBRID,Nagaland(9),2026,FEB,0
4,PETROL,Nagaland(9),2026,FEB,277
5,PETROL(E20)/HYBRID,Nagaland(9),2026,FEB,51
6,PETROL/ETHANOL,Nagaland(9),2026,FEB,667
7,PETROL/HYBRID,Nagaland(9),2026,FEB,23
8,PURE EV,Nagaland(9),2026,FEB,3
9,STRONG HYBRID EV,Nagaland(9),2026,FEB,2
1,CNG ONLY,Odisha(39),2026,JAN,259
2,DIESEL,Odisha(39),2026,JAN,"8,872"
3,DIESEL/HYBRID,Odisha(39),2026,JAN,21
4,ELECTRIC(BOV),Odisha(39),2026,JAN,504
5,ETHANOL,Odisha(39),2026,JAN,1
6,NOT APPLICABLE,Odisha(39),2026,JAN,227
7,PETROL,Odisha(39),2026,JAN,"18,015"
8,PETROL/CNG,Odisha(39),2026,JAN,153
9,PETROL(E20)/CNG,Odisha(39),2026,JAN,765
10,PETROL(E20)/HYBRID,Odisha(39),2026,JAN,852
11,PETROL/ETHANOL,Odisha(39),2026,JAN,"49,412"
12,PETROL/HYBRID,Odisha(39),2026,JAN,108
13,PLUG-IN HYBRID EV,Odisha(39),2026,JAN,1
14,PURE EV,Odisha(39),2026,JAN,"7,894"
15,STRONG HYBRID EV,Odisha(39),2026,JAN,158
1,CNG ONLY,Odisha(39),2026,FEB,167
2,DIESEL,Odisha(39),2026,FEB,"6,081"
3,DIESEL/HYBRID,Odisha(39),2026,FEB,10
4,ELECTRIC(BOV),Odisha(39),2026,FEB,401
5,ETHANOL,Odisha(39),2026,FEB,0
6,NOT APPLICABLE,Odisha(39),2026,FEB,210
7,PETROL,Odisha(39),2026,FEB,"14,144"
8,PETROL/CNG,Odisha(39),2026,FEB,81
9,PETROL(E20)/CNG,Odisha(39),2026,FEB,466
10,PETROL(E20)/HYBRID,Odisha(39),2026,FEB,433
11,PETROL/ETHANOL,Odisha(39),2026,FEB,"35,493"
12,PETROL/HYBRID,Odisha(39),2026,FEB,36
13,PLUG-IN HYBRID EV,Odisha(39),2026,FEB,0
14,PURE EV,Odisha(39),2026,FEB,"5,464"
15,STRONG HYBRID EV,Odisha(39),2026,FEB,75
1,CNG ONLY,Punjab(96),2026,JAN,240
2,DIESEL,Punjab(96),2026,JAN,"13,780"
3,DIESEL/HYBRID,Punjab(96),2026,JAN,59
4,ELECTRIC(BOV),Punjab(96),2026,JAN,849
5,PETROL,Punjab(96),2026,JAN,"15,378"
6,PETROL/CNG,Punjab(96),2026,JAN,249
7,PETROL(E20)/CNG,Punjab(96),2026,JAN,550
8,PETROL(E20)/HYBRID,Punjab(96),2026,JAN,"1,492"
9,PETROL/ETHANOL,Punjab(96),2026,JAN,"45,401"
10,PETROL/HYBRID,Punjab(96),2026,JAN,451
11,PURE EV,Punjab(96),2026,JAN,"2,980"
12,STRONG HYBRID EV,Punjab(96),2026,JAN,550
1,CNG ONLY,Punjab(96),2026,FEB,259
2,DIESEL,Punjab(96),2026,FEB,"9,307"
3,DIESEL/HYBRID,Punjab(96),2026,FEB,49
4,ELECTRIC(BOV),Punjab(96),2026,FEB,467
5,PETROL,Punjab(96),2026,FEB,"8,110"
6,PETROL/CNG,Punjab(96),2026,FEB,98
7,PETROL(E20)/CNG,Punjab(96),2026,FEB,306
8,PETROL(E20)/HYBRID,Punjab(96),2026,FEB,725
9,PETROL/ETHANOL,Punjab(96),2026,FEB,"27,473"
10,PETROL/HYBRID,Punjab(96),2026,FEB,231
11,PURE EV,Punjab(96),2026,FEB,"1,834"
12,STRONG HYBRID EV,Punjab(96),2026,FEB,328
1,CNG ONLY,Puducherry(8),2026,JAN,11
2,DIESEL,Puducherry(8),2026,JAN,327
3,DIESEL/HYBRID,Puducherry(8),2026,JAN,5
4,ELECTRIC(BOV),Puducherry(8),2026,JAN,66
5,LPG ONLY,Puducherry(8),2026,JAN,3
6,PETROL,Puducherry(8),2026,JAN,"2,955"
7,PETROL/CNG,Puducherry(8),2026,JAN,15
8,PETROL(E20)/CNG,Puducherry(8),2026,JAN,67
9,PETROL(E20)/HYBRID,Puducherry(8),2026,JAN,146
10,PETROL/ETHANOL,Puducherry(8),2026,JAN,"5,189"
11,PETROL/HYBRID,Puducherry(8),2026,JAN,26
12,PURE EV,Puducherry(8),2026,JAN,522
13,STRONG HYBRID EV,Puducherry(8),2026,JAN,52
1,CNG ONLY,Puducherry(8),2026,FEB,17
2,DIESEL,Puducherry(8),2026,FEB,246
3,DIESEL/HYBRID,Puducherry(8),2026,FEB,5
4,ELECTRIC(BOV),Puducherry(8),2026,FEB,39
5,LPG ONLY,Puducherry(8),2026,FEB,5
6,PETROL,Puducherry(8),2026,FEB,"1,689"
7,PETROL/CNG,Puducherry(8),2026,FEB,5
8,PETROL(E20)/CNG,Puducherry(8),2026,FEB,38
9,PETROL(E20)/HYBRID,Puducherry(8),2026,FEB,61
10,PETROL/ETHANOL,Puducherry(8),2026,FEB,"2,805"
11,PETROL/HYBRID,Puducherry(8),2026,FEB,17
12,PURE EV,Puducherry(8),2026,FEB,300
13,STRONG HYBRID EV,Puducherry(8),2026,FEB,26
1,CNG ONLY,Rajasthan(60),2026,JAN,"2,247"
2,DIESEL,Rajasthan(60),2026,JAN,"29,549"
3,DIESEL/HYBRID,Rajasthan(60),2026,JAN,41
4,ELECTRIC(BOV),Rajasthan(60),2026,JAN,"1,381"
5,LPG ONLY,Rajasthan(60),2026,JAN,166
6,NOT APPLICABLE,Rajasthan(60),2026,JAN,403
7,PETROL,Rajasthan(60),2026,JAN,"50,192"
8,PETROL/CNG,Rajasthan(60),2026,JAN,"2,135"
9,PETROL(E20)/CNG,Rajasthan(60),2026,JAN,"6,939"
10,PETROL(E20)/HYBRID,Rajasthan(60),2026,JAN,"1,028"
11,PETROL(E20)/LPG,Rajasthan(60),2026,JAN,42
12,PETROL/ETHANOL,Rajasthan(60),2026,JAN,"49,967"
13,PETROL/HYBRID,Rajasthan(60),2026,JAN,236
14,PETROL/LPG,Rajasthan(60),2026,JAN,49
15,PURE EV,Rajasthan(60),2026,JAN,"8,714"
16,STRONG HYBRID EV,Rajasthan(60),2026,JAN,315
1,CNG ONLY,Rajasthan(60),2026,FEB,"1,444"
2,DIESEL,Rajasthan(60),2026,FEB,"18,708"
3,DIESEL/HYBRID,Rajasthan(60),2026,FEB,42
4,ELECTRIC(BOV),Rajasthan(60),2026,FEB,940
5,LPG ONLY,Rajasthan(60),2026,FEB,148
6,NOT APPLICABLE,Rajasthan(60),2026,FEB,254
7,PETROL,Rajasthan(60),2026,FEB,"32,550"
8,PETROL/CNG,Rajasthan(60),2026,FEB,873
9,PETROL(E20)/CNG,Rajasthan(60),2026,FEB,"3,883"
10,PETROL(E20)/HYBRID,Rajasthan(60),2026,FEB,400
11,PETROL(E20)/LPG,Rajasthan(60),2026,FEB,2
12,PETROL/ETHANOL,Rajasthan(60),2026,FEB,"31,292"
13,PETROL/HYBRID,Rajasthan(60),2026,FEB,110
14,PETROL/LPG,Rajasthan(60),2026,FEB,4
15,PURE EV,Rajasthan(60),2026,FEB,"5,893"
16,STRONG HYBRID EV,Rajasthan(60),2026,FEB,165
1,DIESEL,Sikkim(9),2026,JAN,252
2,DIESEL/HYBRID,Sikkim(9),2026,JAN,2
3,ELECTRIC(BOV),Sikkim(9),2026,JAN,0
4,PETROL,Sikkim(9),2026,JAN,100
5,PETROL(E20)/HYBRID,Sikkim(9),2026,JAN,4
6,PETROL/ETHANOL,Sikkim(9),2026,JAN,805
7,PETROL/HYBRID,Sikkim(9),2026,JAN,2
8,PURE EV,Sikkim(9),2026,JAN,3
9,STRONG HYBRID EV,Sikkim(9),2026,JAN,0
1,DIESEL,Sikkim(9),2026,FEB,169
2,DIESEL/HYBRID,Sikkim(9),2026,FEB,0
3,ELECTRIC(BOV),Sikkim(9),2026,FEB,6
4,PETROL,Sikkim(9),2026,FEB,67
5,PETROL(E20)/HYBRID,Sikkim(9),2026,FEB,1
6,PETROL/ETHANOL,Sikkim(9),2026,FEB,487
7,PETROL/HYBRID,Sikkim(9),2026,FEB,1
8,PURE EV,Sikkim(9),2026,FEB,0
9,STRONG HYBRID EV,Sikkim(9),2026,FEB,1
1,CNG ONLY,Tamil Nadu(148),2026,JAN,"2,578"
2,DIESEL,Tamil Nadu(148),2026,JAN,"18,720"
3,DIESEL/HYBRID,Tamil Nadu(148),2026,JAN,50
4,ELECTRIC(BOV),Tamil Nadu(148),2026,JAN,"1,719"
5,ETHANOL,Tamil Nadu(148),2026,JAN,0
6,LPG ONLY,Tamil Nadu(148),2026,JAN,356
7,NOT APPLICABLE,Tamil Nadu(148),2026,JAN,0
8,PETROL,Tamil Nadu(148),2026,JAN,"62,685"
9,PETROL/CNG,Tamil Nadu(148),2026,JAN,528
10,PETROL(E20)/CNG,Tamil Nadu(148),2026,JAN,"2,448"
11,PETROL(E20)/HYBRID,Tamil Nadu(148),2026,JAN,"2,738"
12,PETROL/ETHANOL,Tamil Nadu(148),2026,JAN,"1,48,850"
13,PETROL/HYBRID,Tamil Nadu(148),2026,JAN,768
14,PURE EV,Tamil Nadu(148),2026,JAN,"17,111"
15,STRONG HYBRID EV,Tamil Nadu(148),2026,JAN,904
1,CNG ONLY,Tamil Nadu(148),2026,FEB,"2,277"
2,DIESEL,Tamil Nadu(148),2026,FEB,"14,267"
3,DIESEL/HYBRID,Tamil Nadu(148),2026,FEB,48
4,ELECTRIC(BOV),Tamil Nadu(148),2026,FEB,"1,328"
5,ETHANOL,Tamil Nadu(148),2026,FEB,1
6,LPG ONLY,Tamil Nadu(148),2026,FEB,350
7,NOT APPLICABLE,Tamil Nadu(148),2026,FEB,1
8,PETROL,Tamil Nadu(148),2026,FEB,"43,218"
9,PETROL/CNG,Tamil Nadu(148),2026,FEB,265
10,PETROL(E20)/CNG,Tamil Nadu(148),2026,FEB,"2,366"
11,PETROL(E20)/HYBRID,Tamil Nadu(148),2026,FEB,"1,405"
12,PETROL/ETHANOL,Tamil Nadu(148),2026,FEB,"1,00,383"
13,PETROL/HYBRID,Tamil Nadu(148),2026,FEB,284
14,PURE EV,Tamil Nadu(148),2026,FEB,"12,034"
15,STRONG HYBRID EV,Tamil Nadu(148),2026,FEB,549
1,CNG ONLY,Tripura(9),2026,JAN,261
2,DIESEL,Tripura(9),2026,JAN,355
3,DIESEL/HYBRID,Tripura(9),2026,JAN,1
4,ELECTRIC(BOV),Tripura(9),2026,JAN,174
5,PETROL,Tripura(9),2026,JAN,845
6,PETROL/CNG,Tripura(9),2026,JAN,58
7,PETROL(E20)/CNG,Tripura(9),2026,JAN,239
8,PETROL(E20)/HYBRID,Tripura(9),2026,JAN,37
9,PETROL/ETHANOL,Tripura(9),2026,JAN,"2,308"
10,PETROL/HYBRID,Tripura(9),2026,JAN,6
11,PURE EV,Tripura(9),2026,JAN,534
12,STRONG HYBRID EV,Tripura(9),2026,JAN,4
1,CNG ONLY,Tripura(9),2026,FEB,350
2,DIESEL,Tripura(9),2026,FEB,271
3,DIESEL/HYBRID,Tripura(9),2026,FEB,0
4,ELECTRIC(BOV),Tripura(9),2026,FEB,142
5,PETROL,Tripura(9),2026,FEB,516
6,PETROL/CNG,Tripura(9),2026,FEB,20
7,PETROL(E20)/CNG,Tripura(9),2026,FEB,143
8,PETROL(E20)/HYBRID,Tripura(9),2026,FEB,14
9,PETROL/ETHANOL,Tripura(9),2026,FEB,"1,486"
10,PETROL/HYBRID,Tripura(9),2026,FEB,3
11,PURE EV,Tripura(9),2026,FEB,346
12,STRONG HYBRID EV,Tripura(9),2026,FEB,0
1,CNG ONLY,Uttarakhand(21),2026,JAN,76
2,DIESEL,Uttarakhand(21),2026,JAN,"2,754"
3,DIESEL/HYBRID,Uttarakhand(21),2026,JAN,20
4,ELECTRIC(BOV),Uttarakhand(21),2026,JAN,483
5,NOT APPLICABLE,Uttarakhand(21),2026,JAN,40
6,PETROL,Uttarakhand(21),2026,JAN,"5,916"
7,PETROL/CNG,Uttarakhand(21),2026,JAN,174
8,PETROL(E20)/CNG,Uttarakhand(21),2026,JAN,481
9,PETROL(E20)/HYBRID,Uttarakhand(21),2026,JAN,674
10,PETROL/ETHANOL,Uttarakhand(21),2026,JAN,"16,348"
11,PETROL/HYBRID,Uttarakhand(21),2026,JAN,99
12,PURE EV,Uttarakhand(21),2026,JAN,"1,160"
13,STRONG HYBRID EV,Uttarakhand(21),2026,JAN,165
1,CNG ONLY,Uttarakhand(21),2026,FEB,66
2,DIESEL,Uttarakhand(21),2026,FEB,"1,530"
3,DIESEL/HYBRID,Uttarakhand(21),2026,FEB,10
4,ELECTRIC(BOV),Uttarakhand(21),2026,FEB,297
5,NOT APPLICABLE,Uttarakhand(21),2026,FEB,24
6,PETROL,Uttarakhand(21),2026,FEB,"3,263"
7,PETROL/CNG,Uttarakhand(21),2026,FEB,84
8,PETROL(E20)/CNG,Uttarakhand(21),2026,FEB,241
9,PETROL(E20)/HYBRID,Uttarakhand(21),2026,FEB,254
10,PETROL/ETHANOL,Uttarakhand(21),2026,FEB,"8,922"
11,PETROL/HYBRID,Uttarakhand(21),2026,FEB,50
12,PURE EV,Uttarakhand(21),2026,FEB,787
13,STRONG HYBRID EV,Uttarakhand(21),2026,FEB,67
1,CNG ONLY,Uttar Pradesh(77),2026,JAN,"5,054"
2,DIESEL,Uttar Pradesh(77),2026,JAN,"38,880"
3,DIESEL/HYBRID,Uttar Pradesh(77),2026,JAN,70
4,ELECTRIC(BOV),Uttar Pradesh(77),2026,JAN,"11,622"
5,LPG ONLY,Uttar Pradesh(77),2026,JAN,58
6,NOT APPLICABLE,Uttar Pradesh(77),2026,JAN,1
7,PETROL,Uttar Pradesh(77),2026,JAN,"1,18,074"
8,PETROL/CNG,Uttar Pradesh(77),2026,JAN,"5,046"
9,PETROL(E20)/CNG,Uttar Pradesh(77),2026,JAN,"17,132"
10,PETROL(E20)/HYBRID,Uttar Pradesh(77),2026,JAN,"2,629"
11,PETROL(E20)/HYBRID/CNG,Uttar Pradesh(77),2026,JAN,1
12,PETROL(E20)/LPG,Uttar Pradesh(77),2026,JAN,5
13,PETROL/ETHANOL,Uttar Pradesh(77),2026,JAN,"1,43,284"
14,PETROL/HYBRID,Uttar Pradesh(77),2026,JAN,600
15,PETROL/LPG,Uttar Pradesh(77),2026,JAN,12
16,PURE EV,Uttar Pradesh(77),2026,JAN,"22,430"
17,STRONG HYBRID EV,Uttar Pradesh(77),2026,JAN,"1,135"
1,CNG ONLY,Uttar Pradesh(77),2026,FEB,"2,683"
2,DIESEL,Uttar Pradesh(77),2026,FEB,"22,269"
3,DIESEL/HYBRID,Uttar Pradesh(77),2026,FEB,59
4,ELECTRIC(BOV),Uttar Pradesh(77),2026,FEB,"7,248"
5,LPG ONLY,Uttar Pradesh(77),2026,FEB,22
6,NOT APPLICABLE,Uttar Pradesh(77),2026,FEB,0
7,PETROL,Uttar Pradesh(77),2026,FEB,"89,680"
8,PETROL/CNG,Uttar Pradesh(77),2026,FEB,"1,768"
9,PETROL(E20)/CNG,Uttar Pradesh(77),2026,FEB,"8,623"
10,PETROL(E20)/HYBRID,Uttar Pradesh(77),2026,FEB,925
11,PETROL(E20)/HYBRID/CNG,Uttar Pradesh(77),2026,FEB,0
12,PETROL(E20)/LPG,Uttar Pradesh(77),2026,FEB,0
13,PETROL/ETHANOL,Uttar Pradesh(77),2026,FEB,"98,186"
14,PETROL/HYBRID,Uttar Pradesh(77),2026,FEB,324
15,PETROL/LPG,Uttar Pradesh(77),2026,FEB,0
16,PURE EV,Uttar Pradesh(77),2026,FEB,"13,165"
17,STRONG HYBRID EV,Uttar Pradesh(77),2026,FEB,509
1,CNG ONLY,West Bengal(59),2026,JAN,214
2,DIESEL,West Bengal(59),2026,JAN,"7,329"
3,DIESEL/HYBRID,West Bengal(59),2026,JAN,15
4,ELECTRIC(BOV),West Bengal(59),2026,JAN,"13,442"
5,ETHANOL,West Bengal(59),2026,JAN,0
6,LPG ONLY,West Bengal(59),2026,JAN,460
7,NOT APPLICABLE,West Bengal(59),2026,JAN,44
8,PETROL,West Bengal(59),2026,JAN,"21,438"
9,PETROL/CNG,West Bengal(59),2026,JAN,134
10,PETROL(E20)/CNG,West Bengal(59),2026,JAN,"1,036"
11,PETROL(E20)/HYBRID,West Bengal(59),2026,JAN,789
12,PETROL(E20)/LPG,West Bengal(59),2026,JAN,24
13,PETROL/ETHANOL,West Bengal(59),2026,JAN,"68,220"
14,PETROL/HYBRID,West Bengal(59),2026,JAN,171
15,PETROL/LPG,West Bengal(59),2026,JAN,44
16,PURE EV,West Bengal(59),2026,JAN,"7,484"
17,STRONG HYBRID EV,West Bengal(59),2026,JAN,233
1,CNG ONLY,West Bengal(59),2026,FEB,135
2,DIESEL,West Bengal(59),2026,FEB,"5,498"
3,DIESEL/HYBRID,West Bengal(59),2026,FEB,16
4,ELECTRIC(BOV),West Bengal(59),2026,FEB,"6,793"
5,ETHANOL,West Bengal(59),2026,FEB,1
6,LPG ONLY,West Bengal(59),2026,FEB,390
7,NOT APPLICABLE,West Bengal(59),2026,FEB,30
8,PETROL,West Bengal(59),2026,FEB,"15,680"
9,PETROL/CNG,West Bengal(59),2026,FEB,83
10,PETROL(E20)/CNG,West Bengal(59),2026,FEB,791
11,PETROL(E20)/HYBRID,West Bengal(59),2026,FEB,463
12,PETROL(E20)/LPG,West Bengal(59),2026,FEB,1
13,PETROL/ETHANOL,West Bengal(59),2026,FEB,"48,859"
14,PETROL/HYBRID,West Bengal(59),2026,FEB,74
15,PETROL/LPG,West Bengal(59),2026,FEB,0
16,PURE EV,West Bengal(59),2026,FEB,"4,850"
17,STRONG HYBRID EV,West Bengal(59),2026,FEB,124
