state_code,state_name,vehicle_group,maker,year,count
-1,All India,TWO WHEELER,ADAPTED VEHICLE,2WIC,7112
-1,All India,TWO WHEELER,ADAPTED VEHICLE,2WN,0
-1,All India,TWO WHEELER,ADAPTED VEHICLE,2WT,0
-1,All India,TWO WHEELER,M-CYCLE/SCOOTER,2WIC,0
-1,All India,TWO WHEELER,M-CYCLE/SCOOTER,2WN,3027647
-1,All India,TWO WHEELER,M-CYCLE/SCOOTER,2WT,0
-1,All India,TWO WHEELER,M-CYCLE/SCOOTER-WITH SIDE CAR,2WIC,0
-1,All India,TWO WHEELER,M-CYCLE/SCOOTER-WITH SIDE CAR,2WN,796
-1,All India,TWO WHEELER,M-CYCLE/SCOOTER-WITH SIDE CAR,2WT,0
-1,All India,TWO WHEELER,MOPED,2WIC,0
-1,All India,TWO WHEELER,MOPED,2WN,59124
-1,All India,TWO WHEELER,MOPED,2WT,0
-1,All India,TWO WHEELER,MOTOR CYCLE/SCOOTER-SIDECAR(T),2WIC,0
-1,All India,TWO WHEELER,MOTOR CYCLE/SCOOTER-SIDECAR(T),2WN,0
-1,All India,TWO WHEELER,MOTOR CYCLE/SCOOTER-SIDECAR(T),2WT,14
-1,All India,TWO WHEELER,MOTOR CYCLE/SCOOTER-USED FOR HIRE,2WIC,0
-1,All India,TWO WHEELER,MOTOR CYCLE/SCOOTER-USED FOR HIRE,2WN,0
-1,All India,TWO WHEELER,MOTOR CYCLE/SCOOTER-USED FOR HIRE,2WT,3349
-1,All India,TWO WHEELER,MOTORISED CYCLE (CC > 25CC),2WIC,0
-1,All India,TWO WHEELER,MOTORISED CYCLE (CC > 25CC),2WN,24245
-1,All India,TWO WHEELER,MOTORISED CYCLE (CC > 25CC),2WT,0
-1,All India,TWO WHEELER,ADAPTED VEHICLE,2WIC,7112
-1,All India,TWO WHEELER,ADAPTED VEHICLE,2WN,0
-1,All India,TWO WHEELER,ADAPTED VEHICLE,2WT,0
-1,All India,TWO WHEELER,M-CYCLE/SCOOTER,2WIC,0
-1,All India,TWO WHEELER,M-CYCLE/SCOOTER,2WN,3027647
-1,All India,TWO WHEELER,M-CYCLE/SCOOTER,2WT,0
-1,All India,TWO WHEELER,M-CYCLE/SCOOTER-WITH SIDE CAR,2WIC,0
-1,All India,TWO WHEELER,M-CYCLE/SCOOTER-WITH SIDE CAR,2WN,796
-1,All India,TWO WHEELER,M-CYCLE/SCOOTER-WITH SIDE CAR,2WT,0
-1,All India,TWO WHEELER,MOPED,2WIC,0
-1,All India,TWO WHEELER,MOPED,2WN,59124
-1,All India,TWO WHEELER,MOPED,2WT,0
-1,All India,TWO WHEELER,MOTOR CYCLE/SCOOTER-SIDECAR(T),2WIC,0
-1,All India,TWO WHEELER,MOTOR CYCLE/SCOOTER-SIDECAR(T),2WN,0
-1,All India,TWO WHEELER,MOTOR CYCLE/SCOOTER-SIDECAR(T),2WT,14
-1,All India,TWO WHEELER,MOTOR CYCLE/SCOOTER-USED FOR HIRE,2WIC,0
-1,All India,TWO WHEELER,MOTOR CYCLE/SCOOTER-USED FOR HIRE,2WN,0
-1,All India,TWO WHEELER,MOTOR CYCLE/SCOOTER-USED FOR HIRE,2WT,3349
-1,All India,TWO WHEELER,MOTORISED CYCLE (CC > 25CC),2WIC,0
-1,All India,TWO WHEELER,MOTORISED CYCLE (CC > 25CC),2WN,24245
-1,All India,TWO WHEELER,MOTORISED CYCLE (CC > 25CC),2WT,0
-1,All India,THREE WHEELER,ADAPTED VEHICLE,2WIC,7112
-1,All India,THREE WHEELER,ADAPTED VEHICLE,2WN,0
-1,All India,THREE WHEELER,ADAPTED VEHICLE,2WT,0
-1,All India,THREE WHEELER,M-CYCLE/SCOOTER,2WIC,0
-1,All India,THREE WHEELER,M-CYCLE/SCOOTER,2WN,3027647
-1,All India,THREE WHEELER,M-CYCLE/SCOOTER,2WT,0
-1,All India,THREE WHEELER,M-CYCLE/SCOOTER-WITH SIDE CAR,2WIC,0
-1,All India,THREE WHEELER,M-CYCLE/SCOOTER-WITH SIDE CAR,2WN,796
-1,All India,THREE WHEELER,M-CYCLE/SCOOTER-WITH SIDE CAR,2WT,0
-1,All India,THREE WHEELER,MOPED,2WIC,0
-1,All India,THREE WHEELER,MOPED,2WN,59124
-1,All India,THREE WHEELER,MOPED,2WT,0
-1,All India,THREE WHEELER,MOTOR CYCLE/SCOOTER-SIDECAR(T),2WIC,0
-1,All India,THREE WHEELER,MOTOR CYCLE/SCOOTER-SIDECAR(T),2WN,0
-1,All India,THREE WHEELER,MOTOR CYCLE/SCOOTER-SIDECAR(T),2WT,14
-1,All India,THREE WHEELER,MOTOR CYCLE/SCOOTER-USED FOR HIRE,2WIC,0
-1,All India,THREE WHEELER,MOTOR CYCLE/SCOOTER-USED FOR HIRE,2WN,0
-1,All India,THREE WHEELER,MOTOR CYCLE/SCOOTER-USED FOR HIRE,2WT,3349
-1,All India,THREE WHEELER,MOTORISED CYCLE (CC > 25CC),2WIC,0
-1,All India,THREE WHEELER,MOTORISED CYCLE (CC > 25CC),2WN,24245
-1,All India,THREE WHEELER,MOTORISED CYCLE (CC > 25CC),2WT,0
-1,All India,THREE WHEELER,3EV INDUSTRIES PVT LTD,2WIC,142
-1,All India,THREE WHEELER,3EV INDUSTRIES PVT LTD,2WN,0
-1,All India,THREE WHEELER,3EV INDUSTRIES PVT LTD,2WT,1
-1,All India,THREE WHEELER,3EV INDUSTRIES PVT LTD,,1
-1,All India,THREE WHEELER,3EV INDUSTRIES PVT LTD,,12
-1,All India,THREE WHEELER,3GB TECHNOLOGY PVT LTD,2WIC,7
-1,All India,THREE WHEELER,3GB TECHNOLOGY PVT LTD,2WN,5
-1,All India,THREE WHEELER,3GB TECHNOLOGY PVT LTD,2WT,41
-1,All India,THREE WHEELER,3GB TECHNOLOGY PVT LTD,,50
-1,All India,THREE WHEELER,3GB TECHNOLOGY PVT LTD,,24
-1,All India,THREE WHEELER,3S INDUSTRIES PRIVATE LIMITED,2WIC,67
-1,All India,THREE WHEELER,3S INDUSTRIES PRIVATE LIMITED,2WN,142
-1,All India,THREE WHEELER,3S INDUSTRIES PRIVATE LIMITED,2WT,103
-1,All India,THREE WHEELER,3S INDUSTRIES PRIVATE LIMITED,,6
-1,All India,THREE WHEELER,3S INDUSTRIES PRIVATE LIMITED,,9
-1,All India,THREE WHEELER,786 ENGINEERING WORKS AP105382023,2WIC,0
-1,All India,THREE WHEELER,786 ENGINEERING WORKS AP105382023,2WN,0
-1,All India,THREE WHEELER,786 ENGINEERING WORKS AP105382023,2WT,0
-1,All India,THREE WHEELER,786 ENGINEERING WORKS AP105382023,,1
-1,All India,THREE WHEELER,786 ENGINEERING WORKS AP105382023,,1
-1,All India,THREE WHEELER,A1 HEAVY EQUIPMENTS DEVELOPER,2WIC,7
-1,All India,THREE WHEELER,A1 HEAVY EQUIPMENTS DEVELOPER,2WN,37
-1,All India,THREE WHEELER,A1 HEAVY EQUIPMENTS DEVELOPER,2WT,121
-1,All India,THREE WHEELER,A1 HEAVY EQUIPMENTS DEVELOPER,,35
-1,All India,THREE WHEELER,A1 HEAVY EQUIPMENTS DEVELOPER,,18
-1,All India,THREE WHEELER,A-1 SUREJA INDUSTRIES,2WIC,0
-1,All India,THREE WHEELER,A-1 SUREJA INDUSTRIES,2WN,0
-1,All India,THREE WHEELER,A-1 SUREJA INDUSTRIES,2WT,0
-1,All India,THREE WHEELER,A-1 SUREJA INDUSTRIES,,0
-1,All India,THREE WHEELER,A-1 SUREJA INDUSTRIES,,1
-1,All India,THREE WHEELER,A3T INCORPORTED,2WIC,18
-1,All India,THREE WHEELER,A3T INCORPORTED,2WN,11
-1,All India,THREE WHEELER,A3T INCORPORTED,2WT,170
-1,All India,THREE WHEELER,A3T INCORPORTED,,275
-1,All India,THREE WHEELER,A3T INCORPORTED,,105
-1,All India,THREE WHEELER,AADHYA ENTERPRISES,2WIC,9
-1,All India,THREE WHEELER,AADHYA ENTERPRISES,2WN,69
-1,All India,THREE WHEELER,AADHYA ENTERPRISES,2WT,121
-1,All India,THREE WHEELER,AADHYA ENTERPRISES,,9
-1,All India,THREE WHEELER,AADHYA ENTERPRISES,,50
-1,All India,THREE WHEELER,AADITYA EMOTORS INDIA PVT LTD,2WIC,1
-1,All India,THREE WHEELER,AADITYA EMOTORS INDIA PVT LTD,2WN,14
-1,All India,THREE WHEELER,AADITYA EMOTORS INDIA PVT LTD,2WT,31
-1,All India,THREE WHEELER,AADITYA EMOTORS INDIA PVT LTD,,248
-1,All India,THREE WHEELER,AADITYA EMOTORS INDIA PVT LTD,,486
-1,All India,THREE WHEELER,AADITYA GARBAGE PRODUCTS PVT LTD,2WIC,0
-1,All India,THREE WHEELER,AADITYA GARBAGE PRODUCTS PVT LTD,2WN,2
-1,All India,THREE WHEELER,AADITYA GARBAGE PRODUCTS PVT LTD,2WT,16
-1,All India,THREE WHEELER,AADITYA GARBAGE PRODUCTS PVT LTD,,0
-1,All India,THREE WHEELER,AADITYA GARBAGE PRODUCTS PVT LTD,,4
-1,All India,THREE WHEELER,AAHANA COMMERCE PVT LTD,2WIC,202
-1,All India,THREE WHEELER,AAHANA COMMERCE PVT LTD,2WN,61
-1,All India,THREE WHEELER,AAHANA COMMERCE PVT LTD,2WT,0
-1,All India,THREE WHEELER,AAHANA COMMERCE PVT LTD,,0
-1,All India,THREE WHEELER,AAHANA COMMERCE PVT LTD,,0
-1,All India,THREE WHEELER,AAKK AUTO PVT LTD,2WIC,0
-1,All India,THREE WHEELER,AAKK AUTO PVT LTD,2WN,0
-1,All India,THREE WHEELER,AAKK AUTO PVT LTD,2WT,0
-1,All India,THREE WHEELER,AAKK AUTO PVT LTD,,1
-1,All India,THREE WHEELER,AAKK AUTO PVT LTD,,0
-1,All India,THREE WHEELER,A AND Z MOTOR CO P LTD,2WIC,0
-1,All India,THREE WHEELER,A AND Z MOTOR CO P LTD,2WN,0
-1,All India,THREE WHEELER,A AND Z MOTOR CO P LTD,2WT,0
-1,All India,THREE WHEELER,A AND Z MOTOR CO P LTD,,9
-1,All India,THREE WHEELER,A AND Z MOTOR CO P LTD,,12
-1,All India,THREE WHEELER,AARGEE ELECTRIC,2WIC,10
-1,All India,THREE WHEELER,AARGEE ELECTRIC,2WN,0
-1,All India,THREE WHEELER,AARGEE ELECTRIC,2WT,0
-1,All India,THREE WHEELER,AARGEE ELECTRIC,,0
-1,All India,THREE WHEELER,AARGEE ELECTRIC,,1
-1,All India,THREE WHEELER,AARTI AGRO INDUSTRIES,2WIC,0
-1,All India,THREE WHEELER,AARTI AGRO INDUSTRIES,2WN,0
-1,All India,THREE WHEELER,AARTI AGRO INDUSTRIES,2WT,0
-1,All India,THREE WHEELER,AARTI AGRO INDUSTRIES,,0
-1,All India,THREE WHEELER,AARTI AGRO INDUSTRIES,,1
-1,All India,THREE WHEELER,AARYA AUTOMOBILES,2WIC,3
-1,All India,THREE WHEELER,AARYA AUTOMOBILES,2WN,1
-1,All India,THREE WHEELER,AARYA AUTOMOBILES,2WT,0
-1,All India,THREE WHEELER,AARYA AUTOMOBILES,,3
-1,All India,THREE WHEELER,AARYA AUTOMOBILES,,1
-1,All India,THREE WHEELER,AASHI INDIA AUTOMOBILES PVT LTD,2WIC,1
-1,All India,THREE WHEELER,AASHI INDIA AUTOMOBILES PVT LTD,2WN,15
-1,All India,THREE WHEELER,AASHI INDIA AUTOMOBILES PVT LTD,2WT,29
-1,All India,THREE WHEELER,AASHI INDIA AUTOMOBILES PVT LTD,,45
-1,All India,THREE WHEELER,AASHI INDIA AUTOMOBILES PVT LTD,,14
-1,All India,THREE WHEELER,A. A. TRAILOR,2WIC,0
-1,All India,THREE WHEELER,A. A. TRAILOR,2WN,1
-1,All India,THREE WHEELER,A. A. TRAILOR,2WT,0
-1,All India,THREE WHEELER,A. A. TRAILOR,,0
-1,All India,THREE WHEELER,A. A. TRAILOR,,0
-1,All India,THREE WHEELER,A.B. AGRO ENGINEERING WORKS,2WIC,0
-1,All India,THREE WHEELER,A.B. AGRO ENGINEERING WORKS,2WN,1
-1,All India,THREE WHEELER,A.B. AGRO ENGINEERING WORKS,2WT,0
-1,All India,THREE WHEELER,A.B. AGRO ENGINEERING WORKS,,2
-1,All India,THREE WHEELER,A.B. AGRO ENGINEERING WORKS,,1
-1,All India,THREE WHEELER,A B EXCAVATORS & EARTHMOVER LTD,2WIC,1
-1,All India,THREE WHEELER,A B EXCAVATORS & EARTHMOVER LTD,2WN,10
-1,All India,THREE WHEELER,A B EXCAVATORS & EARTHMOVER LTD,2WT,9
-1,All India,THREE WHEELER,A B EXCAVATORS & EARTHMOVER LTD,,12
-1,All India,THREE WHEELER,A B EXCAVATORS & EARTHMOVER LTD,,5
-1,All India,THREE WHEELER,A B EXCAVATORS & EARTHMOVERS PVT LTD,2WIC,0
-1,All India,THREE WHEELER,A B EXCAVATORS & EARTHMOVERS PVT LTD,2WN,1
-1,All India,THREE WHEELER,A B EXCAVATORS & EARTHMOVERS PVT LTD,2WT,5
-1,All India,THREE WHEELER,A B EXCAVATORS & EARTHMOVERS PVT LTD,,7
-1,All India,THREE WHEELER,A B EXCAVATORS & EARTHMOVERS PVT LTD,,2
-1,All India,THREE WHEELER,ABHARAN MOTORS PRIVATE LTD,2WIC,0
-1,All India,THREE WHEELER,ABHARAN MOTORS PRIVATE LTD,2WN,0
-1,All India,THREE WHEELER,ABHARAN MOTORS PRIVATE LTD,2WT,0
-1,All India,THREE WHEELER,ABHARAN MOTORS PRIVATE LTD,,1
-1,All India,THREE WHEELER,ABHARAN MOTORS PRIVATE LTD,,4
-1,All India,THREE WHEELER,ABHAVIS TECHNOLOGY (I) PVT LTD,2WIC,0
-1,All India,THREE WHEELER,ABHAVIS TECHNOLOGY (I) PVT LTD,2WN,0
-1,All India,THREE WHEELER,ABHAVIS TECHNOLOGY (I) PVT LTD,2WT,0
-1,All India,THREE WHEELER,ABHAVIS TECHNOLOGY (I) PVT LTD,,4
-1,All India,THREE WHEELER,ABHAVIS TECHNOLOGY (I) PVT LTD,,1
-1,All India,THREE WHEELER,ABHAY AGRO INDUSTRIES,2WIC,0
-1,All India,THREE WHEELER,ABHAY AGRO INDUSTRIES,2WN,0
-1,All India,THREE WHEELER,ABHAY AGRO INDUSTRIES,2WT,0
-1,All India,THREE WHEELER,ABHAY AGRO INDUSTRIES,,0
-1,All India,THREE WHEELER,ABHAY AGRO INDUSTRIES,,20
-1,All India,THREE WHEELER,ABHISHEK  ENGINEERING WORKS,2WIC,0
-1,All India,THREE WHEELER,ABHISHEK  ENGINEERING WORKS,2WN,0
-1,All India,THREE WHEELER,ABHISHEK  ENGINEERING WORKS,2WT,0
-1,All India,THREE WHEELER,ABHISHEK  ENGINEERING WORKS,,31
-1,All India,THREE WHEELER,ABHISHEK  ENGINEERING WORKS,,52
-1,All India,FOUR WHEELER,3EV INDUSTRIES PVT LTD,4WIC,142
-1,All India,FOUR WHEELER,3EV INDUSTRIES PVT LTD,LMV,0
-1,All India,FOUR WHEELER,3EV INDUSTRIES PVT LTD,MMV,1
-1,All India,FOUR WHEELER,3EV INDUSTRIES PVT LTD,HMV,1
-1,All India,FOUR WHEELER,3EV INDUSTRIES PVT LTD,,12
-1,All India,FOUR WHEELER,3GB TECHNOLOGY PVT LTD,4WIC,7
-1,All India,FOUR WHEELER,3GB TECHNOLOGY PVT LTD,LMV,5
-1,All India,FOUR WHEELER,3GB TECHNOLOGY PVT LTD,MMV,41
-1,All India,FOUR WHEELER,3GB TECHNOLOGY PVT LTD,HMV,50
-1,All India,FOUR WHEELER,3GB TECHNOLOGY PVT LTD,,24
-1,All India,FOUR WHEELER,3S INDUSTRIES PRIVATE LIMITED,4WIC,67
-1,All India,FOUR WHEELER,3S INDUSTRIES PRIVATE LIMITED,LMV,142
-1,All India,FOUR WHEELER,3S INDUSTRIES PRIVATE LIMITED,MMV,103
-1,All India,FOUR WHEELER,3S INDUSTRIES PRIVATE LIMITED,HMV,6
-1,All India,FOUR WHEELER,3S INDUSTRIES PRIVATE LIMITED,,9
-1,All India,FOUR WHEELER,786 ENGINEERING WORKS AP105382023,4WIC,0
-1,All India,FOUR WHEELER,786 ENGINEERING WORKS AP105382023,LMV,0
-1,All India,FOUR WHEELER,786 ENGINEERING WORKS AP105382023,MMV,0
-1,All India,FOUR WHEELER,786 ENGINEERING WORKS AP105382023,HMV,1
-1,All India,FOUR WHEELER,786 ENGINEERING WORKS AP105382023,,1
-1,All India,FOUR WHEELER,A1 HEAVY EQUIPMENTS DEVELOPER,4WIC,7
-1,All India,FOUR WHEELER,A1 HEAVY EQUIPMENTS DEVELOPER,LMV,37
-1,All India,FOUR WHEELER,A1 HEAVY EQUIPMENTS DEVELOPER,MMV,121
-1,All India,FOUR WHEELER,A1 HEAVY EQUIPMENTS DEVELOPER,HMV,35
-1,All India,FOUR WHEELER,A1 HEAVY EQUIPMENTS DEVELOPER,,18
-1,All India,FOUR WHEELER,A-1 SUREJA INDUSTRIES,4WIC,0
-1,All India,FOUR WHEELER,A-1 SUREJA INDUSTRIES,LMV,0
-1,All India,FOUR WHEELER,A-1 SUREJA INDUSTRIES,MMV,0
-1,All India,FOUR WHEELER,A-1 SUREJA INDUSTRIES,HMV,0
-1,All India,FOUR WHEELER,A-1 SUREJA INDUSTRIES,,1
-1,All India,FOUR WHEELER,A3T INCORPORTED,4WIC,18
-1,All India,FOUR WHEELER,A3T INCORPORTED,LMV,11
-1,All India,FOUR WHEELER,A3T INCORPORTED,MMV,170
-1,All India,FOUR WHEELER,A3T INCORPORTED,HMV,275
-1,All India,FOUR WHEELER,A3T INCORPORTED,,105
-1,All India,FOUR WHEELER,AADHYA ENTERPRISES,4WIC,9
-1,All India,FOUR WHEELER,AADHYA ENTERPRISES,LMV,69
-1,All India,FOUR WHEELER,AADHYA ENTERPRISES,MMV,121
-1,All India,FOUR WHEELER,AADHYA ENTERPRISES,HMV,9
-1,All India,FOUR WHEELER,AADHYA ENTERPRISES,,50
-1,All India,FOUR WHEELER,AADITYA EMOTORS INDIA PVT LTD,4WIC,1
-1,All India,FOUR WHEELER,AADITYA EMOTORS INDIA PVT LTD,LMV,14
-1,All India,FOUR WHEELER,AADITYA EMOTORS INDIA PVT LTD,MMV,31
-1,All India,FOUR WHEELER,AADITYA EMOTORS INDIA PVT LTD,HMV,248
-1,All India,FOUR WHEELER,AADITYA EMOTORS INDIA PVT LTD,,486
-1,All India,FOUR WHEELER,AADITYA GARBAGE PRODUCTS PVT LTD,4WIC,0
-1,All India,FOUR WHEELER,AADITYA GARBAGE PRODUCTS PVT LTD,LMV,2
-1,All India,FOUR WHEELER,AADITYA GARBAGE PRODUCTS PVT LTD,MMV,16
-1,All India,FOUR WHEELER,AADITYA GARBAGE PRODUCTS PVT LTD,HMV,0
-1,All India,FOUR WHEELER,AADITYA GARBAGE PRODUCTS PVT LTD,,4
-1,All India,FOUR WHEELER,AAHANA COMMERCE PVT LTD,4WIC,202
-1,All India,FOUR WHEELER,AAHANA COMMERCE PVT LTD,LMV,61
-1,All India,FOUR WHEELER,AAHANA COMMERCE PVT LTD,MMV,0
-1,All India,FOUR WHEELER,AAHANA COMMERCE PVT LTD,HMV,0
-1,All India,FOUR WHEELER,AAHANA COMMERCE PVT LTD,,0
-1,All India,FOUR WHEELER,AAKK AUTO PVT LTD,4WIC,0
-1,All India,FOUR WHEELER,AAKK AUTO PVT LTD,LMV,0
-1,All India,FOUR WHEELER,AAKK AUTO PVT LTD,MMV,0
-1,All India,FOUR WHEELER,AAKK AUTO PVT LTD,HMV,1
-1,All India,FOUR WHEELER,AAKK AUTO PVT LTD,,0
-1,All India,FOUR WHEELER,A AND Z MOTOR CO P LTD,4WIC,0
-1,All India,FOUR WHEELER,A AND Z MOTOR CO P LTD,LMV,0
-1,All India,FOUR WHEELER,A AND Z MOTOR CO P LTD,MMV,0
-1,All India,FOUR WHEELER,A AND Z MOTOR CO P LTD,HMV,9
-1,All India,FOUR WHEELER,A AND Z MOTOR CO P LTD,,12
-1,All India,FOUR WHEELER,AARGEE ELECTRIC,4WIC,10
-1,All India,FOUR WHEELER,AARGEE ELECTRIC,LMV,0
-1,All India,FOUR WHEELER,AARGEE ELECTRIC,MMV,0
-1,All India,FOUR WHEELER,AARGEE ELECTRIC,HMV,0
-1,All India,FOUR WHEELER,AARGEE ELECTRIC,,1
-1,All India,FOUR WHEELER,AARTI AGRO INDUSTRIES,4WIC,0
-1,All India,FOUR WHEELER,AARTI AGRO INDUSTRIES,LMV,0
-1,All India,FOUR WHEELER,AARTI AGRO INDUSTRIES,MMV,0
-1,All India,FOUR WHEELER,AARTI AGRO INDUSTRIES,HMV,0
-1,All India,FOUR WHEELER,AARTI AGRO INDUSTRIES,,1
-1,All India,FOUR WHEELER,AARYA AUTOMOBILES,4WIC,3
-1,All India,FOUR WHEELER,AARYA AUTOMOBILES,LMV,1
-1,All India,FOUR WHEELER,AARYA AUTOMOBILES,MMV,0
-1,All India,FOUR WHEELER,AARYA AUTOMOBILES,HMV,3
-1,All India,FOUR WHEELER,AARYA AUTOMOBILES,,1
-1,All India,FOUR WHEELER,AASHI INDIA AUTOMOBILES PVT LTD,4WIC,1
-1,All India,FOUR WHEELER,AASHI INDIA AUTOMOBILES PVT LTD,LMV,15
-1,All India,FOUR WHEELER,AASHI INDIA AUTOMOBILES PVT LTD,MMV,29
-1,All India,FOUR WHEELER,AASHI INDIA AUTOMOBILES PVT LTD,HMV,45
-1,All India,FOUR WHEELER,AASHI INDIA AUTOMOBILES PVT LTD,,14
-1,All India,FOUR WHEELER,A. A. TRAILOR,4WIC,0
-1,All India,FOUR WHEELER,A. A. TRAILOR,LMV,1
-1,All India,FOUR WHEELER,A. A. TRAILOR,MMV,0
-1,All India,FOUR WHEELER,A. A. TRAILOR,HMV,0
-1,All India,FOUR WHEELER,A. A. TRAILOR,,0
-1,All India,FOUR WHEELER,A.B. AGRO ENGINEERING WORKS,4WIC,0
-1,All India,FOUR WHEELER,A.B. AGRO ENGINEERING WORKS,LMV,1
-1,All India,FOUR WHEELER,A.B. AGRO ENGINEERING WORKS,MMV,0
-1,All India,FOUR WHEELER,A.B. AGRO ENGINEERING WORKS,HMV,2
-1,All India,FOUR WHEELER,A.B. AGRO ENGINEERING WORKS,,1
-1,All India,FOUR WHEELER,A B EXCAVATORS & EARTHMOVER LTD,4WIC,1
-1,All India,FOUR WHEELER,A B EXCAVATORS & EARTHMOVER LTD,LMV,10
-1,All India,FOUR WHEELER,A B EXCAVATORS & EARTHMOVER LTD,MMV,9
-1,All India,FOUR WHEELER,A B EXCAVATORS & EARTHMOVER LTD,HMV,12
-1,All India,FOUR WHEELER,A B EXCAVATORS & EARTHMOVER LTD,,5
-1,All India,FOUR WHEELER,A B EXCAVATORS & EARTHMOVERS PVT LTD,4WIC,0
-1,All India,FOUR WHEELER,A B EXCAVATORS & EARTHMOVERS PVT LTD,LMV,1
-1,All India,FOUR WHEELER,A B EXCAVATORS & EARTHMOVERS PVT LTD,MMV,5
-1,All India,FOUR WHEELER,A B EXCAVATORS & EARTHMOVERS PVT LTD,HMV,7
-1,All India,FOUR WHEELER,A B EXCAVATORS & EARTHMOVERS PVT LTD,,2
-1,All India,FOUR WHEELER,ABHARAN MOTORS PRIVATE LTD,4WIC,0
-1,All India,FOUR WHEELER,ABHARAN MOTORS PRIVATE LTD,LMV,0
-1,All India,FOUR WHEELER,ABHARAN MOTORS PRIVATE LTD,MMV,0
-1,All India,FOUR WHEELER,ABHARAN MOTORS PRIVATE LTD,HMV,1
-1,All India,FOUR WHEELER,ABHARAN MOTORS PRIVATE LTD,,4
-1,All India,FOUR WHEELER,ABHAVIS TECHNOLOGY (I) PVT LTD,4WIC,0
-1,All India,FOUR WHEELER,ABHAVIS TECHNOLOGY (I) PVT LTD,LMV,0
-1,All India,FOUR WHEELER,ABHAVIS TECHNOLOGY (I) PVT LTD,MMV,0
-1,All India,FOUR WHEELER,ABHAVIS TECHNOLOGY (I) PVT LTD,HMV,4
-1,All India,FOUR WHEELER,ABHAVIS TECHNOLOGY (I) PVT LTD,,1
-1,All India,FOUR WHEELER,ABHAY AGRO INDUSTRIES,4WIC,0
-1,All India,FOUR WHEELER,ABHAY AGRO INDUSTRIES,LMV,0
-1,All India,FOUR WHEELER,ABHAY AGRO INDUSTRIES,MMV,0
-1,All India,FOUR WHEELER,ABHAY AGRO INDUSTRIES,HMV,0
-1,All India,FOUR WHEELER,ABHAY AGRO INDUSTRIES,,20
-1,All India,FOUR WHEELER,ABHISHEK  ENGINEERING WORKS,4WIC,0
-1,All India,FOUR WHEELER,ABHISHEK  ENGINEERING WORKS,LMV,0
-1,All India,FOUR WHEELER,ABHISHEK  ENGINEERING WORKS,MMV,0
-1,All India,FOUR WHEELER,ABHISHEK  ENGINEERING WORKS,HMV,31
-1,All India,FOUR WHEELER,ABHISHEK  ENGINEERING WORKS,,52
-1,All India,FOUR WHEELER,3EV INDUSTRIES PVT LTD,4WIC,142
-1,All India,FOUR WHEELER,3EV INDUSTRIES PVT LTD,LMV,0
-1,All India,FOUR WHEELER,3EV INDUSTRIES PVT LTD,MMV,1
-1,All India,FOUR WHEELER,3EV INDUSTRIES PVT LTD,HMV,1
-1,All India,FOUR WHEELER,3EV INDUSTRIES PVT LTD,,12
-1,All India,FOUR WHEELER,3GB TECHNOLOGY PVT LTD,4WIC,7
-1,All India,FOUR WHEELER,3GB TECHNOLOGY PVT LTD,LMV,5
-1,All India,FOUR WHEELER,3GB TECHNOLOGY PVT LTD,MMV,41
-1,All India,FOUR WHEELER,3GB TECHNOLOGY PVT LTD,HMV,50
-1,All India,FOUR WHEELER,3GB TECHNOLOGY PVT LTD,,24
-1,All India,FOUR WHEELER,3S INDUSTRIES PRIVATE LIMITED,4WIC,67
-1,All India,FOUR WHEELER,3S INDUSTRIES PRIVATE LIMITED,LMV,142
-1,All India,FOUR WHEELER,3S INDUSTRIES PRIVATE LIMITED,MMV,103
-1,All India,FOUR WHEELER,3S INDUSTRIES PRIVATE LIMITED,HMV,6
-1,All India,FOUR WHEELER,3S INDUSTRIES PRIVATE LIMITED,,9
-1,All India,FOUR WHEELER,786 ENGINEERING WORKS AP105382023,4WIC,0
-1,All India,FOUR WHEELER,786 ENGINEERING WORKS AP105382023,LMV,0
-1,All India,FOUR WHEELER,786 ENGINEERING WORKS AP105382023,MMV,0
-1,All India,FOUR WHEELER,786 ENGINEERING WORKS AP105382023,HMV,1
-1,All India,FOUR WHEELER,786 ENGINEERING WORKS AP105382023,,1
-1,All India,FOUR WHEELER,A1 HEAVY EQUIPMENTS DEVELOPER,4WIC,7
-1,All India,FOUR WHEELER,A1 HEAVY EQUIPMENTS DEVELOPER,LMV,37
-1,All India,FOUR WHEELER,A1 HEAVY EQUIPMENTS DEVELOPER,MMV,121
-1,All India,FOUR WHEELER,A1 HEAVY EQUIPMENTS DEVELOPER,HMV,35
-1,All India,FOUR WHEELER,A1 HEAVY EQUIPMENTS DEVELOPER,,18
-1,All India,FOUR WHEELER,A-1 SUREJA INDUSTRIES,4WIC,0
-1,All India,FOUR WHEELER,A-1 SUREJA INDUSTRIES,LMV,0
-1,All India,FOUR WHEELER,A-1 SUREJA INDUSTRIES,MMV,0
-1,All India,FOUR WHEELER,A-1 SUREJA INDUSTRIES,HMV,0
-1,All India,FOUR WHEELER,A-1 SUREJA INDUSTRIES,,1
-1,All India,FOUR WHEELER,A3T INCORPORTED,4WIC,18
-1,All India,FOUR WHEELER,A3T INCORPORTED,LMV,11
-1,All India,FOUR WHEELER,A3T INCORPORTED,MMV,170
-1,All India,FOUR WHEELER,A3T INCORPORTED,HMV,275
-1,All India,FOUR WHEELER,A3T INCORPORTED,,105
-1,All India,FOUR WHEELER,AADHYA ENTERPRISES,4WIC,9
-1,All India,FOUR WHEELER,AADHYA ENTERPRISES,LMV,69
-1,All India,FOUR WHEELER,AADHYA ENTERPRISES,MMV,121
-1,All India,FOUR WHEELER,AADHYA ENTERPRISES,HMV,9
-1,All India,FOUR WHEELER,AADHYA ENTERPRISES,,50
-1,All India,FOUR WHEELER,AADITYA EMOTORS INDIA PVT LTD,4WIC,1
-1,All India,FOUR WHEELER,AADITYA EMOTORS INDIA PVT LTD,LMV,14
-1,All India,FOUR WHEELER,AADITYA EMOTORS INDIA PVT LTD,MMV,31
-1,All India,FOUR WHEELER,AADITYA EMOTORS INDIA PVT LTD,HMV,248
-1,All India,FOUR WHEELER,AADITYA EMOTORS INDIA PVT LTD,,486
-1,All India,FOUR WHEELER,AADITYA GARBAGE PRODUCTS PVT LTD,4WIC,0
-1,All India,FOUR WHEELER,AADITYA GARBAGE PRODUCTS PVT LTD,LMV,2
-1,All India,FOUR WHEELER,AADITYA GARBAGE PRODUCTS PVT LTD,MMV,16
-1,All India,FOUR WHEELER,AADITYA GARBAGE PRODUCTS PVT LTD,HMV,0
-1,All India,FOUR WHEELER,AADITYA GARBAGE PRODUCTS PVT LTD,,4
-1,All India,FOUR WHEELER,AAHANA COMMERCE PVT LTD,4WIC,202
-1,All India,FOUR WHEELER,AAHANA COMMERCE PVT LTD,LMV,61
-1,All India,FOUR WHEELER,AAHANA COMMERCE PVT LTD,MMV,0
-1,All India,FOUR WHEELER,AAHANA COMMERCE PVT LTD,HMV,0
-1,All India,FOUR WHEELER,AAHANA COMMERCE PVT LTD,,0
-1,All India,FOUR WHEELER,AAKK AUTO PVT LTD,4WIC,0
-1,All India,FOUR WHEELER,AAKK AUTO PVT LTD,LMV,0
-1,All India,FOUR WHEELER,AAKK AUTO PVT LTD,MMV,0
-1,All India,FOUR WHEELER,AAKK AUTO PVT LTD,HMV,1
-1,All India,FOUR WHEELER,AAKK AUTO PVT LTD,,0
-1,All India,FOUR WHEELER,A AND Z MOTOR CO P LTD,4WIC,0
-1,All India,FOUR WHEELER,A AND Z MOTOR CO P LTD,LMV,0
-1,All India,FOUR WHEELER,A AND Z MOTOR CO P LTD,MMV,0
-1,All India,FOUR WHEELER,A AND Z MOTOR CO P LTD,HMV,9
-1,All India,FOUR WHEELER,A AND Z MOTOR CO P LTD,,12
-1,All India,FOUR WHEELER,AARGEE ELECTRIC,4WIC,10
-1,All India,FOUR WHEELER,AARGEE ELECTRIC,LMV,0
-1,All India,FOUR WHEELER,AARGEE ELECTRIC,MMV,0
-1,All India,FOUR WHEELER,AARGEE ELECTRIC,HMV,0
-1,All India,FOUR WHEELER,AARGEE ELECTRIC,,1
-1,All India,FOUR WHEELER,AARTI AGRO INDUSTRIES,4WIC,0
-1,All India,FOUR WHEELER,AARTI AGRO INDUSTRIES,LMV,0
-1,All India,FOUR WHEELER,AARTI AGRO INDUSTRIES,MMV,0
-1,All India,FOUR WHEELER,AARTI AGRO INDUSTRIES,HMV,0
-1,All India,FOUR WHEELER,AARTI AGRO INDUSTRIES,,1
-1,All India,FOUR WHEELER,AARYA AUTOMOBILES,4WIC,3
-1,All India,FOUR WHEELER,AARYA AUTOMOBILES,LMV,1
-1,All India,FOUR WHEELER,AARYA AUTOMOBILES,MMV,0
-1,All India,FOUR WHEELER,AARYA AUTOMOBILES,HMV,3
-1,All India,FOUR WHEELER,AARYA AUTOMOBILES,,1
-1,All India,FOUR WHEELER,AASHI INDIA AUTOMOBILES PVT LTD,4WIC,1
-1,All India,FOUR WHEELER,AASHI INDIA AUTOMOBILES PVT LTD,LMV,15
-1,All India,FOUR WHEELER,AASHI INDIA AUTOMOBILES PVT LTD,MMV,29
-1,All India,FOUR WHEELER,AASHI INDIA AUTOMOBILES PVT LTD,HMV,45
-1,All India,FOUR WHEELER,AASHI INDIA AUTOMOBILES PVT LTD,,14
-1,All India,FOUR WHEELER,A. A. TRAILOR,4WIC,0
-1,All India,FOUR WHEELER,A. A. TRAILOR,LMV,1
-1,All India,FOUR WHEELER,A. A. TRAILOR,MMV,0
-1,All India,FOUR WHEELER,A. A. TRAILOR,HMV,0
-1,All India,FOUR WHEELER,A. A. TRAILOR,,0
-1,All India,FOUR WHEELER,A.B. AGRO ENGINEERING WORKS,4WIC,0
-1,All India,FOUR WHEELER,A.B. AGRO ENGINEERING WORKS,LMV,1
-1,All India,FOUR WHEELER,A.B. AGRO ENGINEERING WORKS,MMV,0
-1,All India,FOUR WHEELER,A.B. AGRO ENGINEERING WORKS,HMV,2
-1,All India,FOUR WHEELER,A.B. AGRO ENGINEERING WORKS,,1
-1,All India,FOUR WHEELER,A B EXCAVATORS & EARTHMOVER LTD,4WIC,1
-1,All India,FOUR WHEELER,A B EXCAVATORS & EARTHMOVER LTD,LMV,10
-1,All India,FOUR WHEELER,A B EXCAVATORS & EARTHMOVER LTD,MMV,9
-1,All India,FOUR WHEELER,A B EXCAVATORS & EARTHMOVER LTD,HMV,12
-1,All India,FOUR WHEELER,A B EXCAVATORS & EARTHMOVER LTD,,5
-1,All India,FOUR WHEELER,A B EXCAVATORS & EARTHMOVERS PVT LTD,4WIC,0
-1,All India,FOUR WHEELER,A B EXCAVATORS & EARTHMOVERS PVT LTD,LMV,1
-1,All India,FOUR WHEELER,A B EXCAVATORS & EARTHMOVERS PVT LTD,MMV,5
-1,All India,FOUR WHEELER,A B EXCAVATORS & EARTHMOVERS PVT LTD,HMV,7
-1,All India,FOUR WHEELER,A B EXCAVATORS & EARTHMOVERS PVT LTD,,2
-1,All India,FOUR WHEELER,ABHARAN MOTORS PRIVATE LTD,4WIC,0
-1,All India,FOUR WHEELER,ABHARAN MOTORS PRIVATE LTD,LMV,0
-1,All India,FOUR WHEELER,ABHARAN MOTORS PRIVATE LTD,MMV,0
-1,All India,FOUR WHEELER,ABHARAN MOTORS PRIVATE LTD,HMV,1
-1,All India,FOUR WHEELER,ABHARAN MOTORS PRIVATE LTD,,4
-1,All India,FOUR WHEELER,ABHAVIS TECHNOLOGY (I) PVT LTD,4WIC,0
-1,All India,FOUR WHEELER,ABHAVIS TECHNOLOGY (I) PVT LTD,LMV,0
-1,All India,FOUR WHEELER,ABHAVIS TECHNOLOGY (I) PVT LTD,MMV,0
-1,All India,FOUR WHEELER,ABHAVIS TECHNOLOGY (I) PVT LTD,HMV,4
-1,All India,FOUR WHEELER,ABHAVIS TECHNOLOGY (I) PVT LTD,,1
-1,All India,FOUR WHEELER,ABHAY AGRO INDUSTRIES,4WIC,0
-1,All India,FOUR WHEELER,ABHAY AGRO INDUSTRIES,LMV,0
-1,All India,FOUR WHEELER,ABHAY AGRO INDUSTRIES,MMV,0
-1,All India,FOUR WHEELER,ABHAY AGRO INDUSTRIES,HMV,0
-1,All India,FOUR WHEELER,ABHAY AGRO INDUSTRIES,,20
-1,All India,FOUR WHEELER,ABHISHEK  ENGINEERING WORKS,4WIC,0
-1,All India,FOUR WHEELER,ABHISHEK  ENGINEERING WORKS,LMV,0
-1,All India,FOUR WHEELER,ABHISHEK  ENGINEERING WORKS,MMV,0
-1,All India,FOUR WHEELER,ABHISHEK  ENGINEERING WORKS,HMV,31
-1,All India,FOUR WHEELER,ABHISHEK  ENGINEERING WORKS,,52
-1,All India,AMBULANCE/HEARSES,3EV INDUSTRIES PVT LTD,4WIC,142
-1,All India,AMBULANCE/HEARSES,3EV INDUSTRIES PVT LTD,LMV,0
-1,All India,AMBULANCE/HEARSES,3EV INDUSTRIES PVT LTD,MMV,1
-1,All India,AMBULANCE/HEARSES,3EV INDUSTRIES PVT LTD,HMV,1
-1,All India,AMBULANCE/HEARSES,3EV INDUSTRIES PVT LTD,,12
-1,All India,AMBULANCE/HEARSES,3GB TECHNOLOGY PVT LTD,4WIC,7
-1,All India,AMBULANCE/HEARSES,3GB TECHNOLOGY PVT LTD,LMV,5
-1,All India,AMBULANCE/HEARSES,3GB TECHNOLOGY PVT LTD,MMV,41
-1,All India,AMBULANCE/HEARSES,3GB TECHNOLOGY PVT LTD,HMV,50
-1,All India,AMBULANCE/HEARSES,3GB TECHNOLOGY PVT LTD,,24
-1,All India,AMBULANCE/HEARSES,3S INDUSTRIES PRIVATE LIMITED,4WIC,67
-1,All India,AMBULANCE/HEARSES,3S INDUSTRIES PRIVATE LIMITED,LMV,142
-1,All India,AMBULANCE/HEARSES,3S INDUSTRIES PRIVATE LIMITED,MMV,103
-1,All India,AMBULANCE/HEARSES,3S INDUSTRIES PRIVATE LIMITED,HMV,6
-1,All India,AMBULANCE/HEARSES,3S INDUSTRIES PRIVATE LIMITED,,9
-1,All India,AMBULANCE/HEARSES,786 ENGINEERING WORKS AP105382023,4WIC,0
-1,All India,AMBULANCE/HEARSES,786 ENGINEERING WORKS AP105382023,LMV,0
-1,All India,AMBULANCE/HEARSES,786 ENGINEERING WORKS AP105382023,MMV,0
-1,All India,AMBULANCE/HEARSES,786 ENGINEERING WORKS AP105382023,HMV,1
-1,All India,AMBULANCE/HEARSES,786 ENGINEERING WORKS AP105382023,,1
-1,All India,AMBULANCE/HEARSES,A1 HEAVY EQUIPMENTS DEVELOPER,4WIC,7
-1,All India,AMBULANCE/HEARSES,A1 HEAVY EQUIPMENTS DEVELOPER,LMV,37
-1,All India,AMBULANCE/HEARSES,A1 HEAVY EQUIPMENTS DEVELOPER,MMV,121
-1,All India,AMBULANCE/HEARSES,A1 HEAVY EQUIPMENTS DEVELOPER,HMV,35
-1,All India,AMBULANCE/HEARSES,A1 HEAVY EQUIPMENTS DEVELOPER,,18
-1,All India,AMBULANCE/HEARSES,A-1 SUREJA INDUSTRIES,4WIC,0
-1,All India,AMBULANCE/HEARSES,A-1 SUREJA INDUSTRIES,LMV,0
-1,All India,AMBULANCE/HEARSES,A-1 SUREJA INDUSTRIES,MMV,0
-1,All India,AMBULANCE/HEARSES,A-1 SUREJA INDUSTRIES,HMV,0
-1,All India,AMBULANCE/HEARSES,A-1 SUREJA INDUSTRIES,,1
-1,All India,AMBULANCE/HEARSES,A3T INCORPORTED,4WIC,18
-1,All India,AMBULANCE/HEARSES,A3T INCORPORTED,LMV,11
-1,All India,AMBULANCE/HEARSES,A3T INCORPORTED,MMV,170
-1,All India,AMBULANCE/HEARSES,A3T INCORPORTED,HMV,275
-1,All India,AMBULANCE/HEARSES,A3T INCORPORTED,,105
-1,All India,AMBULANCE/HEARSES,AADHYA ENTERPRISES,4WIC,9
-1,All India,AMBULANCE/HEARSES,AADHYA ENTERPRISES,LMV,69
-1,All India,AMBULANCE/HEARSES,AADHYA ENTERPRISES,MMV,121
-1,All India,AMBULANCE/HEARSES,AADHYA ENTERPRISES,HMV,9
-1,All India,AMBULANCE/HEARSES,AADHYA ENTERPRISES,,50
-1,All India,AMBULANCE/HEARSES,AADITYA EMOTORS INDIA PVT LTD,4WIC,1
-1,All India,AMBULANCE/HEARSES,AADITYA EMOTORS INDIA PVT LTD,LMV,14
-1,All India,AMBULANCE/HEARSES,AADITYA EMOTORS INDIA PVT LTD,MMV,31
-1,All India,AMBULANCE/HEARSES,AADITYA EMOTORS INDIA PVT LTD,HMV,248
-1,All India,AMBULANCE/HEARSES,AADITYA EMOTORS INDIA PVT LTD,,486
-1,All India,AMBULANCE/HEARSES,AADITYA GARBAGE PRODUCTS PVT LTD,4WIC,0
-1,All India,AMBULANCE/HEARSES,AADITYA GARBAGE PRODUCTS PVT LTD,LMV,2
-1,All India,AMBULANCE/HEARSES,AADITYA GARBAGE PRODUCTS PVT LTD,MMV,16
-1,All India,AMBULANCE/HEARSES,AADITYA GARBAGE PRODUCTS PVT LTD,HMV,0
-1,All India,AMBULANCE/HEARSES,AADITYA GARBAGE PRODUCTS PVT LTD,,4
-1,All India,AMBULANCE/HEARSES,AAHANA COMMERCE PVT LTD,4WIC,202
-1,All India,AMBULANCE/HEARSES,AAHANA COMMERCE PVT LTD,LMV,61
-1,All India,AMBULANCE/HEARSES,AAHANA COMMERCE PVT LTD,MMV,0
-1,All India,AMBULANCE/HEARSES,AAHANA COMMERCE PVT LTD,HMV,0
-1,All India,AMBULANCE/HEARSES,AAHANA COMMERCE PVT LTD,,0
-1,All India,AMBULANCE/HEARSES,AAKK AUTO PVT LTD,4WIC,0
-1,All India,AMBULANCE/HEARSES,AAKK AUTO PVT LTD,LMV,0
-1,All India,AMBULANCE/HEARSES,AAKK AUTO PVT LTD,MMV,0
-1,All India,AMBULANCE/HEARSES,AAKK AUTO PVT LTD,HMV,1
-1,All India,AMBULANCE/HEARSES,AAKK AUTO PVT LTD,,0
-1,All India,AMBULANCE/HEARSES,A AND Z MOTOR CO P LTD,4WIC,0
-1,All India,AMBULANCE/HEARSES,A AND Z MOTOR CO P LTD,LMV,0
-1,All India,AMBULANCE/HEARSES,A AND Z MOTOR CO P LTD,MMV,0
-1,All India,AMBULANCE/HEARSES,A AND Z MOTOR CO P LTD,HMV,9
-1,All India,AMBULANCE/HEARSES,A AND Z MOTOR CO P LTD,,12
-1,All India,AMBULANCE/HEARSES,AARGEE ELECTRIC,4WIC,10
-1,All India,AMBULANCE/HEARSES,AARGEE ELECTRIC,LMV,0
-1,All India,AMBULANCE/HEARSES,AARGEE ELECTRIC,MMV,0
-1,All India,AMBULANCE/HEARSES,AARGEE ELECTRIC,HMV,0
-1,All India,AMBULANCE/HEARSES,AARGEE ELECTRIC,,1
-1,All India,AMBULANCE/HEARSES,AARTI AGRO INDUSTRIES,4WIC,0
-1,All India,AMBULANCE/HEARSES,AARTI AGRO INDUSTRIES,LMV,0
-1,All India,AMBULANCE/HEARSES,AARTI AGRO INDUSTRIES,MMV,0
-1,All India,AMBULANCE/HEARSES,AARTI AGRO INDUSTRIES,HMV,0
-1,All India,AMBULANCE/HEARSES,AARTI AGRO INDUSTRIES,,1
-1,All India,AMBULANCE/HEARSES,AARYA AUTOMOBILES,4WIC,3
-1,All India,AMBULANCE/HEARSES,AARYA AUTOMOBILES,LMV,1
-1,All India,AMBULANCE/HEARSES,AARYA AUTOMOBILES,MMV,0
-1,All India,AMBULANCE/HEARSES,AARYA AUTOMOBILES,HMV,3
-1,All India,AMBULANCE/HEARSES,AARYA AUTOMOBILES,,1
-1,All India,AMBULANCE/HEARSES,AASHI INDIA AUTOMOBILES PVT LTD,4WIC,1
-1,All India,AMBULANCE/HEARSES,AASHI INDIA AUTOMOBILES PVT LTD,LMV,15
-1,All India,AMBULANCE/HEARSES,AASHI INDIA AUTOMOBILES PVT LTD,MMV,29
-1,All India,AMBULANCE/HEARSES,AASHI INDIA AUTOMOBILES PVT LTD,HMV,45
-1,All India,AMBULANCE/HEARSES,AASHI INDIA AUTOMOBILES PVT LTD,,14
-1,All India,AMBULANCE/HEARSES,A. A. TRAILOR,4WIC,0
-1,All India,AMBULANCE/HEARSES,A. A. TRAILOR,LMV,1
-1,All India,AMBULANCE/HEARSES,A. A. TRAILOR,MMV,0
-1,All India,AMBULANCE/HEARSES,A. A. TRAILOR,HMV,0
-1,All India,AMBULANCE/HEARSES,A. A. TRAILOR,,0
-1,All India,AMBULANCE/HEARSES,A.B. AGRO ENGINEERING WORKS,4WIC,0
-1,All India,AMBULANCE/HEARSES,A.B. AGRO ENGINEERING WORKS,LMV,1
-1,All India,AMBULANCE/HEARSES,A.B. AGRO ENGINEERING WORKS,MMV,0
-1,All India,AMBULANCE/HEARSES,A.B. AGRO ENGINEERING WORKS,HMV,2
-1,All India,AMBULANCE/HEARSES,A.B. AGRO ENGINEERING WORKS,,1
-1,All India,AMBULANCE/HEARSES,A B EXCAVATORS & EARTHMOVER LTD,4WIC,1
-1,All India,AMBULANCE/HEARSES,A B EXCAVATORS & EARTHMOVER LTD,LMV,10
-1,All India,AMBULANCE/HEARSES,A B EXCAVATORS & EARTHMOVER LTD,MMV,9
-1,All India,AMBULANCE/HEARSES,A B EXCAVATORS & EARTHMOVER LTD,HMV,12
-1,All India,AMBULANCE/HEARSES,A B EXCAVATORS & EARTHMOVER LTD,,5
-1,All India,AMBULANCE/HEARSES,A B EXCAVATORS & EARTHMOVERS PVT LTD,4WIC,0
-1,All India,AMBULANCE/HEARSES,A B EXCAVATORS & EARTHMOVERS PVT LTD,LMV,1
-1,All India,AMBULANCE/HEARSES,A B EXCAVATORS & EARTHMOVERS PVT LTD,MMV,5
-1,All India,AMBULANCE/HEARSES,A B EXCAVATORS & EARTHMOVERS PVT LTD,HMV,7
-1,All India,AMBULANCE/HEARSES,A B EXCAVATORS & EARTHMOVERS PVT LTD,,2
-1,All India,AMBULANCE/HEARSES,ABHARAN MOTORS PRIVATE LTD,4WIC,0
-1,All India,AMBULANCE/HEARSES,ABHARAN MOTORS PRIVATE LTD,LMV,0
-1,All India,AMBULANCE/HEARSES,ABHARAN MOTORS PRIVATE LTD,MMV,0
-1,All India,AMBULANCE/HEARSES,ABHARAN MOTORS PRIVATE LTD,HMV,1
-1,All India,AMBULANCE/HEARSES,ABHARAN MOTORS PRIVATE LTD,,4
-1,All India,AMBULANCE/HEARSES,ABHAVIS TECHNOLOGY (I) PVT LTD,4WIC,0
-1,All India,AMBULANCE/HEARSES,ABHAVIS TECHNOLOGY (I) PVT LTD,LMV,0
-1,All India,AMBULANCE/HEARSES,ABHAVIS TECHNOLOGY (I) PVT LTD,MMV,0
-1,All India,AMBULANCE/HEARSES,ABHAVIS TECHNOLOGY (I) PVT LTD,HMV,4
-1,All India,AMBULANCE/HEARSES,ABHAVIS TECHNOLOGY (I) PVT LTD,,1
-1,All India,AMBULANCE/HEARSES,ABHAY AGRO INDUSTRIES,4WIC,0
-1,All India,AMBULANCE/HEARSES,ABHAY AGRO INDUSTRIES,LMV,0
-1,All India,AMBULANCE/HEARSES,ABHAY AGRO INDUSTRIES,MMV,0
-1,All India,AMBULANCE/HEARSES,ABHAY AGRO INDUSTRIES,HMV,0
-1,All India,AMBULANCE/HEARSES,ABHAY AGRO INDUSTRIES,,20
-1,All India,AMBULANCE/HEARSES,ABHISHEK  ENGINEERING WORKS,4WIC,0
-1,All India,AMBULANCE/HEARSES,ABHISHEK  ENGINEERING WORKS,LMV,0
-1,All India,AMBULANCE/HEARSES,ABHISHEK  ENGINEERING WORKS,MMV,0
-1,All India,AMBULANCE/HEARSES,ABHISHEK  ENGINEERING WORKS,HMV,31
-1,All India,AMBULANCE/HEARSES,ABHISHEK  ENGINEERING WORKS,,52
-1,All India,TRACTOR,3EV INDUSTRIES PVT LTD,LMV,142
-1,All India,TRACTOR,3EV INDUSTRIES PVT LTD,HMV,0
-1,All India,TRACTOR,3EV INDUSTRIES PVT LTD,MMV,1
-1,All India,TRACTOR,3EV INDUSTRIES PVT LTD,LGV,1
-1,All India,TRACTOR,3EV INDUSTRIES PVT LTD,MGV,12
-1,All India,TRACTOR,3GB TECHNOLOGY PVT LTD,LMV,7
-1,All India,TRACTOR,3GB TECHNOLOGY PVT LTD,HMV,5
-1,All India,TRACTOR,3GB TECHNOLOGY PVT LTD,MMV,41
-1,All India,TRACTOR,3GB TECHNOLOGY PVT LTD,LGV,50
-1,All India,TRACTOR,3GB TECHNOLOGY PVT LTD,MGV,24
-1,All India,TRACTOR,3S INDUSTRIES PRIVATE LIMITED,LMV,67
-1,All India,TRACTOR,3S INDUSTRIES PRIVATE LIMITED,HMV,142
-1,All India,TRACTOR,3S INDUSTRIES PRIVATE LIMITED,MMV,103
-1,All India,TRACTOR,3S INDUSTRIES PRIVATE LIMITED,LGV,6
-1,All India,TRACTOR,3S INDUSTRIES PRIVATE LIMITED,MGV,9
-1,All India,TRACTOR,786 ENGINEERING WORKS AP105382023,LMV,0
-1,All India,TRACTOR,786 ENGINEERING WORKS AP105382023,HMV,0
-1,All India,TRACTOR,786 ENGINEERING WORKS AP105382023,MMV,0
-1,All India,TRACTOR,786 ENGINEERING WORKS AP105382023,LGV,1
-1,All India,TRACTOR,786 ENGINEERING WORKS AP105382023,MGV,1
-1,All India,TRACTOR,A1 HEAVY EQUIPMENTS DEVELOPER,LMV,7
-1,All India,TRACTOR,A1 HEAVY EQUIPMENTS DEVELOPER,HMV,37
-1,All India,TRACTOR,A1 HEAVY EQUIPMENTS DEVELOPER,MMV,121
-1,All India,TRACTOR,A1 HEAVY EQUIPMENTS DEVELOPER,LGV,35
-1,All India,TRACTOR,A1 HEAVY EQUIPMENTS DEVELOPER,MGV,18
-1,All India,TRACTOR,A-1 SUREJA INDUSTRIES,LMV,0
-1,All India,TRACTOR,A-1 SUREJA INDUSTRIES,HMV,0
-1,All India,TRACTOR,A-1 SUREJA INDUSTRIES,MMV,0
-1,All India,TRACTOR,A-1 SUREJA INDUSTRIES,LGV,0
-1,All India,TRACTOR,A-1 SUREJA INDUSTRIES,MGV,1
-1,All India,TRACTOR,A3T INCORPORTED,LMV,18
-1,All India,TRACTOR,A3T INCORPORTED,HMV,11
-1,All India,TRACTOR,A3T INCORPORTED,MMV,170
-1,All India,TRACTOR,A3T INCORPORTED,LGV,275
-1,All India,TRACTOR,A3T INCORPORTED,MGV,105
-1,All India,TRACTOR,AADHYA ENTERPRISES,LMV,9
-1,All India,TRACTOR,AADHYA ENTERPRISES,HMV,69
-1,All India,TRACTOR,AADHYA ENTERPRISES,MMV,121
-1,All India,TRACTOR,AADHYA ENTERPRISES,LGV,9
-1,All India,TRACTOR,AADHYA ENTERPRISES,MGV,50
-1,All India,TRACTOR,AADITYA EMOTORS INDIA PVT LTD,LMV,1
-1,All India,TRACTOR,AADITYA EMOTORS INDIA PVT LTD,HMV,14
-1,All India,TRACTOR,AADITYA EMOTORS INDIA PVT LTD,MMV,31
-1,All India,TRACTOR,AADITYA EMOTORS INDIA PVT LTD,LGV,248
-1,All India,TRACTOR,AADITYA EMOTORS INDIA PVT LTD,MGV,486
-1,All India,TRACTOR,AADITYA GARBAGE PRODUCTS PVT LTD,LMV,0
-1,All India,TRACTOR,AADITYA GARBAGE PRODUCTS PVT LTD,HMV,2
-1,All India,TRACTOR,AADITYA GARBAGE PRODUCTS PVT LTD,MMV,16
-1,All India,TRACTOR,AADITYA GARBAGE PRODUCTS PVT LTD,LGV,0
-1,All India,TRACTOR,AADITYA GARBAGE PRODUCTS PVT LTD,MGV,4
-1,All India,TRACTOR,AAHANA COMMERCE PVT LTD,LMV,202
-1,All India,TRACTOR,AAHANA COMMERCE PVT LTD,HMV,61
-1,All India,TRACTOR,AAHANA COMMERCE PVT LTD,MMV,0
-1,All India,TRACTOR,AAHANA COMMERCE PVT LTD,LGV,0
-1,All India,TRACTOR,AAHANA COMMERCE PVT LTD,MGV,0
-1,All India,TRACTOR,AAKK AUTO PVT LTD,LMV,0
-1,All India,TRACTOR,AAKK AUTO PVT LTD,HMV,0
-1,All India,TRACTOR,AAKK AUTO PVT LTD,MMV,0
-1,All India,TRACTOR,AAKK AUTO PVT LTD,LGV,1
-1,All India,TRACTOR,AAKK AUTO PVT LTD,MGV,0
-1,All India,TRACTOR,A AND Z MOTOR CO P LTD,LMV,0
-1,All India,TRACTOR,A AND Z MOTOR CO P LTD,HMV,0
-1,All India,TRACTOR,A AND Z MOTOR CO P LTD,MMV,0
-1,All India,TRACTOR,A AND Z MOTOR CO P LTD,LGV,9
-1,All India,TRACTOR,A AND Z MOTOR CO P LTD,MGV,12
-1,All India,TRACTOR,AARGEE ELECTRIC,LMV,10
-1,All India,TRACTOR,AARGEE ELECTRIC,HMV,0
-1,All India,TRACTOR,AARGEE ELECTRIC,MMV,0
-1,All India,TRACTOR,AARGEE ELECTRIC,LGV,0
-1,All India,TRACTOR,AARGEE ELECTRIC,MGV,1
-1,All India,TRACTOR,AARTI AGRO INDUSTRIES,LMV,0
-1,All India,TRACTOR,AARTI AGRO INDUSTRIES,HMV,0
-1,All India,TRACTOR,AARTI AGRO INDUSTRIES,MMV,0
-1,All India,TRACTOR,AARTI AGRO INDUSTRIES,LGV,0
-1,All India,TRACTOR,AARTI AGRO INDUSTRIES,MGV,1
-1,All India,TRACTOR,AARYA AUTOMOBILES,LMV,3
-1,All India,TRACTOR,AARYA AUTOMOBILES,HMV,1
-1,All India,TRACTOR,AARYA AUTOMOBILES,MMV,0
-1,All India,TRACTOR,AARYA AUTOMOBILES,LGV,3
-1,All India,TRACTOR,AARYA AUTOMOBILES,MGV,1
-1,All India,TRACTOR,AASHI INDIA AUTOMOBILES PVT LTD,LMV,1
-1,All India,TRACTOR,AASHI INDIA AUTOMOBILES PVT LTD,HMV,15
-1,All India,TRACTOR,AASHI INDIA AUTOMOBILES PVT LTD,MMV,29
-1,All India,TRACTOR,AASHI INDIA AUTOMOBILES PVT LTD,LGV,45
-1,All India,TRACTOR,AASHI INDIA AUTOMOBILES PVT LTD,MGV,14
-1,All India,TRACTOR,A. A. TRAILOR,LMV,0
-1,All India,TRACTOR,A. A. TRAILOR,HMV,1
-1,All India,TRACTOR,A. A. TRAILOR,MMV,0
-1,All India,TRACTOR,A. A. TRAILOR,LGV,0
-1,All India,TRACTOR,A. A. TRAILOR,MGV,0
-1,All India,TRACTOR,A.B. AGRO ENGINEERING WORKS,LMV,0
-1,All India,TRACTOR,A.B. AGRO ENGINEERING WORKS,HMV,1
-1,All India,TRACTOR,A.B. AGRO ENGINEERING WORKS,MMV,0
-1,All India,TRACTOR,A.B. AGRO ENGINEERING WORKS,LGV,2
-1,All India,TRACTOR,A.B. AGRO ENGINEERING WORKS,MGV,1
-1,All India,TRACTOR,A B EXCAVATORS & EARTHMOVER LTD,LMV,1
-1,All India,TRACTOR,A B EXCAVATORS & EARTHMOVER LTD,HMV,10
-1,All India,TRACTOR,A B EXCAVATORS & EARTHMOVER LTD,MMV,9
-1,All India,TRACTOR,A B EXCAVATORS & EARTHMOVER LTD,LGV,12
-1,All India,TRACTOR,A B EXCAVATORS & EARTHMOVER LTD,MGV,5
-1,All India,TRACTOR,A B EXCAVATORS & EARTHMOVERS PVT LTD,LMV,0
-1,All India,TRACTOR,A B EXCAVATORS & EARTHMOVERS PVT LTD,HMV,1
-1,All India,TRACTOR,A B EXCAVATORS & EARTHMOVERS PVT LTD,MMV,5
-1,All India,TRACTOR,A B EXCAVATORS & EARTHMOVERS PVT LTD,LGV,7
-1,All India,TRACTOR,A B EXCAVATORS & EARTHMOVERS PVT LTD,MGV,2
-1,All India,TRACTOR,ABHARAN MOTORS PRIVATE LTD,LMV,0
-1,All India,TRACTOR,ABHARAN MOTORS PRIVATE LTD,HMV,0
-1,All India,TRACTOR,ABHARAN MOTORS PRIVATE LTD,MMV,0
-1,All India,TRACTOR,ABHARAN MOTORS PRIVATE LTD,LGV,1
-1,All India,TRACTOR,ABHARAN MOTORS PRIVATE LTD,MGV,4
-1,All India,TRACTOR,ABHAVIS TECHNOLOGY (I) PVT LTD,LMV,0
-1,All India,TRACTOR,ABHAVIS TECHNOLOGY (I) PVT LTD,HMV,0
-1,All India,TRACTOR,ABHAVIS TECHNOLOGY (I) PVT LTD,MMV,0
-1,All India,TRACTOR,ABHAVIS TECHNOLOGY (I) PVT LTD,LGV,4
-1,All India,TRACTOR,ABHAVIS TECHNOLOGY (I) PVT LTD,MGV,1
-1,All India,TRACTOR,ABHAY AGRO INDUSTRIES,LMV,0
-1,All India,TRACTOR,ABHAY AGRO INDUSTRIES,HMV,0
-1,All India,TRACTOR,ABHAY AGRO INDUSTRIES,MMV,0
-1,All India,TRACTOR,ABHAY AGRO INDUSTRIES,LGV,0
-1,All India,TRACTOR,ABHAY AGRO INDUSTRIES,MGV,20
-1,All India,TRACTOR,ABHISHEK  ENGINEERING WORKS,LMV,0
-1,All India,TRACTOR,ABHISHEK  ENGINEERING WORKS,HMV,0
-1,All India,TRACTOR,ABHISHEK  ENGINEERING WORKS,MMV,0
-1,All India,TRACTOR,ABHISHEK  ENGINEERING WORKS,LGV,31
-1,All India,TRACTOR,ABHISHEK  ENGINEERING WORKS,MGV,52
-1,All India,TRACTOR,3EV INDUSTRIES PVT LTD,LMV,142
-1,All India,TRACTOR,3EV INDUSTRIES PVT LTD,HMV,0
-1,All India,TRACTOR,3EV INDUSTRIES PVT LTD,MMV,1
-1,All India,TRACTOR,3EV INDUSTRIES PVT LTD,LGV,1
-1,All India,TRACTOR,3EV INDUSTRIES PVT LTD,MGV,12
-1,All India,TRACTOR,3GB TECHNOLOGY PVT LTD,LMV,7
-1,All India,TRACTOR,3GB TECHNOLOGY PVT LTD,HMV,5
-1,All India,TRACTOR,3GB TECHNOLOGY PVT LTD,MMV,41
-1,All India,TRACTOR,3GB TECHNOLOGY PVT LTD,LGV,50
-1,All India,TRACTOR,3GB TECHNOLOGY PVT LTD,MGV,24
-1,All India,TRACTOR,3S INDUSTRIES PRIVATE LIMITED,LMV,67
-1,All India,TRACTOR,3S INDUSTRIES PRIVATE LIMITED,HMV,142
-1,All India,TRACTOR,3S INDUSTRIES PRIVATE LIMITED,MMV,103
-1,All India,TRACTOR,3S INDUSTRIES PRIVATE LIMITED,LGV,6
-1,All India,TRACTOR,3S INDUSTRIES PRIVATE LIMITED,MGV,9
-1,All India,TRACTOR,786 ENGINEERING WORKS AP105382023,LMV,0
-1,All India,TRACTOR,786 ENGINEERING WORKS AP105382023,HMV,0
-1,All India,TRACTOR,786 ENGINEERING WORKS AP105382023,MMV,0
-1,All India,TRACTOR,786 ENGINEERING WORKS AP105382023,LGV,1
-1,All India,TRACTOR,786 ENGINEERING WORKS AP105382023,MGV,1
-1,All India,TRACTOR,A1 HEAVY EQUIPMENTS DEVELOPER,LMV,7
-1,All India,TRACTOR,A1 HEAVY EQUIPMENTS DEVELOPER,HMV,37
-1,All India,TRACTOR,A1 HEAVY EQUIPMENTS DEVELOPER,MMV,121
-1,All India,TRACTOR,A1 HEAVY EQUIPMENTS DEVELOPER,LGV,35
-1,All India,TRACTOR,A1 HEAVY EQUIPMENTS DEVELOPER,MGV,18
-1,All India,TRACTOR,A-1 SUREJA INDUSTRIES,LMV,0
-1,All India,TRACTOR,A-1 SUREJA INDUSTRIES,HMV,0
-1,All India,TRACTOR,A-1 SUREJA INDUSTRIES,MMV,0
-1,All India,TRACTOR,A-1 SUREJA INDUSTRIES,LGV,0
-1,All India,TRACTOR,A-1 SUREJA INDUSTRIES,MGV,1
-1,All India,TRACTOR,A3T INCORPORTED,LMV,18
-1,All India,TRACTOR,A3T INCORPORTED,HMV,11
-1,All India,TRACTOR,A3T INCORPORTED,MMV,170
-1,All India,TRACTOR,A3T INCORPORTED,LGV,275
-1,All India,TRACTOR,A3T INCORPORTED,MGV,105
-1,All India,TRACTOR,AADHYA ENTERPRISES,LMV,9
-1,All India,TRACTOR,AADHYA ENTERPRISES,HMV,69
-1,All India,TRACTOR,AADHYA ENTERPRISES,MMV,121
-1,All India,TRACTOR,AADHYA ENTERPRISES,LGV,9
-1,All India,TRACTOR,AADHYA ENTERPRISES,MGV,50
-1,All India,TRACTOR,AADITYA EMOTORS INDIA PVT LTD,LMV,1
-1,All India,TRACTOR,AADITYA EMOTORS INDIA PVT LTD,HMV,14
-1,All India,TRACTOR,AADITYA EMOTORS INDIA PVT LTD,MMV,31
-1,All India,TRACTOR,AADITYA EMOTORS INDIA PVT LTD,LGV,248
-1,All India,TRACTOR,AADITYA EMOTORS INDIA PVT LTD,MGV,486
-1,All India,TRACTOR,AADITYA GARBAGE PRODUCTS PVT LTD,LMV,0
-1,All India,TRACTOR,AADITYA GARBAGE PRODUCTS PVT LTD,HMV,2
-1,All India,TRACTOR,AADITYA GARBAGE PRODUCTS PVT LTD,MMV,16
-1,All India,TRACTOR,AADITYA GARBAGE PRODUCTS PVT LTD,LGV,0
-1,All India,TRACTOR,AADITYA GARBAGE PRODUCTS PVT LTD,MGV,4
-1,All India,TRACTOR,AAHANA COMMERCE PVT LTD,LMV,202
-1,All India,TRACTOR,AAHANA COMMERCE PVT LTD,HMV,61
-1,All India,TRACTOR,AAHANA COMMERCE PVT LTD,MMV,0
-1,All India,TRACTOR,AAHANA COMMERCE PVT LTD,LGV,0
-1,All India,TRACTOR,AAHANA COMMERCE PVT LTD,MGV,0
-1,All India,TRACTOR,AAKK AUTO PVT LTD,LMV,0
-1,All India,TRACTOR,AAKK AUTO PVT LTD,HMV,0
-1,All India,TRACTOR,AAKK AUTO PVT LTD,MMV,0
-1,All India,TRACTOR,AAKK AUTO PVT LTD,LGV,1
-1,All India,TRACTOR,AAKK AUTO PVT LTD,MGV,0
-1,All India,TRACTOR,A AND Z MOTOR CO P LTD,LMV,0
-1,All India,TRACTOR,A AND Z MOTOR CO P LTD,HMV,0
-1,All India,TRACTOR,A AND Z MOTOR CO P LTD,MMV,0
-1,All India,TRACTOR,A AND Z MOTOR CO P LTD,LGV,9
-1,All India,TRACTOR,A AND Z MOTOR CO P LTD,MGV,12
-1,All India,TRACTOR,AARGEE ELECTRIC,LMV,10
-1,All India,TRACTOR,AARGEE ELECTRIC,HMV,0
-1,All India,TRACTOR,AARGEE ELECTRIC,MMV,0
-1,All India,TRACTOR,AARGEE ELECTRIC,LGV,0
-1,All India,TRACTOR,AARGEE ELECTRIC,MGV,1
-1,All India,TRACTOR,AARTI AGRO INDUSTRIES,LMV,0
-1,All India,TRACTOR,AARTI AGRO INDUSTRIES,HMV,0
-1,All India,TRACTOR,AARTI AGRO INDUSTRIES,MMV,0
-1,All India,TRACTOR,AARTI AGRO INDUSTRIES,LGV,0
-1,All India,TRACTOR,AARTI AGRO INDUSTRIES,MGV,1
-1,All India,TRACTOR,AARYA AUTOMOBILES,LMV,3
-1,All India,TRACTOR,AARYA AUTOMOBILES,HMV,1
-1,All India,TRACTOR,AARYA AUTOMOBILES,MMV,0
-1,All India,TRACTOR,AARYA AUTOMOBILES,LGV,3
-1,All India,TRACTOR,AARYA AUTOMOBILES,MGV,1
-1,All India,TRACTOR,AASHI INDIA AUTOMOBILES PVT LTD,LMV,1
-1,All India,TRACTOR,AASHI INDIA AUTOMOBILES PVT LTD,HMV,15
-1,All India,TRACTOR,AASHI INDIA AUTOMOBILES PVT LTD,MMV,29
-1,All India,TRACTOR,AASHI INDIA AUTOMOBILES PVT LTD,LGV,45
-1,All India,TRACTOR,AASHI INDIA AUTOMOBILES PVT LTD,MGV,14
-1,All India,TRACTOR,A. A. TRAILOR,LMV,0
-1,All India,TRACTOR,A. A. TRAILOR,HMV,1
-1,All India,TRACTOR,A. A. TRAILOR,MMV,0
-1,All India,TRACTOR,A. A. TRAILOR,LGV,0
-1,All India,TRACTOR,A. A. TRAILOR,MGV,0
-1,All India,TRACTOR,A.B. AGRO ENGINEERING WORKS,LMV,0
-1,All India,TRACTOR,A.B. AGRO ENGINEERING WORKS,HMV,1
-1,All India,TRACTOR,A.B. AGRO ENGINEERING WORKS,MMV,0
-1,All India,TRACTOR,A.B. AGRO ENGINEERING WORKS,LGV,2
-1,All India,TRACTOR,A.B. AGRO ENGINEERING WORKS,MGV,1
-1,All India,TRACTOR,A B EXCAVATORS & EARTHMOVER LTD,LMV,1
-1,All India,TRACTOR,A B EXCAVATORS & EARTHMOVER LTD,HMV,10
-1,All India,TRACTOR,A B EXCAVATORS & EARTHMOVER LTD,MMV,9
-1,All India,TRACTOR,A B EXCAVATORS & EARTHMOVER LTD,LGV,12
-1,All India,TRACTOR,A B EXCAVATORS & EARTHMOVER LTD,MGV,5
-1,All India,TRACTOR,A B EXCAVATORS & EARTHMOVERS PVT LTD,LMV,0
-1,All India,TRACTOR,A B EXCAVATORS & EARTHMOVERS PVT LTD,HMV,1
-1,All India,TRACTOR,A B EXCAVATORS & EARTHMOVERS PVT LTD,MMV,5
-1,All India,TRACTOR,A B EXCAVATORS & EARTHMOVERS PVT LTD,LGV,7
-1,All India,TRACTOR,A B EXCAVATORS & EARTHMOVERS PVT LTD,MGV,2
-1,All India,TRACTOR,ABHARAN MOTORS PRIVATE LTD,LMV,0
-1,All India,TRACTOR,ABHARAN MOTORS PRIVATE LTD,HMV,0
-1,All India,TRACTOR,ABHARAN MOTORS PRIVATE LTD,MMV,0
-1,All India,TRACTOR,ABHARAN MOTORS PRIVATE LTD,LGV,1
-1,All India,TRACTOR,ABHARAN MOTORS PRIVATE LTD,MGV,4
-1,All India,TRACTOR,ABHAVIS TECHNOLOGY (I) PVT LTD,LMV,0
-1,All India,TRACTOR,ABHAVIS TECHNOLOGY (I) PVT LTD,HMV,0
-1,All India,TRACTOR,ABHAVIS TECHNOLOGY (I) PVT LTD,MMV,0
-1,All India,TRACTOR,ABHAVIS TECHNOLOGY (I) PVT LTD,LGV,4
-1,All India,TRACTOR,ABHAVIS TECHNOLOGY (I) PVT LTD,MGV,1
-1,All India,TRACTOR,ABHAY AGRO INDUSTRIES,LMV,0
-1,All India,TRACTOR,ABHAY AGRO INDUSTRIES,HMV,0
-1,All India,TRACTOR,ABHAY AGRO INDUSTRIES,MMV,0
-1,All India,TRACTOR,ABHAY AGRO INDUSTRIES,LGV,0
-1,All India,TRACTOR,ABHAY AGRO INDUSTRIES,MGV,20
-1,All India,TRACTOR,ABHISHEK  ENGINEERING WORKS,LMV,0
-1,All India,TRACTOR,ABHISHEK  ENGINEERING WORKS,HMV,0
-1,All India,TRACTOR,ABHISHEK  ENGINEERING WORKS,MMV,0
-1,All India,TRACTOR,ABHISHEK  ENGINEERING WORKS,LGV,31
-1,All India,TRACTOR,ABHISHEK  ENGINEERING WORKS,MGV,52
