S No,Norms,State,Year,Month Wise,Value
1,BHARAT STAGE I,All Vahan4 Running States (35/36),2026,JAN,11
2,BHARAT STAGE II,All Vahan4 Running States (35/36),2026,JAN,34
3,BHARAT STAGE III,All Vahan4 Running States (35/36),2026,JAN,104
4,BHARAT STAGE III (CEV),All Vahan4 Running States (35/36),2026,JAN,11
5,BHARAT STAGE III/IV,All Vahan4 Running States (35/36),2026,JAN,4
6,BHARAT STAGE IV,All Vahan4 Running States (35/36),2026,JAN,288
7,BHARAT STAGE VI,All Vahan4 Running States (35/36),2026,JAN,"23,93,284"
8,BHARAT (TREM) STAGE III,All Vahan4 Running States (35/36),2026,JAN,12
9,BHARAT (TREM) STAGE III A,All Vahan4 Running States (35/36),2026,JAN,"1,10,827"
10,BHARAT (TREM) STAGE III B,All Vahan4 Running States (35/36),2026,JAN,4
11,CEV STAGE IV,All Vahan4 Running States (35/36),2026,JAN,12
12,CEV STAGE V,All Vahan4 Running States (35/36),2026,JAN,"6,742"
13,EURO 1,All Vahan4 Running States (35/36),2026,JAN,7
14,EURO 2,All Vahan4 Running States (35/36),2026,JAN,0
15,EURO 3,All Vahan4 Running States (35/36),2026,JAN,6
16,EURO 6,All Vahan4 Running States (35/36),2026,JAN,10
17,NOT AVAILABLE,All Vahan4 Running States (35/36),2026,JAN,"2,27,510"
18,TREM STAGE IV,All Vahan4 Running States (35/36),2026,JAN,"3,958"
19,TREM STAGE V,All Vahan4 Running States (35/36),2026,JAN,42
1,BHARAT STAGE I,All Vahan4 Running States (35/36),2026,FEB,14
2,BHARAT STAGE II,All Vahan4 Running States (35/36),2026,FEB,14
3,BHARAT STAGE III,All Vahan4 Running States (35/36),2026,FEB,105
4,BHARAT STAGE III (CEV),All Vahan4 Running States (35/36),2026,FEB,9
5,BHARAT STAGE III/IV,All Vahan4 Running States (35/36),2026,FEB,4
6,BHARAT STAGE IV,All Vahan4 Running States (35/36),2026,FEB,166
7,BHARAT STAGE VI,All Vahan4 Running States (35/36),2026,FEB,"16,71,965"
8,BHARAT (TREM) STAGE III,All Vahan4 Running States (35/36),2026,FEB,9
9,BHARAT (TREM) STAGE III A,All Vahan4 Running States (35/36),2026,FEB,"67,515"
10,BHARAT (TREM) STAGE III B,All Vahan4 Running States (35/36),2026,FEB,17
11,CEV STAGE IV,All Vahan4 Running States (35/36),2026,FEB,27
12,CEV STAGE V,All Vahan4 Running States (35/36),2026,FEB,"5,075"
13,EURO 1,All Vahan4 Running States (35/36),2026,FEB,6
14,EURO 2,All Vahan4 Running States (35/36),2026,FEB,3
15,EURO 3,All Vahan4 Running States (35/36),2026,FEB,5
16,EURO 6,All Vahan4 Running States (35/36),2026,FEB,5
17,NOT AVAILABLE,All Vahan4 Running States (35/36),2026,FEB,"1,54,560"
18,TREM STAGE IV,All Vahan4 Running States (35/36),2026,FEB,"3,233"
19,TREM STAGE V,All Vahan4 Running States (35/36),2026,FEB,19
1,BHARAT STAGE VI,Andaman & Nicobar Island(3),2026,JAN,"1,054"
2,CEV STAGE V,Andaman & Nicobar Island(3),2026,JAN,1
3,NOT AVAILABLE,Andaman & Nicobar Island(3),2026,JAN,10
1,BHARAT STAGE VI,Andaman & Nicobar Island(3),2026,FEB,690
2,CEV STAGE V,Andaman & Nicobar Island(3),2026,FEB,0
3,NOT AVAILABLE,Andaman & Nicobar Island(3),2026,FEB,10
1,BHARAT STAGE III,Andhra Pradesh(84),2026,JAN,0
2,BHARAT STAGE VI,Andhra Pradesh(84),2026,JAN,"63,174"
3,BHARAT (TREM) STAGE III A,Andhra Pradesh(84),2026,JAN,"2,286"
4,CEV STAGE V,Andhra Pradesh(84),2026,JAN,238
5,NOT AVAILABLE,Andhra Pradesh(84),2026,JAN,"5,731"
6,TREM STAGE IV,Andhra Pradesh(84),2026,JAN,115
1,BHARAT STAGE III,Andhra Pradesh(84),2026,FEB,1
2,BHARAT STAGE VI,Andhra Pradesh(84),2026,FEB,"60,215"
3,BHARAT (TREM) STAGE III A,Andhra Pradesh(84),2026,FEB,"2,274"
4,CEV STAGE V,Andhra Pradesh(84),2026,FEB,222
5,NOT AVAILABLE,Andhra Pradesh(84),2026,FEB,"6,030"
6,TREM STAGE IV,Andhra Pradesh(84),2026,FEB,108
1,BHARAT STAGE IV,Arunachal Pradesh(29),2026,JAN,1
2,BHARAT STAGE VI,Arunachal Pradesh(29),2026,JAN,"3,361"
3,BHARAT (TREM) STAGE III A,Arunachal Pradesh(29),2026,JAN,46
4,CEV STAGE V,Arunachal Pradesh(29),2026,JAN,45
5,NOT AVAILABLE,Arunachal Pradesh(29),2026,JAN,22
6,TREM STAGE IV,Arunachal Pradesh(29),2026,JAN,2
1,BHARAT STAGE IV,Arunachal Pradesh(29),2026,FEB,1
2,BHARAT STAGE VI,Arunachal Pradesh(29),2026,FEB,"2,482"
3,BHARAT (TREM) STAGE III A,Arunachal Pradesh(29),2026,FEB,39
4,CEV STAGE V,Arunachal Pradesh(29),2026,FEB,40
5,NOT AVAILABLE,Arunachal Pradesh(29),2026,FEB,14
6,TREM STAGE IV,Arunachal Pradesh(29),2026,FEB,1
1,BHARAT STAGE III,Assam(33),2026,JAN,9
2,BHARAT STAGE III (CEV),Assam(33),2026,JAN,1
3,BHARAT STAGE III/IV,Assam(33),2026,JAN,1
4,BHARAT STAGE IV,Assam(33),2026,JAN,3
5,BHARAT STAGE VI,Assam(33),2026,JAN,"46,260"
6,BHARAT (TREM) STAGE III A,Assam(33),2026,JAN,653
7,CEV STAGE V,Assam(33),2026,JAN,97
8,EURO 6,Assam(33),2026,JAN,0
9,NOT AVAILABLE,Assam(33),2026,JAN,"7,144"
10,TREM STAGE IV,Assam(33),2026,JAN,14
1,BHARAT STAGE III,Assam(33),2026,FEB,7
2,BHARAT STAGE III (CEV),Assam(33),2026,FEB,0
3,BHARAT STAGE III/IV,Assam(33),2026,FEB,0
4,BHARAT STAGE IV,Assam(33),2026,FEB,42
5,BHARAT STAGE VI,Assam(33),2026,FEB,"31,484"
6,BHARAT (TREM) STAGE III A,Assam(33),2026,FEB,490
7,CEV STAGE V,Assam(33),2026,FEB,65
8,EURO 6,Assam(33),2026,FEB,1
9,NOT AVAILABLE,Assam(33),2026,FEB,"6,185"
10,TREM STAGE IV,Assam(33),2026,FEB,18
1,BHARAT STAGE VI,Bihar(48),2026,JAN,"1,03,419"
2,BHARAT (TREM) STAGE III A,Bihar(48),2026,JAN,"3,508"
3,CEV STAGE V,Bihar(48),2026,JAN,146
4,NOT AVAILABLE,Bihar(48),2026,JAN,"11,819"
5,TREM STAGE IV,Bihar(48),2026,JAN,103
1,BHARAT STAGE VI,Bihar(48),2026,FEB,"86,534"
2,BHARAT (TREM) STAGE III A,Bihar(48),2026,FEB,"2,287"
3,CEV STAGE V,Bihar(48),2026,FEB,114
4,NOT AVAILABLE,Bihar(48),2026,FEB,"8,157"
5,TREM STAGE IV,Bihar(48),2026,FEB,76
1,BHARAT STAGE VI,Chhattisgarh(31),2026,JAN,"64,455"
2,BHARAT (TREM) STAGE III A,Chhattisgarh(31),2026,JAN,"4,319"
3,CEV STAGE V,Chhattisgarh(31),2026,JAN,357
4,NOT AVAILABLE,Chhattisgarh(31),2026,JAN,"5,671"
5,TREM STAGE IV,Chhattisgarh(31),2026,JAN,147
1,BHARAT STAGE VI,Chhattisgarh(31),2026,FEB,"46,167"
2,BHARAT (TREM) STAGE III A,Chhattisgarh(31),2026,FEB,"2,847"
3,CEV STAGE V,Chhattisgarh(31),2026,FEB,300
4,NOT AVAILABLE,Chhattisgarh(31),2026,FEB,"3,693"
5,TREM STAGE IV,Chhattisgarh(31),2026,FEB,136
1,BHARAT STAGE III,Chandigarh(1),2026,JAN,7
2,BHARAT STAGE VI,Chandigarh(1),2026,JAN,"4,258"
3,CEV STAGE V,Chandigarh(1),2026,JAN,0
4,NOT AVAILABLE,Chandigarh(1),2026,JAN,524
1,BHARAT STAGE III,Chandigarh(1),2026,FEB,0
2,BHARAT STAGE VI,Chandigarh(1),2026,FEB,"2,868"
3,CEV STAGE V,Chandigarh(1),2026,FEB,2
4,NOT AVAILABLE,Chandigarh(1),2026,FEB,284
1,BHARAT STAGE VI,UT of DNH and DD(3),2026,JAN,"2,400"
2,BHARAT (TREM) STAGE III A,UT of DNH and DD(3),2026,JAN,0
3,CEV STAGE V,UT of DNH and DD(3),2026,JAN,11
4,NOT AVAILABLE,UT of DNH and DD(3),2026,JAN,21
1,BHARAT STAGE VI,UT of DNH and DD(3),2026,FEB,"1,873"
2,BHARAT (TREM) STAGE III A,UT of DNH and DD(3),2026,FEB,8
3,CEV STAGE V,UT of DNH and DD(3),2026,FEB,9
4,NOT AVAILABLE,UT of DNH and DD(3),2026,FEB,34
1,BHARAT STAGE IV,Delhi(16),2026,JAN,5
2,BHARAT STAGE VI,Delhi(16),2026,JAN,"77,683"
3,CEV STAGE V,Delhi(16),2026,JAN,0
4,NOT AVAILABLE,Delhi(16),2026,JAN,"7,500"
1,BHARAT STAGE IV,Delhi(16),2026,FEB,6
2,BHARAT STAGE VI,Delhi(16),2026,FEB,"45,101"
3,CEV STAGE V,Delhi(16),2026,FEB,16
4,NOT AVAILABLE,Delhi(16),2026,FEB,"3,803"
1,BHARAT STAGE VI,Goa(13),2026,JAN,"7,379"
2,BHARAT (TREM) STAGE III A,Goa(13),2026,JAN,2
3,CEV STAGE V,Goa(13),2026,JAN,15
4,NOT AVAILABLE,Goa(13),2026,JAN,764
1,BHARAT STAGE VI,Goa(13),2026,FEB,"5,167"
2,BHARAT (TREM) STAGE III A,Goa(13),2026,FEB,1
3,CEV STAGE V,Goa(13),2026,FEB,3
4,NOT AVAILABLE,Goa(13),2026,FEB,553
1,BHARAT STAGE VI,Gujarat(37),2026,JAN,"1,85,032"
2,BHARAT (TREM) STAGE III A,Gujarat(37),2026,JAN,"15,423"
3,CEV STAGE V,Gujarat(37),2026,JAN,913
4,NOT AVAILABLE,Gujarat(37),2026,JAN,"7,983"
5,TREM STAGE IV,Gujarat(37),2026,JAN,95
1,BHARAT STAGE VI,Gujarat(37),2026,FEB,"1,30,949"
2,BHARAT (TREM) STAGE III A,Gujarat(37),2026,FEB,"4,830"
3,CEV STAGE V,Gujarat(37),2026,FEB,810
4,NOT AVAILABLE,Gujarat(37),2026,FEB,"5,970"
5,TREM STAGE IV,Gujarat(37),2026,FEB,48
1,BHARAT STAGE II,Himachal Pradesh(96),2026,JAN,28
2,BHARAT STAGE III,Himachal Pradesh(96),2026,JAN,7
3,BHARAT STAGE III/IV,Himachal Pradesh(96),2026,JAN,2
4,BHARAT STAGE IV,Himachal Pradesh(96),2026,JAN,4
5,BHARAT STAGE VI,Himachal Pradesh(96),2026,JAN,"14,883"
6,BHARAT (TREM) STAGE III A,Himachal Pradesh(96),2026,JAN,302
7,CEV STAGE IV,Himachal Pradesh(96),2026,JAN,1
8,CEV STAGE V,Himachal Pradesh(96),2026,JAN,39
9,NOT AVAILABLE,Himachal Pradesh(96),2026,JAN,154
10,TREM STAGE IV,Himachal Pradesh(96),2026,JAN,3
1,BHARAT STAGE II,Himachal Pradesh(96),2026,FEB,0
2,BHARAT STAGE III,Himachal Pradesh(96),2026,FEB,0
3,BHARAT STAGE III/IV,Himachal Pradesh(96),2026,FEB,0
4,BHARAT STAGE IV,Himachal Pradesh(96),2026,FEB,0
5,BHARAT STAGE VI,Himachal Pradesh(96),2026,FEB,"9,118"
6,BHARAT (TREM) STAGE III A,Himachal Pradesh(96),2026,FEB,128
7,CEV STAGE IV,Himachal Pradesh(96),2026,FEB,0
8,CEV STAGE V,Himachal Pradesh(96),2026,FEB,24
9,NOT AVAILABLE,Himachal Pradesh(96),2026,FEB,108
10,TREM STAGE IV,Himachal Pradesh(96),2026,FEB,1
1,BHARAT STAGE III (CEV),Haryana(104),2026,JAN,3
2,BHARAT STAGE IV,Haryana(104),2026,JAN,0
3,BHARAT STAGE VI,Haryana(104),2026,JAN,"95,249"
4,BHARAT (TREM) STAGE III,Haryana(104),2026,JAN,0
5,BHARAT (TREM) STAGE III A,Haryana(104),2026,JAN,"5,197"
6,BHARAT (TREM) STAGE III B,Haryana(104),2026,JAN,4
7,CEV STAGE IV,Haryana(104),2026,JAN,1
8,CEV STAGE V,Haryana(104),2026,JAN,265
9,NOT AVAILABLE,Haryana(104),2026,JAN,"2,731"
10,TREM STAGE IV,Haryana(104),2026,JAN,243
11,TREM STAGE V,Haryana(104),2026,JAN,0
1,BHARAT STAGE III (CEV),Haryana(104),2026,FEB,3
2,BHARAT STAGE IV,Haryana(104),2026,FEB,2
3,BHARAT STAGE VI,Haryana(104),2026,FEB,"63,810"
4,BHARAT (TREM) STAGE III,Haryana(104),2026,FEB,1
5,BHARAT (TREM) STAGE III A,Haryana(104),2026,FEB,"3,910"
6,BHARAT (TREM) STAGE III B,Haryana(104),2026,FEB,17
7,CEV STAGE IV,Haryana(104),2026,FEB,3
8,CEV STAGE V,Haryana(104),2026,FEB,260
9,NOT AVAILABLE,Haryana(104),2026,FEB,"1,864"
10,TREM STAGE IV,Haryana(104),2026,FEB,276
11,TREM STAGE V,Haryana(104),2026,FEB,2
1,BHARAT STAGE III (CEV),Jharkhand(25),2026,JAN,0
2,BHARAT STAGE VI,Jharkhand(25),2026,JAN,"53,646"
3,BHARAT (TREM) STAGE III A,Jharkhand(25),2026,JAN,"1,519"
4,CEV STAGE IV,Jharkhand(25),2026,JAN,1
5,CEV STAGE V,Jharkhand(25),2026,JAN,81
6,NOT AVAILABLE,Jharkhand(25),2026,JAN,"2,797"
7,TREM STAGE IV,Jharkhand(25),2026,JAN,9
1,BHARAT STAGE III (CEV),Jharkhand(25),2026,FEB,2
2,BHARAT STAGE VI,Jharkhand(25),2026,FEB,"35,883"
3,BHARAT (TREM) STAGE III A,Jharkhand(25),2026,FEB,"1,258"
4,CEV STAGE IV,Jharkhand(25),2026,FEB,11
5,CEV STAGE V,Jharkhand(25),2026,FEB,60
6,NOT AVAILABLE,Jharkhand(25),2026,FEB,"2,299"
7,TREM STAGE IV,Jharkhand(25),2026,FEB,8
1,BHARAT STAGE III,Jammu and Kashmir(21),2026,JAN,1
2,BHARAT STAGE VI,Jammu and Kashmir(21),2026,JAN,"13,300"
3,BHARAT (TREM) STAGE III,Jammu and Kashmir(21),2026,JAN,3
4,BHARAT (TREM) STAGE III A,Jammu and Kashmir(21),2026,JAN,346
5,CEV STAGE V,Jammu and Kashmir(21),2026,JAN,27
6,NOT AVAILABLE,Jammu and Kashmir(21),2026,JAN,850
7,TREM STAGE IV,Jammu and Kashmir(21),2026,JAN,6
1,BHARAT STAGE III,Jammu and Kashmir(21),2026,FEB,0
2,BHARAT STAGE VI,Jammu and Kashmir(21),2026,FEB,"12,042"
3,BHARAT (TREM) STAGE III,Jammu and Kashmir(21),2026,FEB,1
4,BHARAT (TREM) STAGE III A,Jammu and Kashmir(21),2026,FEB,231
5,CEV STAGE V,Jammu and Kashmir(21),2026,FEB,38
6,NOT AVAILABLE,Jammu and Kashmir(21),2026,FEB,793
7,TREM STAGE IV,Jammu and Kashmir(21),2026,FEB,1
1,BHARAT STAGE I,Karnataka(68),2026,JAN,0
2,BHARAT STAGE III,Karnataka(68),2026,JAN,5
3,BHARAT STAGE III (CEV),Karnataka(68),2026,JAN,1
4,BHARAT STAGE IV,Karnataka(68),2026,JAN,6
5,BHARAT STAGE VI,Karnataka(68),2026,JAN,"1,67,404"
6,BHARAT (TREM) STAGE III,Karnataka(68),2026,JAN,4
7,BHARAT (TREM) STAGE III A,Karnataka(68),2026,JAN,"6,529"
8,CEV STAGE IV,Karnataka(68),2026,JAN,2
9,CEV STAGE V,Karnataka(68),2026,JAN,532
10,EURO 6,Karnataka(68),2026,JAN,1
11,NOT AVAILABLE,Karnataka(68),2026,JAN,"21,065"
12,TREM STAGE IV,Karnataka(68),2026,JAN,108
13,TREM STAGE V,Karnataka(68),2026,JAN,3
1,BHARAT STAGE I,Karnataka(68),2026,FEB,1
2,BHARAT STAGE III,Karnataka(68),2026,FEB,0
3,BHARAT STAGE III (CEV),Karnataka(68),2026,FEB,0
4,BHARAT STAGE IV,Karnataka(68),2026,FEB,2
5,BHARAT STAGE VI,Karnataka(68),2026,FEB,"1,12,007"
6,BHARAT (TREM) STAGE III,Karnataka(68),2026,FEB,1
7,BHARAT (TREM) STAGE III A,Karnataka(68),2026,FEB,"4,782"
8,CEV STAGE IV,Karnataka(68),2026,FEB,2
9,CEV STAGE V,Karnataka(68),2026,FEB,270
10,EURO 6,Karnataka(68),2026,FEB,0
11,NOT AVAILABLE,Karnataka(68),2026,FEB,"13,689"
12,TREM STAGE IV,Karnataka(68),2026,FEB,85
13,TREM STAGE V,Karnataka(68),2026,FEB,4
1,BHARAT STAGE IV,Kerala(87),2026,JAN,3
2,BHARAT STAGE VI,Kerala(87),2026,JAN,"79,846"
3,BHARAT (TREM) STAGE III,Kerala(87),2026,JAN,1
4,BHARAT (TREM) STAGE III A,Kerala(87),2026,JAN,43
5,CEV STAGE IV,Kerala(87),2026,JAN,0
6,CEV STAGE V,Kerala(87),2026,JAN,66
7,NOT AVAILABLE,Kerala(87),2026,JAN,"10,163"
8,TREM STAGE IV,Kerala(87),2026,JAN,6
1,BHARAT STAGE IV,Kerala(87),2026,FEB,0
2,BHARAT STAGE VI,Kerala(87),2026,FEB,"49,669"
3,BHARAT (TREM) STAGE III,Kerala(87),2026,FEB,0
4,BHARAT (TREM) STAGE III A,Kerala(87),2026,FEB,39
5,CEV STAGE IV,Kerala(87),2026,FEB,1
6,CEV STAGE V,Kerala(87),2026,FEB,37
7,NOT AVAILABLE,Kerala(87),2026,FEB,"7,031"
8,TREM STAGE IV,Kerala(87),2026,FEB,2
1,BHARAT STAGE VI,Ladakh(3),2026,JAN,289
2,BHARAT (TREM) STAGE III A,Ladakh(3),2026,JAN,7
3,CEV STAGE V,Ladakh(3),2026,JAN,1
4,NOT AVAILABLE,Ladakh(3),2026,JAN,1
1,BHARAT STAGE VI,Ladakh(3),2026,FEB,105
2,BHARAT (TREM) STAGE III A,Ladakh(3),2026,FEB,0
3,CEV STAGE V,Ladakh(3),2026,FEB,0
4,NOT AVAILABLE,Ladakh(3),2026,FEB,0
1,BHARAT STAGE VI,Lakshadweep(9),2026,JAN,91
2,CEV STAGE V,Lakshadweep(9),2026,JAN,1
3,NOT AVAILABLE,Lakshadweep(9),2026,JAN,2
1,BHARAT STAGE VI,Lakshadweep(9),2026,FEB,105
2,CEV STAGE V,Lakshadweep(9),2026,FEB,0
3,NOT AVAILABLE,Lakshadweep(9),2026,FEB,10
1,BHARAT STAGE III,Maharashtra(59),2026,JAN,1
2,BHARAT STAGE III (CEV),Maharashtra(59),2026,JAN,1
3,BHARAT STAGE IV,Maharashtra(59),2026,JAN,7
4,BHARAT STAGE VI,Maharashtra(59),2026,JAN,"3,00,054"
5,BHARAT (TREM) STAGE III,Maharashtra(59),2026,JAN,2
6,BHARAT (TREM) STAGE III A,Maharashtra(59),2026,JAN,"13,342"
7,CEV STAGE IV,Maharashtra(59),2026,JAN,2
8,CEV STAGE V,Maharashtra(59),2026,JAN,884
9,EURO 6,Maharashtra(59),2026,JAN,2
10,NOT AVAILABLE,Maharashtra(59),2026,JAN,"27,461"
11,TREM STAGE IV,Maharashtra(59),2026,JAN,673
12,TREM STAGE V,Maharashtra(59),2026,JAN,36
1,BHARAT STAGE III,Maharashtra(59),2026,FEB,1
2,BHARAT STAGE III (CEV),Maharashtra(59),2026,FEB,1
3,BHARAT STAGE IV,Maharashtra(59),2026,FEB,0
4,BHARAT STAGE VI,Maharashtra(59),2026,FEB,"1,84,160"
5,BHARAT (TREM) STAGE III,Maharashtra(59),2026,FEB,0
6,BHARAT (TREM) STAGE III A,Maharashtra(59),2026,FEB,"5,395"
7,CEV STAGE IV,Maharashtra(59),2026,FEB,0
8,CEV STAGE V,Maharashtra(59),2026,FEB,636
9,EURO 6,Maharashtra(59),2026,FEB,3
10,NOT AVAILABLE,Maharashtra(59),2026,FEB,"16,803"
11,TREM STAGE IV,Maharashtra(59),2026,FEB,305
12,TREM STAGE V,Maharashtra(59),2026,FEB,10
1,BHARAT STAGE III,Meghalaya(15),2026,JAN,13
2,BHARAT STAGE III/IV,Meghalaya(15),2026,JAN,1
3,BHARAT STAGE VI,Meghalaya(15),2026,JAN,"3,682"
4,BHARAT (TREM) STAGE III,Meghalaya(15),2026,JAN,0
5,BHARAT (TREM) STAGE III A,Meghalaya(15),2026,JAN,3
6,CEV STAGE V,Meghalaya(15),2026,JAN,41
7,NOT AVAILABLE,Meghalaya(15),2026,JAN,71
1,BHARAT STAGE III,Meghalaya(15),2026,FEB,28
2,BHARAT STAGE III/IV,Meghalaya(15),2026,FEB,4
3,BHARAT STAGE VI,Meghalaya(15),2026,FEB,"2,621"
4,BHARAT (TREM) STAGE III,Meghalaya(15),2026,FEB,1
5,BHARAT (TREM) STAGE III A,Meghalaya(15),2026,FEB,8
6,CEV STAGE V,Meghalaya(15),2026,FEB,44
7,NOT AVAILABLE,Meghalaya(15),2026,FEB,41
1,BHARAT STAGE III,Manipur(17),2026,JAN,8
2,BHARAT STAGE IV,Manipur(17),2026,JAN,222
3,BHARAT STAGE VI,Manipur(17),2026,JAN,"3,063"
4,BHARAT (TREM) STAGE III A,Manipur(17),2026,JAN,3
5,CEV STAGE V,Manipur(17),2026,JAN,6
6,NOT AVAILABLE,Manipur(17),2026,JAN,119
1,BHARAT STAGE III,Manipur(17),2026,FEB,11
2,BHARAT STAGE IV,Manipur(17),2026,FEB,58
3,BHARAT STAGE VI,Manipur(17),2026,FEB,"2,836"
4,BHARAT (TREM) STAGE III A,Manipur(17),2026,FEB,6
5,CEV STAGE V,Manipur(17),2026,FEB,3
6,NOT AVAILABLE,Manipur(17),2026,FEB,123
1,BHARAT STAGE I,Madhya Pradesh(53),2026,JAN,0
2,BHARAT STAGE II,Madhya Pradesh(53),2026,JAN,2
3,BHARAT STAGE III,Madhya Pradesh(53),2026,JAN,0
4,BHARAT STAGE III (CEV),Madhya Pradesh(53),2026,JAN,1
5,BHARAT STAGE IV,Madhya Pradesh(53),2026,JAN,6
6,BHARAT STAGE VI,Madhya Pradesh(53),2026,JAN,"1,32,636"
7,BHARAT (TREM) STAGE III A,Madhya Pradesh(53),2026,JAN,"13,221"
8,CEV STAGE IV,Madhya Pradesh(53),2026,JAN,3
9,CEV STAGE V,Madhya Pradesh(53),2026,JAN,282
10,EURO 1,Madhya Pradesh(53),2026,JAN,7
11,NOT AVAILABLE,Madhya Pradesh(53),2026,JAN,"15,028"
12,TREM STAGE IV,Madhya Pradesh(53),2026,JAN,663
1,BHARAT STAGE I,Madhya Pradesh(53),2026,FEB,3
2,BHARAT STAGE II,Madhya Pradesh(53),2026,FEB,3
3,BHARAT STAGE III,Madhya Pradesh(53),2026,FEB,1
4,BHARAT STAGE III (CEV),Madhya Pradesh(53),2026,FEB,0
5,BHARAT STAGE IV,Madhya Pradesh(53),2026,FEB,6
6,BHARAT STAGE VI,Madhya Pradesh(53),2026,FEB,"95,965"
7,BHARAT (TREM) STAGE III A,Madhya Pradesh(53),2026,FEB,"8,522"
8,CEV STAGE IV,Madhya Pradesh(53),2026,FEB,0
9,CEV STAGE V,Madhya Pradesh(53),2026,FEB,210
10,EURO 1,Madhya Pradesh(53),2026,FEB,6
11,NOT AVAILABLE,Madhya Pradesh(53),2026,FEB,"10,274"
12,TREM STAGE IV,Madhya Pradesh(53),2026,FEB,607
1,BHARAT STAGE III,Mizoram(12),2026,JAN,1
2,BHARAT STAGE VI,Mizoram(12),2026,JAN,"3,134"
3,BHARAT (TREM) STAGE III A,Mizoram(12),2026,JAN,1
4,CEV STAGE V,Mizoram(12),2026,JAN,11
5,NOT AVAILABLE,Mizoram(12),2026,JAN,82
1,BHARAT STAGE III,Mizoram(12),2026,FEB,1
2,BHARAT STAGE VI,Mizoram(12),2026,FEB,"2,018"
3,BHARAT (TREM) STAGE III A,Mizoram(12),2026,FEB,0
4,CEV STAGE V,Mizoram(12),2026,FEB,12
5,NOT AVAILABLE,Mizoram(12),2026,FEB,80
1,BHARAT STAGE I,Nagaland(9),2026,JAN,10
2,BHARAT STAGE II,Nagaland(9),2026,JAN,4
3,BHARAT STAGE III,Nagaland(9),2026,JAN,49
4,BHARAT STAGE III (CEV),Nagaland(9),2026,JAN,2
5,BHARAT STAGE IV,Nagaland(9),2026,JAN,21
6,BHARAT STAGE VI,Nagaland(9),2026,JAN,"2,800"
7,CEV STAGE IV,Nagaland(9),2026,JAN,1
8,CEV STAGE V,Nagaland(9),2026,JAN,25
9,EURO 2,Nagaland(9),2026,JAN,0
10,EURO 3,Nagaland(9),2026,JAN,6
11,NOT AVAILABLE,Nagaland(9),2026,JAN,3
1,BHARAT STAGE I,Nagaland(9),2026,FEB,10
2,BHARAT STAGE II,Nagaland(9),2026,FEB,11
3,BHARAT STAGE III,Nagaland(9),2026,FEB,54
4,BHARAT STAGE III (CEV),Nagaland(9),2026,FEB,0
5,BHARAT STAGE IV,Nagaland(9),2026,FEB,42
6,BHARAT STAGE VI,Nagaland(9),2026,FEB,"2,041"
7,CEV STAGE IV,Nagaland(9),2026,FEB,4
8,CEV STAGE V,Nagaland(9),2026,FEB,36
9,EURO 2,Nagaland(9),2026,FEB,3
10,EURO 3,Nagaland(9),2026,FEB,5
11,NOT AVAILABLE,Nagaland(9),2026,FEB,4
1,BHARAT STAGE III (CEV),Odisha(39),2026,JAN,0
2,BHARAT STAGE VI,Odisha(39),2026,JAN,"76,342"
3,BHARAT (TREM) STAGE III A,Odisha(39),2026,JAN,"1,714"
4,CEV STAGE IV,Odisha(39),2026,JAN,0
5,CEV STAGE V,Odisha(39),2026,JAN,533
6,EURO 6,Odisha(39),2026,JAN,4
7,NOT AVAILABLE,Odisha(39),2026,JAN,"8,625"
8,TREM STAGE IV,Odisha(39),2026,JAN,24
1,BHARAT STAGE III (CEV),Odisha(39),2026,FEB,3
2,BHARAT STAGE VI,Odisha(39),2026,FEB,"58,998"
3,BHARAT (TREM) STAGE III A,Odisha(39),2026,FEB,"1,268"
4,CEV STAGE IV,Odisha(39),2026,FEB,2
5,CEV STAGE V,Odisha(39),2026,FEB,423
6,EURO 6,Odisha(39),2026,FEB,1
7,NOT AVAILABLE,Odisha(39),2026,FEB,"6,521"
8,TREM STAGE IV,Odisha(39),2026,FEB,15
1,BHARAT STAGE III (CEV),Punjab(96),2026,JAN,1
2,BHARAT STAGE VI,Punjab(96),2026,JAN,"72,997"
3,BHARAT (TREM) STAGE III,Punjab(96),2026,JAN,1
4,BHARAT (TREM) STAGE III A,Punjab(96),2026,JAN,"4,431"
5,CEV STAGE V,Punjab(96),2026,JAN,76
6,NOT AVAILABLE,Punjab(96),2026,JAN,"3,829"
7,TREM STAGE IV,Punjab(96),2026,JAN,641
8,TREM STAGE V,Punjab(96),2026,JAN,3
1,BHARAT STAGE III (CEV),Punjab(96),2026,FEB,0
2,BHARAT STAGE VI,Punjab(96),2026,FEB,"45,164"
3,BHARAT (TREM) STAGE III,Punjab(96),2026,FEB,1
4,BHARAT (TREM) STAGE III A,Punjab(96),2026,FEB,"3,324"
5,CEV STAGE V,Punjab(96),2026,FEB,107
6,NOT AVAILABLE,Punjab(96),2026,FEB,"2,421"
7,TREM STAGE IV,Punjab(96),2026,FEB,598
8,TREM STAGE V,Punjab(96),2026,FEB,2
1,BHARAT STAGE VI,Puducherry(8),2026,JAN,"8,790"
2,BHARAT (TREM) STAGE III A,Puducherry(8),2026,JAN,3
3,CEV STAGE V,Puducherry(8),2026,JAN,1
4,EURO 6,Puducherry(8),2026,JAN,1
5,NOT AVAILABLE,Puducherry(8),2026,JAN,588
6,TREM STAGE IV,Puducherry(8),2026,JAN,1
1,BHARAT STAGE VI,Puducherry(8),2026,FEB,"5,214"
2,BHARAT (TREM) STAGE III A,Puducherry(8),2026,FEB,8
3,CEV STAGE V,Puducherry(8),2026,FEB,5
4,EURO 6,Puducherry(8),2026,FEB,0
5,NOT AVAILABLE,Puducherry(8),2026,FEB,352
6,TREM STAGE IV,Puducherry(8),2026,FEB,0
1,BHARAT STAGE III,Rajasthan(60),2026,JAN,3
2,BHARAT STAGE IV,Rajasthan(60),2026,JAN,1
3,BHARAT STAGE VI,Rajasthan(60),2026,JAN,"1,28,484"
4,BHARAT (TREM) STAGE III,Rajasthan(60),2026,JAN,0
5,BHARAT (TREM) STAGE III A,Rajasthan(60),2026,JAN,"13,720"
6,CEV STAGE V,Rajasthan(60),2026,JAN,516
7,EURO 6,Rajasthan(60),2026,JAN,2
8,NOT AVAILABLE,Rajasthan(60),2026,JAN,"10,497"
9,TREM STAGE IV,Rajasthan(60),2026,JAN,185
1,BHARAT STAGE III,Rajasthan(60),2026,FEB,1
2,BHARAT STAGE IV,Rajasthan(60),2026,FEB,1
3,BHARAT STAGE VI,Rajasthan(60),2026,FEB,"85,248"
4,BHARAT (TREM) STAGE III,Rajasthan(60),2026,FEB,1
5,BHARAT (TREM) STAGE III A,Rajasthan(60),2026,FEB,"8,564"
6,CEV STAGE V,Rajasthan(60),2026,FEB,381
7,EURO 6,Rajasthan(60),2026,FEB,0
8,NOT AVAILABLE,Rajasthan(60),2026,FEB,"7,451"
9,TREM STAGE IV,Rajasthan(60),2026,FEB,146
1,BHARAT STAGE IV,Sikkim(9),2026,JAN,1
2,BHARAT STAGE VI,Sikkim(9),2026,JAN,"1,160"
3,CEV STAGE V,Sikkim(9),2026,JAN,4
4,NOT AVAILABLE,Sikkim(9),2026,JAN,3
1,BHARAT STAGE IV,Sikkim(9),2026,FEB,0
2,BHARAT STAGE VI,Sikkim(9),2026,FEB,786
3,CEV STAGE V,Sikkim(9),2026,FEB,1
4,NOT AVAILABLE,Sikkim(9),2026,FEB,6
1,BHARAT STAGE IV,Tamil Nadu(148),2026,JAN,1
2,BHARAT STAGE VI,Tamil Nadu(148),2026,JAN,"2,36,806"
3,BHARAT (TREM) STAGE III,Tamil Nadu(148),2026,JAN,1
4,BHARAT (TREM) STAGE III A,Tamil Nadu(148),2026,JAN,"2,905"
5,CEV STAGE IV,Tamil Nadu(148),2026,JAN,0
6,CEV STAGE V,Tamil Nadu(148),2026,JAN,635
7,NOT AVAILABLE,Tamil Nadu(148),2026,JAN,"18,831"
8,TREM STAGE IV,Tamil Nadu(148),2026,JAN,276
9,TREM STAGE V,Tamil Nadu(148),2026,JAN,0
1,BHARAT STAGE IV,Tamil Nadu(148),2026,FEB,0
2,BHARAT STAGE VI,Tamil Nadu(148),2026,FEB,"1,73,079"
3,BHARAT (TREM) STAGE III,Tamil Nadu(148),2026,FEB,0
4,BHARAT (TREM) STAGE III A,Tamil Nadu(148),2026,FEB,"3,039"
5,CEV STAGE IV,Tamil Nadu(148),2026,FEB,1
6,CEV STAGE V,Tamil Nadu(148),2026,FEB,421
7,NOT AVAILABLE,Tamil Nadu(148),2026,FEB,"14,304"
8,TREM STAGE IV,Tamil Nadu(148),2026,FEB,199
9,TREM STAGE V,Tamil Nadu(148),2026,FEB,1
1,BHARAT STAGE VI,Tripura(9),2026,JAN,"4,091"
2,BHARAT (TREM) STAGE III A,Tripura(9),2026,JAN,0
3,CEV STAGE V,Tripura(9),2026,JAN,23
4,NOT AVAILABLE,Tripura(9),2026,JAN,708
1,BHARAT STAGE VI,Tripura(9),2026,FEB,"3,099"
2,BHARAT (TREM) STAGE III A,Tripura(9),2026,FEB,5
3,CEV STAGE V,Tripura(9),2026,FEB,22
4,NOT AVAILABLE,Tripura(9),2026,FEB,536
1,BHARAT STAGE IV,Uttarakhand(21),2026,JAN,6
2,BHARAT STAGE VI,Uttarakhand(21),2026,JAN,"26,235"
3,BHARAT (TREM) STAGE III A,Uttarakhand(21),2026,JAN,399
4,CEV STAGE IV,Uttarakhand(21),2026,JAN,0
5,CEV STAGE V,Uttarakhand(21),2026,JAN,65
6,NOT AVAILABLE,Uttarakhand(21),2026,JAN,"1,683"
7,TREM STAGE IV,Uttarakhand(21),2026,JAN,2
1,BHARAT STAGE IV,Uttarakhand(21),2026,FEB,5
2,BHARAT STAGE VI,Uttarakhand(21),2026,FEB,"14,856"
3,BHARAT (TREM) STAGE III A,Uttarakhand(21),2026,FEB,250
4,CEV STAGE IV,Uttarakhand(21),2026,FEB,2
5,CEV STAGE V,Uttarakhand(21),2026,FEB,53
6,NOT AVAILABLE,Uttarakhand(21),2026,FEB,"1,154"
7,TREM STAGE IV,Uttarakhand(21),2026,FEB,3
1,BHARAT STAGE I,Uttar Pradesh(77),2026,JAN,1
2,BHARAT STAGE III (CEV),Uttar Pradesh(77),2026,JAN,1
3,BHARAT STAGE VI,Uttar Pradesh(77),2026,JAN,"3,11,866"
4,BHARAT (TREM) STAGE III,Uttar Pradesh(77),2026,JAN,0
5,BHARAT (TREM) STAGE III A,Uttar Pradesh(77),2026,JAN,"18,974"
6,CEV STAGE IV,Uttar Pradesh(77),2026,JAN,1
7,CEV STAGE V,Uttar Pradesh(77),2026,JAN,630
8,NOT AVAILABLE,Uttar Pradesh(77),2026,JAN,"34,059"
9,TREM STAGE IV,Uttar Pradesh(77),2026,JAN,602
1,BHARAT STAGE I,Uttar Pradesh(77),2026,FEB,0
2,BHARAT STAGE III (CEV),Uttar Pradesh(77),2026,FEB,0
3,BHARAT STAGE VI,Uttar Pradesh(77),2026,FEB,"2,24,200"
4,BHARAT (TREM) STAGE III,Uttar Pradesh(77),2026,FEB,3
5,BHARAT (TREM) STAGE III A,Uttar Pradesh(77),2026,FEB,"12,318"
6,CEV STAGE IV,Uttar Pradesh(77),2026,FEB,1
7,CEV STAGE V,Uttar Pradesh(77),2026,FEB,275
8,NOT AVAILABLE,Uttar Pradesh(77),2026,FEB,"21,617"
9,TREM STAGE IV,Uttar Pradesh(77),2026,FEB,563
1,BHARAT STAGE IV,West Bengal(59),2026,JAN,1
2,BHARAT STAGE VI,West Bengal(59),2026,JAN,"97,961"
3,BHARAT (TREM) STAGE III A,West Bengal(59),2026,JAN,"1,931"
4,CEV STAGE V,West Bengal(59),2026,JAN,175
5,NOT AVAILABLE,West Bengal(59),2026,JAN,"20,971"
6,TREM STAGE IV,West Bengal(59),2026,JAN,40
1,BHARAT STAGE IV,West Bengal(59),2026,FEB,1
2,BHARAT STAGE VI,West Bengal(59),2026,FEB,"75,411"
3,BHARAT (TREM) STAGE III A,West Bengal(59),2026,FEB,"1,684"
4,CEV STAGE V,West Bengal(59),2026,FEB,176
5,NOT AVAILABLE,West Bengal(59),2026,FEB,"12,346"
6,TREM STAGE IV,West Bengal(59),2026,FEB,37
