S No,Vehicle Category,State,Year,Month Wise,Value
1,FOUR WHEELER (INVALID CARRIAGE),All Vahan4 Running States (35/36),2026,JAN,296
2,HEAVY GOODS VEHICLE,All Vahan4 Running States (35/36),2026,JAN,"32,220"
3,HEAVY MOTOR VEHICLE,All Vahan4 Running States (35/36),2026,JAN,217
4,HEAVY PASSENGER VEHICLE,All Vahan4 Running States (35/36),2026,JAN,"2,120"
5,LIGHT GOODS VEHICLE,All Vahan4 Running States (35/36),2026,JAN,"69,433"
6,LIGHT MOTOR VEHICLE,All Vahan4 Running States (35/36),2026,JAN,"5,99,400"
7,LIGHT PASSENGER VEHICLE,All Vahan4 Running States (35/36),2026,JAN,"34,910"
8,MEDIUM GOODS VEHICLE,All Vahan4 Running States (35/36),2026,JAN,"5,860"
9,MEDIUM MOTOR VEHICLE,All Vahan4 Running States (35/36),2026,JAN,729
10,MEDIUM PASSENGER VEHICLE,All Vahan4 Running States (35/36),2026,JAN,"1,809"
11,OTHER THAN MENTIONED ABOVE,All Vahan4 Running States (35/36),2026,JAN,"8,405"
12,THREE WHEELER (INVALID CARRIAGE),All Vahan4 Running States (35/36),2026,JAN,1
13,THREE WHEELER(NT),All Vahan4 Running States (35/36),2026,JAN,123
14,THREE WHEELER(T),All Vahan4 Running States (35/36),2026,JAN,"1,27,034"
15,TWO WHEELER (INVALID CARRIAGE),All Vahan4 Running States (35/36),2026,JAN,"2,571"
16,TWO WHEELER(NT),All Vahan4 Running States (35/36),2026,JAN,"18,55,410"
17,TWO WHEELER(T),All Vahan4 Running States (35/36),2026,JAN,"2,328"
1,FOUR WHEELER (INVALID CARRIAGE),All Vahan4 Running States (35/36),2026,FEB,188
2,HEAVY GOODS VEHICLE,All Vahan4 Running States (35/36),2026,FEB,"25,724"
3,HEAVY MOTOR VEHICLE,All Vahan4 Running States (35/36),2026,FEB,275
4,HEAVY PASSENGER VEHICLE,All Vahan4 Running States (35/36),2026,FEB,"2,431"
5,LIGHT GOODS VEHICLE,All Vahan4 Running States (35/36),2026,FEB,"46,304"
6,LIGHT MOTOR VEHICLE,All Vahan4 Running States (35/36),2026,FEB,"3,40,000"
7,LIGHT PASSENGER VEHICLE,All Vahan4 Running States (35/36),2026,FEB,"29,663"
8,MEDIUM GOODS VEHICLE,All Vahan4 Running States (35/36),2026,FEB,"4,607"
9,MEDIUM MOTOR VEHICLE,All Vahan4 Running States (35/36),2026,FEB,557
10,MEDIUM PASSENGER VEHICLE,All Vahan4 Running States (35/36),2026,FEB,"1,708"
11,OTHER THAN MENTIONED ABOVE,All Vahan4 Running States (35/36),2026,FEB,"6,621"
12,THREE WHEELER (INVALID CARRIAGE),All Vahan4 Running States (35/36),2026,FEB,0
13,THREE WHEELER(NT),All Vahan4 Running States (35/36),2026,FEB,85
14,THREE WHEELER(T),All Vahan4 Running States (35/36),2026,FEB,"90,413"
15,TWO WHEELER (INVALID CARRIAGE),All Vahan4 Running States (35/36),2026,FEB,"4,701"
16,TWO WHEELER(NT),All Vahan4 Running States (35/36),2026,FEB,"13,48,380"
17,TWO WHEELER(T),All Vahan4 Running States (35/36),2026,FEB,"1,094"
1,HEAVY GOODS VEHICLE,Andaman & Nicobar Island(3),2026,JAN,3
2,HEAVY PASSENGER VEHICLE,Andaman & Nicobar Island(3),2026,JAN,1
3,LIGHT GOODS VEHICLE,Andaman & Nicobar Island(3),2026,JAN,19
4,LIGHT MOTOR VEHICLE,Andaman & Nicobar Island(3),2026,JAN,231
5,LIGHT PASSENGER VEHICLE,Andaman & Nicobar Island(3),2026,JAN,31
6,OTHER THAN MENTIONED ABOVE,Andaman & Nicobar Island(3),2026,JAN,1
7,THREE WHEELER(T),Andaman & Nicobar Island(3),2026,JAN,50
8,TWO WHEELER(NT),Andaman & Nicobar Island(3),2026,JAN,699
9,TWO WHEELER(T),Andaman & Nicobar Island(3),2026,JAN,30
1,HEAVY GOODS VEHICLE,Andaman & Nicobar Island(3),2026,FEB,2
2,HEAVY PASSENGER VEHICLE,Andaman & Nicobar Island(3),2026,FEB,2
3,LIGHT GOODS VEHICLE,Andaman & Nicobar Island(3),2026,FEB,12
4,LIGHT MOTOR VEHICLE,Andaman & Nicobar Island(3),2026,FEB,134
5,LIGHT PASSENGER VEHICLE,Andaman & Nicobar Island(3),2026,FEB,34
6,OTHER THAN MENTIONED ABOVE,Andaman & Nicobar Island(3),2026,FEB,0
7,THREE WHEELER(T),Andaman & Nicobar Island(3),2026,FEB,29
8,TWO WHEELER(NT),Andaman & Nicobar Island(3),2026,FEB,463
9,TWO WHEELER(T),Andaman & Nicobar Island(3),2026,FEB,24
1,FOUR WHEELER (INVALID CARRIAGE),Andhra Pradesh(84),2026,JAN,7
2,HEAVY GOODS VEHICLE,Andhra Pradesh(84),2026,JAN,972
3,HEAVY MOTOR VEHICLE,Andhra Pradesh(84),2026,JAN,4
4,HEAVY PASSENGER VEHICLE,Andhra Pradesh(84),2026,JAN,23
5,LIGHT GOODS VEHICLE,Andhra Pradesh(84),2026,JAN,"2,097"
6,LIGHT MOTOR VEHICLE,Andhra Pradesh(84),2026,JAN,"10,803"
7,LIGHT PASSENGER VEHICLE,Andhra Pradesh(84),2026,JAN,697
8,MEDIUM GOODS VEHICLE,Andhra Pradesh(84),2026,JAN,73
9,MEDIUM MOTOR VEHICLE,Andhra Pradesh(84),2026,JAN,20
10,MEDIUM PASSENGER VEHICLE,Andhra Pradesh(84),2026,JAN,19
11,OTHER THAN MENTIONED ABOVE,Andhra Pradesh(84),2026,JAN,290
12,THREE WHEELER(T),Andhra Pradesh(84),2026,JAN,"3,479"
13,TWO WHEELER (INVALID CARRIAGE),Andhra Pradesh(84),2026,JAN,3
14,TWO WHEELER(NT),Andhra Pradesh(84),2026,JAN,"52,933"
15,TWO WHEELER(T),Andhra Pradesh(84),2026,JAN,124
1,FOUR WHEELER (INVALID CARRIAGE),Andhra Pradesh(84),2026,FEB,6
2,HEAVY GOODS VEHICLE,Andhra Pradesh(84),2026,FEB,"1,260"
3,HEAVY MOTOR VEHICLE,Andhra Pradesh(84),2026,FEB,6
4,HEAVY PASSENGER VEHICLE,Andhra Pradesh(84),2026,FEB,16
5,LIGHT GOODS VEHICLE,Andhra Pradesh(84),2026,FEB,"2,372"
6,LIGHT MOTOR VEHICLE,Andhra Pradesh(84),2026,FEB,"7,768"
7,LIGHT PASSENGER VEHICLE,Andhra Pradesh(84),2026,FEB,435
8,MEDIUM GOODS VEHICLE,Andhra Pradesh(84),2026,FEB,77
9,MEDIUM MOTOR VEHICLE,Andhra Pradesh(84),2026,FEB,13
10,MEDIUM PASSENGER VEHICLE,Andhra Pradesh(84),2026,FEB,84
11,OTHER THAN MENTIONED ABOVE,Andhra Pradesh(84),2026,FEB,273
12,THREE WHEELER(T),Andhra Pradesh(84),2026,FEB,"4,006"
13,TWO WHEELER (INVALID CARRIAGE),Andhra Pradesh(84),2026,FEB,3
14,TWO WHEELER(NT),Andhra Pradesh(84),2026,FEB,"52,517"
15,TWO WHEELER(T),Andhra Pradesh(84),2026,FEB,14
1,HEAVY GOODS VEHICLE,Arunachal Pradesh(29),2026,JAN,95
2,HEAVY MOTOR VEHICLE,Arunachal Pradesh(29),2026,JAN,11
3,HEAVY PASSENGER VEHICLE,Arunachal Pradesh(29),2026,JAN,28
4,LIGHT GOODS VEHICLE,Arunachal Pradesh(29),2026,JAN,202
5,LIGHT MOTOR VEHICLE,Arunachal Pradesh(29),2026,JAN,"1,675"
6,LIGHT PASSENGER VEHICLE,Arunachal Pradesh(29),2026,JAN,3
7,MEDIUM GOODS VEHICLE,Arunachal Pradesh(29),2026,JAN,24
8,MEDIUM MOTOR VEHICLE,Arunachal Pradesh(29),2026,JAN,0
9,OTHER THAN MENTIONED ABOVE,Arunachal Pradesh(29),2026,JAN,37
10,THREE WHEELER(T),Arunachal Pradesh(29),2026,JAN,10
11,TWO WHEELER(NT),Arunachal Pradesh(29),2026,JAN,"1,392"
1,HEAVY GOODS VEHICLE,Arunachal Pradesh(29),2026,FEB,93
2,HEAVY MOTOR VEHICLE,Arunachal Pradesh(29),2026,FEB,6
3,HEAVY PASSENGER VEHICLE,Arunachal Pradesh(29),2026,FEB,135
4,LIGHT GOODS VEHICLE,Arunachal Pradesh(29),2026,FEB,165
5,LIGHT MOTOR VEHICLE,Arunachal Pradesh(29),2026,FEB,"1,170"
6,LIGHT PASSENGER VEHICLE,Arunachal Pradesh(29),2026,FEB,10
7,MEDIUM GOODS VEHICLE,Arunachal Pradesh(29),2026,FEB,17
8,MEDIUM MOTOR VEHICLE,Arunachal Pradesh(29),2026,FEB,1
9,OTHER THAN MENTIONED ABOVE,Arunachal Pradesh(29),2026,FEB,27
10,THREE WHEELER(T),Arunachal Pradesh(29),2026,FEB,7
11,TWO WHEELER(NT),Arunachal Pradesh(29),2026,FEB,946
1,FOUR WHEELER (INVALID CARRIAGE),Assam(33),2026,JAN,0
2,HEAVY GOODS VEHICLE,Assam(33),2026,JAN,424
3,HEAVY MOTOR VEHICLE,Assam(33),2026,JAN,8
4,HEAVY PASSENGER VEHICLE,Assam(33),2026,JAN,29
5,LIGHT GOODS VEHICLE,Assam(33),2026,JAN,"1,654"
6,LIGHT MOTOR VEHICLE,Assam(33),2026,JAN,"6,482"
7,LIGHT PASSENGER VEHICLE,Assam(33),2026,JAN,209
8,MEDIUM GOODS VEHICLE,Assam(33),2026,JAN,63
9,MEDIUM MOTOR VEHICLE,Assam(33),2026,JAN,3
10,MEDIUM PASSENGER VEHICLE,Assam(33),2026,JAN,62
11,OTHER THAN MENTIONED ABOVE,Assam(33),2026,JAN,108
12,THREE WHEELER(T),Assam(33),2026,JAN,"7,129"
13,TWO WHEELER(NT),Assam(33),2026,JAN,"38,011"
1,FOUR WHEELER (INVALID CARRIAGE),Assam(33),2026,FEB,1
2,HEAVY GOODS VEHICLE,Assam(33),2026,FEB,227
3,HEAVY MOTOR VEHICLE,Assam(33),2026,FEB,1
4,HEAVY PASSENGER VEHICLE,Assam(33),2026,FEB,82
5,LIGHT GOODS VEHICLE,Assam(33),2026,FEB,"1,348"
6,LIGHT MOTOR VEHICLE,Assam(33),2026,FEB,"4,413"
7,LIGHT PASSENGER VEHICLE,Assam(33),2026,FEB,155
8,MEDIUM GOODS VEHICLE,Assam(33),2026,FEB,24
9,MEDIUM MOTOR VEHICLE,Assam(33),2026,FEB,2
10,MEDIUM PASSENGER VEHICLE,Assam(33),2026,FEB,25
11,OTHER THAN MENTIONED ABOVE,Assam(33),2026,FEB,75
12,THREE WHEELER(T),Assam(33),2026,FEB,"6,087"
13,TWO WHEELER(NT),Assam(33),2026,FEB,"25,852"
1,FOUR WHEELER (INVALID CARRIAGE),Bihar(48),2026,JAN,1
2,HEAVY GOODS VEHICLE,Bihar(48),2026,JAN,"1,232"
3,HEAVY MOTOR VEHICLE,Bihar(48),2026,JAN,19
4,HEAVY PASSENGER VEHICLE,Bihar(48),2026,JAN,59
5,LIGHT GOODS VEHICLE,Bihar(48),2026,JAN,"3,698"
6,LIGHT MOTOR VEHICLE,Bihar(48),2026,JAN,"12,526"
7,LIGHT PASSENGER VEHICLE,Bihar(48),2026,JAN,809
8,MEDIUM GOODS VEHICLE,Bihar(48),2026,JAN,165
9,MEDIUM MOTOR VEHICLE,Bihar(48),2026,JAN,69
10,MEDIUM PASSENGER VEHICLE,Bihar(48),2026,JAN,115
11,OTHER THAN MENTIONED ABOVE,Bihar(48),2026,JAN,110
12,THREE WHEELER(T),Bihar(48),2026,JAN,"10,785"
13,TWO WHEELER(NT),Bihar(48),2026,JAN,"89,407"
14,TWO WHEELER(T),Bihar(48),2026,JAN,0
1,FOUR WHEELER (INVALID CARRIAGE),Bihar(48),2026,FEB,1
2,HEAVY GOODS VEHICLE,Bihar(48),2026,FEB,"1,086"
3,HEAVY MOTOR VEHICLE,Bihar(48),2026,FEB,2
4,HEAVY PASSENGER VEHICLE,Bihar(48),2026,FEB,107
5,LIGHT GOODS VEHICLE,Bihar(48),2026,FEB,"2,525"
6,LIGHT MOTOR VEHICLE,Bihar(48),2026,FEB,"7,848"
7,LIGHT PASSENGER VEHICLE,Bihar(48),2026,FEB,737
8,MEDIUM GOODS VEHICLE,Bihar(48),2026,FEB,67
9,MEDIUM MOTOR VEHICLE,Bihar(48),2026,FEB,28
10,MEDIUM PASSENGER VEHICLE,Bihar(48),2026,FEB,94
11,OTHER THAN MENTIONED ABOVE,Bihar(48),2026,FEB,124
12,THREE WHEELER(T),Bihar(48),2026,FEB,"7,563"
13,TWO WHEELER(NT),Bihar(48),2026,FEB,"76,945"
14,TWO WHEELER(T),Bihar(48),2026,FEB,41
1,FOUR WHEELER (INVALID CARRIAGE),Chhattisgarh(31),2026,JAN,4
2,HEAVY GOODS VEHICLE,Chhattisgarh(31),2026,JAN,"1,498"
3,HEAVY MOTOR VEHICLE,Chhattisgarh(31),2026,JAN,5
4,HEAVY PASSENGER VEHICLE,Chhattisgarh(31),2026,JAN,35
5,LIGHT GOODS VEHICLE,Chhattisgarh(31),2026,JAN,"1,984"
6,LIGHT MOTOR VEHICLE,Chhattisgarh(31),2026,JAN,"17,531"
7,LIGHT PASSENGER VEHICLE,Chhattisgarh(31),2026,JAN,403
8,MEDIUM GOODS VEHICLE,Chhattisgarh(31),2026,JAN,29
9,MEDIUM MOTOR VEHICLE,Chhattisgarh(31),2026,JAN,25
10,MEDIUM PASSENGER VEHICLE,Chhattisgarh(31),2026,JAN,73
11,OTHER THAN MENTIONED ABOVE,Chhattisgarh(31),2026,JAN,410
12,THREE WHEELER(T),Chhattisgarh(31),2026,JAN,"1,379"
13,TWO WHEELER(NT),Chhattisgarh(31),2026,JAN,"51,573"
1,FOUR WHEELER (INVALID CARRIAGE),Chhattisgarh(31),2026,FEB,1
2,HEAVY GOODS VEHICLE,Chhattisgarh(31),2026,FEB,947
3,HEAVY MOTOR VEHICLE,Chhattisgarh(31),2026,FEB,1
4,HEAVY PASSENGER VEHICLE,Chhattisgarh(31),2026,FEB,42
5,LIGHT GOODS VEHICLE,Chhattisgarh(31),2026,FEB,"1,530"
6,LIGHT MOTOR VEHICLE,Chhattisgarh(31),2026,FEB,"12,158"
7,LIGHT PASSENGER VEHICLE,Chhattisgarh(31),2026,FEB,318
8,MEDIUM GOODS VEHICLE,Chhattisgarh(31),2026,FEB,28
9,MEDIUM MOTOR VEHICLE,Chhattisgarh(31),2026,FEB,23
10,MEDIUM PASSENGER VEHICLE,Chhattisgarh(31),2026,FEB,44
11,OTHER THAN MENTIONED ABOVE,Chhattisgarh(31),2026,FEB,354
12,THREE WHEELER(T),Chhattisgarh(31),2026,FEB,"1,000"
13,TWO WHEELER(NT),Chhattisgarh(31),2026,FEB,"36,697"
1,FOUR WHEELER (INVALID CARRIAGE),Chandigarh(1),2026,JAN,23
2,HEAVY GOODS VEHICLE,Chandigarh(1),2026,JAN,8
3,HEAVY PASSENGER VEHICLE,Chandigarh(1),2026,JAN,17
4,LIGHT GOODS VEHICLE,Chandigarh(1),2026,JAN,50
5,LIGHT MOTOR VEHICLE,Chandigarh(1),2026,JAN,"2,177"
6,LIGHT PASSENGER VEHICLE,Chandigarh(1),2026,JAN,28
7,MEDIUM GOODS VEHICLE,Chandigarh(1),2026,JAN,7
8,MEDIUM MOTOR VEHICLE,Chandigarh(1),2026,JAN,0
9,MEDIUM PASSENGER VEHICLE,Chandigarh(1),2026,JAN,5
10,OTHER THAN MENTIONED ABOVE,Chandigarh(1),2026,JAN,7
11,THREE WHEELER(T),Chandigarh(1),2026,JAN,153
12,TWO WHEELER (INVALID CARRIAGE),Chandigarh(1),2026,JAN,1
13,TWO WHEELER(NT),Chandigarh(1),2026,JAN,"2,307"
14,TWO WHEELER(T),Chandigarh(1),2026,JAN,6
1,FOUR WHEELER (INVALID CARRIAGE),Chandigarh(1),2026,FEB,8
2,HEAVY GOODS VEHICLE,Chandigarh(1),2026,FEB,6
3,HEAVY PASSENGER VEHICLE,Chandigarh(1),2026,FEB,8
4,LIGHT GOODS VEHICLE,Chandigarh(1),2026,FEB,34
5,LIGHT MOTOR VEHICLE,Chandigarh(1),2026,FEB,"1,221"
6,LIGHT PASSENGER VEHICLE,Chandigarh(1),2026,FEB,22
7,MEDIUM GOODS VEHICLE,Chandigarh(1),2026,FEB,9
8,MEDIUM MOTOR VEHICLE,Chandigarh(1),2026,FEB,1
9,MEDIUM PASSENGER VEHICLE,Chandigarh(1),2026,FEB,3
10,OTHER THAN MENTIONED ABOVE,Chandigarh(1),2026,FEB,1
11,THREE WHEELER(T),Chandigarh(1),2026,FEB,121
12,TWO WHEELER (INVALID CARRIAGE),Chandigarh(1),2026,FEB,3
13,TWO WHEELER(NT),Chandigarh(1),2026,FEB,"1,713"
14,TWO WHEELER(T),Chandigarh(1),2026,FEB,4
1,HEAVY GOODS VEHICLE,UT of DNH and DD(3),2026,JAN,200
2,HEAVY MOTOR VEHICLE,UT of DNH and DD(3),2026,JAN,1
3,HEAVY PASSENGER VEHICLE,UT of DNH and DD(3),2026,JAN,0
4,LIGHT GOODS VEHICLE,UT of DNH and DD(3),2026,JAN,45
5,LIGHT MOTOR VEHICLE,UT of DNH and DD(3),2026,JAN,798
6,LIGHT PASSENGER VEHICLE,UT of DNH and DD(3),2026,JAN,25
7,MEDIUM GOODS VEHICLE,UT of DNH and DD(3),2026,JAN,28
8,MEDIUM MOTOR VEHICLE,UT of DNH and DD(3),2026,JAN,0
9,MEDIUM PASSENGER VEHICLE,UT of DNH and DD(3),2026,JAN,3
10,OTHER THAN MENTIONED ABOVE,UT of DNH and DD(3),2026,JAN,11
11,THREE WHEELER(NT),UT of DNH and DD(3),2026,JAN,1
12,THREE WHEELER(T),UT of DNH and DD(3),2026,JAN,5
13,TWO WHEELER(NT),UT of DNH and DD(3),2026,JAN,"1,315"
14,TWO WHEELER(T),UT of DNH and DD(3),2026,JAN,0
1,HEAVY GOODS VEHICLE,UT of DNH and DD(3),2026,FEB,151
2,HEAVY MOTOR VEHICLE,UT of DNH and DD(3),2026,FEB,0
3,HEAVY PASSENGER VEHICLE,UT of DNH and DD(3),2026,FEB,6
4,LIGHT GOODS VEHICLE,UT of DNH and DD(3),2026,FEB,56
5,LIGHT MOTOR VEHICLE,UT of DNH and DD(3),2026,FEB,492
6,LIGHT PASSENGER VEHICLE,UT of DNH and DD(3),2026,FEB,76
7,MEDIUM GOODS VEHICLE,UT of DNH and DD(3),2026,FEB,25
8,MEDIUM MOTOR VEHICLE,UT of DNH and DD(3),2026,FEB,1
9,MEDIUM PASSENGER VEHICLE,UT of DNH and DD(3),2026,FEB,7
10,OTHER THAN MENTIONED ABOVE,UT of DNH and DD(3),2026,FEB,8
11,THREE WHEELER(NT),UT of DNH and DD(3),2026,FEB,0
12,THREE WHEELER(T),UT of DNH and DD(3),2026,FEB,6
13,TWO WHEELER(NT),UT of DNH and DD(3),2026,FEB,"1,089"
14,TWO WHEELER(T),UT of DNH and DD(3),2026,FEB,7
1,FOUR WHEELER (INVALID CARRIAGE),Delhi(16),2026,JAN,32
2,HEAVY GOODS VEHICLE,Delhi(16),2026,JAN,87
3,HEAVY PASSENGER VEHICLE,Delhi(16),2026,JAN,261
4,LIGHT GOODS VEHICLE,Delhi(16),2026,JAN,"2,026"
5,LIGHT MOTOR VEHICLE,Delhi(16),2026,JAN,"24,635"
6,LIGHT PASSENGER VEHICLE,Delhi(16),2026,JAN,485
7,MEDIUM GOODS VEHICLE,Delhi(16),2026,JAN,185
8,MEDIUM MOTOR VEHICLE,Delhi(16),2026,JAN,0
9,MEDIUM PASSENGER VEHICLE,Delhi(16),2026,JAN,23
10,THREE WHEELER(T),Delhi(16),2026,JAN,"2,431"
11,TWO WHEELER(NT),Delhi(16),2026,JAN,"55,023"
1,FOUR WHEELER (INVALID CARRIAGE),Delhi(16),2026,FEB,9
2,HEAVY GOODS VEHICLE,Delhi(16),2026,FEB,87
3,HEAVY PASSENGER VEHICLE,Delhi(16),2026,FEB,146
4,LIGHT GOODS VEHICLE,Delhi(16),2026,FEB,"1,213"
5,LIGHT MOTOR VEHICLE,Delhi(16),2026,FEB,"12,054"
6,LIGHT PASSENGER VEHICLE,Delhi(16),2026,FEB,353
7,MEDIUM GOODS VEHICLE,Delhi(16),2026,FEB,136
8,MEDIUM MOTOR VEHICLE,Delhi(16),2026,FEB,16
9,MEDIUM PASSENGER VEHICLE,Delhi(16),2026,FEB,13
10,THREE WHEELER(T),Delhi(16),2026,FEB,"1,498"
11,TWO WHEELER(NT),Delhi(16),2026,FEB,"33,401"
1,HEAVY GOODS VEHICLE,Goa(13),2026,JAN,58
2,HEAVY PASSENGER VEHICLE,Goa(13),2026,JAN,2
3,LIGHT GOODS VEHICLE,Goa(13),2026,JAN,260
4,LIGHT MOTOR VEHICLE,Goa(13),2026,JAN,"2,206"
5,LIGHT PASSENGER VEHICLE,Goa(13),2026,JAN,241
6,MEDIUM GOODS VEHICLE,Goa(13),2026,JAN,46
7,MEDIUM PASSENGER VEHICLE,Goa(13),2026,JAN,9
8,OTHER THAN MENTIONED ABOVE,Goa(13),2026,JAN,16
9,THREE WHEELER(NT),Goa(13),2026,JAN,2
10,THREE WHEELER(T),Goa(13),2026,JAN,25
11,TWO WHEELER (INVALID CARRIAGE),Goa(13),2026,JAN,2
12,TWO WHEELER(NT),Goa(13),2026,JAN,"5,093"
13,TWO WHEELER(T),Goa(13),2026,JAN,200
1,HEAVY GOODS VEHICLE,Goa(13),2026,FEB,38
2,HEAVY PASSENGER VEHICLE,Goa(13),2026,FEB,0
3,LIGHT GOODS VEHICLE,Goa(13),2026,FEB,148
4,LIGHT MOTOR VEHICLE,Goa(13),2026,FEB,"1,160"
5,LIGHT PASSENGER VEHICLE,Goa(13),2026,FEB,178
6,MEDIUM GOODS VEHICLE,Goa(13),2026,FEB,14
7,MEDIUM PASSENGER VEHICLE,Goa(13),2026,FEB,6
8,OTHER THAN MENTIONED ABOVE,Goa(13),2026,FEB,3
9,THREE WHEELER(NT),Goa(13),2026,FEB,0
10,THREE WHEELER(T),Goa(13),2026,FEB,12
11,TWO WHEELER (INVALID CARRIAGE),Goa(13),2026,FEB,2
12,TWO WHEELER(NT),Goa(13),2026,FEB,"4,033"
13,TWO WHEELER(T),Goa(13),2026,FEB,130
1,FOUR WHEELER (INVALID CARRIAGE),Gujarat(37),2026,JAN,54
2,HEAVY GOODS VEHICLE,Gujarat(37),2026,JAN,"2,851"
3,HEAVY MOTOR VEHICLE,Gujarat(37),2026,JAN,6
4,HEAVY PASSENGER VEHICLE,Gujarat(37),2026,JAN,70
5,LIGHT GOODS VEHICLE,Gujarat(37),2026,JAN,"6,578"
6,LIGHT MOTOR VEHICLE,Gujarat(37),2026,JAN,"54,410"
7,LIGHT PASSENGER VEHICLE,Gujarat(37),2026,JAN,754
8,MEDIUM GOODS VEHICLE,Gujarat(37),2026,JAN,275
9,MEDIUM MOTOR VEHICLE,Gujarat(37),2026,JAN,91
10,MEDIUM PASSENGER VEHICLE,Gujarat(37),2026,JAN,70
11,OTHER THAN MENTIONED ABOVE,Gujarat(37),2026,JAN,936
12,THREE WHEELER(NT),Gujarat(37),2026,JAN,1
13,THREE WHEELER(T),Gujarat(37),2026,JAN,"9,526"
14,TWO WHEELER (INVALID CARRIAGE),Gujarat(37),2026,JAN,18
15,TWO WHEELER(NT),Gujarat(37),2026,JAN,"1,33,799"
16,TWO WHEELER(T),Gujarat(37),2026,JAN,7
1,FOUR WHEELER (INVALID CARRIAGE),Gujarat(37),2026,FEB,45
2,HEAVY GOODS VEHICLE,Gujarat(37),2026,FEB,"2,281"
3,HEAVY MOTOR VEHICLE,Gujarat(37),2026,FEB,7
4,HEAVY PASSENGER VEHICLE,Gujarat(37),2026,FEB,53
5,LIGHT GOODS VEHICLE,Gujarat(37),2026,FEB,"4,481"
6,LIGHT MOTOR VEHICLE,Gujarat(37),2026,FEB,"28,245"
7,LIGHT PASSENGER VEHICLE,Gujarat(37),2026,FEB,"2,214"
8,MEDIUM GOODS VEHICLE,Gujarat(37),2026,FEB,253
9,MEDIUM MOTOR VEHICLE,Gujarat(37),2026,FEB,92
10,MEDIUM PASSENGER VEHICLE,Gujarat(37),2026,FEB,111
11,OTHER THAN MENTIONED ABOVE,Gujarat(37),2026,FEB,819
12,THREE WHEELER(NT),Gujarat(37),2026,FEB,0
13,THREE WHEELER(T),Gujarat(37),2026,FEB,"6,746"
14,TWO WHEELER (INVALID CARRIAGE),Gujarat(37),2026,FEB,30
15,TWO WHEELER(NT),Gujarat(37),2026,FEB,"97,230"
16,TWO WHEELER(T),Gujarat(37),2026,FEB,0
1,HEAVY GOODS VEHICLE,Himachal Pradesh(96),2026,JAN,315
2,HEAVY MOTOR VEHICLE,Himachal Pradesh(96),2026,JAN,1
3,HEAVY PASSENGER VEHICLE,Himachal Pradesh(96),2026,JAN,7
4,LIGHT GOODS VEHICLE,Himachal Pradesh(96),2026,JAN,623
5,LIGHT MOTOR VEHICLE,Himachal Pradesh(96),2026,JAN,"6,542"
6,LIGHT PASSENGER VEHICLE,Himachal Pradesh(96),2026,JAN,514
7,MEDIUM GOODS VEHICLE,Himachal Pradesh(96),2026,JAN,64
8,MEDIUM MOTOR VEHICLE,Himachal Pradesh(96),2026,JAN,3
9,MEDIUM PASSENGER VEHICLE,Himachal Pradesh(96),2026,JAN,16
10,OTHER THAN MENTIONED ABOVE,Himachal Pradesh(96),2026,JAN,37
11,THREE WHEELER(T),Himachal Pradesh(96),2026,JAN,16
12,TWO WHEELER(NT),Himachal Pradesh(96),2026,JAN,"7,211"
13,TWO WHEELER(T),Himachal Pradesh(96),2026,JAN,74
1,HEAVY GOODS VEHICLE,Himachal Pradesh(96),2026,FEB,254
2,HEAVY MOTOR VEHICLE,Himachal Pradesh(96),2026,FEB,0
3,HEAVY PASSENGER VEHICLE,Himachal Pradesh(96),2026,FEB,10
4,LIGHT GOODS VEHICLE,Himachal Pradesh(96),2026,FEB,473
5,LIGHT MOTOR VEHICLE,Himachal Pradesh(96),2026,FEB,"3,549"
6,LIGHT PASSENGER VEHICLE,Himachal Pradesh(96),2026,FEB,731
7,MEDIUM GOODS VEHICLE,Himachal Pradesh(96),2026,FEB,57
8,MEDIUM MOTOR VEHICLE,Himachal Pradesh(96),2026,FEB,0
9,MEDIUM PASSENGER VEHICLE,Himachal Pradesh(96),2026,FEB,13
10,OTHER THAN MENTIONED ABOVE,Himachal Pradesh(96),2026,FEB,25
11,THREE WHEELER(T),Himachal Pradesh(96),2026,FEB,14
12,TWO WHEELER(NT),Himachal Pradesh(96),2026,FEB,"4,221"
13,TWO WHEELER(T),Himachal Pradesh(96),2026,FEB,32
1,FOUR WHEELER (INVALID CARRIAGE),Haryana(104),2026,JAN,4
2,HEAVY GOODS VEHICLE,Haryana(104),2026,JAN,"3,927"
3,HEAVY MOTOR VEHICLE,Haryana(104),2026,JAN,72
4,HEAVY PASSENGER VEHICLE,Haryana(104),2026,JAN,23
5,LIGHT GOODS VEHICLE,Haryana(104),2026,JAN,"2,746"
6,LIGHT MOTOR VEHICLE,Haryana(104),2026,JAN,"37,749"
7,LIGHT PASSENGER VEHICLE,Haryana(104),2026,JAN,"1,073"
8,MEDIUM GOODS VEHICLE,Haryana(104),2026,JAN,808
9,MEDIUM MOTOR VEHICLE,Haryana(104),2026,JAN,46
10,MEDIUM PASSENGER VEHICLE,Haryana(104),2026,JAN,48
11,OTHER THAN MENTIONED ABOVE,Haryana(104),2026,JAN,309
12,THREE WHEELER(T),Haryana(104),2026,JAN,"2,907"
13,TWO WHEELER(NT),Haryana(104),2026,JAN,"53,920"
14,TWO WHEELER(T),Haryana(104),2026,JAN,61
1,FOUR WHEELER (INVALID CARRIAGE),Haryana(104),2026,FEB,0
2,HEAVY GOODS VEHICLE,Haryana(104),2026,FEB,"3,019"
3,HEAVY MOTOR VEHICLE,Haryana(104),2026,FEB,57
4,HEAVY PASSENGER VEHICLE,Haryana(104),2026,FEB,113
5,LIGHT GOODS VEHICLE,Haryana(104),2026,FEB,"1,657"
6,LIGHT MOTOR VEHICLE,Haryana(104),2026,FEB,"24,411"
7,LIGHT PASSENGER VEHICLE,Haryana(104),2026,FEB,"3,686"
8,MEDIUM GOODS VEHICLE,Haryana(104),2026,FEB,578
9,MEDIUM MOTOR VEHICLE,Haryana(104),2026,FEB,52
10,MEDIUM PASSENGER VEHICLE,Haryana(104),2026,FEB,143
11,OTHER THAN MENTIONED ABOVE,Haryana(104),2026,FEB,372
12,THREE WHEELER(T),Haryana(104),2026,FEB,"1,854"
13,TWO WHEELER(NT),Haryana(104),2026,FEB,"34,205"
14,TWO WHEELER(T),Haryana(104),2026,FEB,1
1,FOUR WHEELER (INVALID CARRIAGE),Jharkhand(25),2026,JAN,1
2,HEAVY GOODS VEHICLE,Jharkhand(25),2026,JAN,669
3,HEAVY MOTOR VEHICLE,Jharkhand(25),2026,JAN,3
4,HEAVY PASSENGER VEHICLE,Jharkhand(25),2026,JAN,3
5,LIGHT GOODS VEHICLE,Jharkhand(25),2026,JAN,"2,453"
6,LIGHT MOTOR VEHICLE,Jharkhand(25),2026,JAN,"7,515"
7,LIGHT PASSENGER VEHICLE,Jharkhand(25),2026,JAN,228
8,MEDIUM GOODS VEHICLE,Jharkhand(25),2026,JAN,43
9,MEDIUM MOTOR VEHICLE,Jharkhand(25),2026,JAN,2
10,MEDIUM PASSENGER VEHICLE,Jharkhand(25),2026,JAN,15
11,OTHER THAN MENTIONED ABOVE,Jharkhand(25),2026,JAN,84
12,THREE WHEELER(T),Jharkhand(25),2026,JAN,"2,870"
13,TWO WHEELER(NT),Jharkhand(25),2026,JAN,"44,167"
1,FOUR WHEELER (INVALID CARRIAGE),Jharkhand(25),2026,FEB,1
2,HEAVY GOODS VEHICLE,Jharkhand(25),2026,FEB,553
3,HEAVY MOTOR VEHICLE,Jharkhand(25),2026,FEB,3
4,HEAVY PASSENGER VEHICLE,Jharkhand(25),2026,FEB,0
5,LIGHT GOODS VEHICLE,Jharkhand(25),2026,FEB,"1,981"
6,LIGHT MOTOR VEHICLE,Jharkhand(25),2026,FEB,"4,465"
7,LIGHT PASSENGER VEHICLE,Jharkhand(25),2026,FEB,167
8,MEDIUM GOODS VEHICLE,Jharkhand(25),2026,FEB,36
9,MEDIUM MOTOR VEHICLE,Jharkhand(25),2026,FEB,3
10,MEDIUM PASSENGER VEHICLE,Jharkhand(25),2026,FEB,12
11,OTHER THAN MENTIONED ABOVE,Jharkhand(25),2026,FEB,70
12,THREE WHEELER(T),Jharkhand(25),2026,FEB,"2,416"
13,TWO WHEELER(NT),Jharkhand(25),2026,FEB,"29,814"
1,FOUR WHEELER (INVALID CARRIAGE),Jammu and Kashmir(21),2026,JAN,1
2,HEAVY GOODS VEHICLE,Jammu and Kashmir(21),2026,JAN,261
3,HEAVY PASSENGER VEHICLE,Jammu and Kashmir(21),2026,JAN,21
4,LIGHT GOODS VEHICLE,Jammu and Kashmir(21),2026,JAN,675
5,LIGHT MOTOR VEHICLE,Jammu and Kashmir(21),2026,JAN,"7,128"
6,LIGHT PASSENGER VEHICLE,Jammu and Kashmir(21),2026,JAN,308
7,MEDIUM GOODS VEHICLE,Jammu and Kashmir(21),2026,JAN,22
8,MEDIUM PASSENGER VEHICLE,Jammu and Kashmir(21),2026,JAN,12
9,OTHER THAN MENTIONED ABOVE,Jammu and Kashmir(21),2026,JAN,27
10,THREE WHEELER(T),Jammu and Kashmir(21),2026,JAN,"1,091"
11,TWO WHEELER(NT),Jammu and Kashmir(21),2026,JAN,"4,987"
1,FOUR WHEELER (INVALID CARRIAGE),Jammu and Kashmir(21),2026,FEB,0
2,HEAVY GOODS VEHICLE,Jammu and Kashmir(21),2026,FEB,235
3,HEAVY PASSENGER VEHICLE,Jammu and Kashmir(21),2026,FEB,6
4,LIGHT GOODS VEHICLE,Jammu and Kashmir(21),2026,FEB,537
5,LIGHT MOTOR VEHICLE,Jammu and Kashmir(21),2026,FEB,"4,666"
6,LIGHT PASSENGER VEHICLE,Jammu and Kashmir(21),2026,FEB,339
7,MEDIUM GOODS VEHICLE,Jammu and Kashmir(21),2026,FEB,19
8,MEDIUM PASSENGER VEHICLE,Jammu and Kashmir(21),2026,FEB,32
9,OTHER THAN MENTIONED ABOVE,Jammu and Kashmir(21),2026,FEB,38
10,THREE WHEELER(T),Jammu and Kashmir(21),2026,FEB,"1,009"
11,TWO WHEELER(NT),Jammu and Kashmir(21),2026,FEB,"6,225"
1,FOUR WHEELER (INVALID CARRIAGE),Karnataka(68),2026,JAN,34
2,HEAVY GOODS VEHICLE,Karnataka(68),2026,JAN,"1,532"
3,HEAVY MOTOR VEHICLE,Karnataka(68),2026,JAN,4
4,HEAVY PASSENGER VEHICLE,Karnataka(68),2026,JAN,119
5,LIGHT GOODS VEHICLE,Karnataka(68),2026,JAN,"6,035"
6,LIGHT MOTOR VEHICLE,Karnataka(68),2026,JAN,"42,201"
7,LIGHT PASSENGER VEHICLE,Karnataka(68),2026,JAN,"5,348"
8,MEDIUM GOODS VEHICLE,Karnataka(68),2026,JAN,385
9,MEDIUM MOTOR VEHICLE,Karnataka(68),2026,JAN,30
10,MEDIUM PASSENGER VEHICLE,Karnataka(68),2026,JAN,260
11,OTHER THAN MENTIONED ABOVE,Karnataka(68),2026,JAN,601
12,THREE WHEELER(NT),Karnataka(68),2026,JAN,14
13,THREE WHEELER(T),Karnataka(68),2026,JAN,"6,236"
14,TWO WHEELER (INVALID CARRIAGE),Karnataka(68),2026,JAN,368
15,TWO WHEELER(NT),Karnataka(68),2026,JAN,"1,31,342"
16,TWO WHEELER(T),Karnataka(68),2026,JAN,"1,151"
1,FOUR WHEELER (INVALID CARRIAGE),Karnataka(68),2026,FEB,35
2,HEAVY GOODS VEHICLE,Karnataka(68),2026,FEB,"1,396"
3,HEAVY MOTOR VEHICLE,Karnataka(68),2026,FEB,4
4,HEAVY PASSENGER VEHICLE,Karnataka(68),2026,FEB,263
5,LIGHT GOODS VEHICLE,Karnataka(68),2026,FEB,"3,845"
6,LIGHT MOTOR VEHICLE,Karnataka(68),2026,FEB,"23,039"
7,LIGHT PASSENGER VEHICLE,Karnataka(68),2026,FEB,"2,880"
8,MEDIUM GOODS VEHICLE,Karnataka(68),2026,FEB,281
9,MEDIUM MOTOR VEHICLE,Karnataka(68),2026,FEB,18
10,MEDIUM PASSENGER VEHICLE,Karnataka(68),2026,FEB,140
11,OTHER THAN MENTIONED ABOVE,Karnataka(68),2026,FEB,319
12,THREE WHEELER(NT),Karnataka(68),2026,FEB,18
13,THREE WHEELER(T),Karnataka(68),2026,FEB,"4,723"
14,TWO WHEELER (INVALID CARRIAGE),Karnataka(68),2026,FEB,270
15,TWO WHEELER(NT),Karnataka(68),2026,FEB,"93,259"
16,TWO WHEELER(T),Karnataka(68),2026,FEB,353
1,FOUR WHEELER (INVALID CARRIAGE),Kerala(87),2026,JAN,4
2,HEAVY GOODS VEHICLE,Kerala(87),2026,JAN,342
3,HEAVY MOTOR VEHICLE,Kerala(87),2026,JAN,2
4,HEAVY PASSENGER VEHICLE,Kerala(87),2026,JAN,96
5,LIGHT GOODS VEHICLE,Kerala(87),2026,JAN,"2,354"
6,LIGHT MOTOR VEHICLE,Kerala(87),2026,JAN,"24,759"
7,LIGHT PASSENGER VEHICLE,Kerala(87),2026,JAN,"1,291"
8,MEDIUM GOODS VEHICLE,Kerala(87),2026,JAN,249
9,MEDIUM MOTOR VEHICLE,Kerala(87),2026,JAN,7
10,MEDIUM PASSENGER VEHICLE,Kerala(87),2026,JAN,100
11,OTHER THAN MENTIONED ABOVE,Kerala(87),2026,JAN,63
12,THREE WHEELER(NT),Kerala(87),2026,JAN,56
13,THREE WHEELER(T),Kerala(87),2026,JAN,"3,719"
14,TWO WHEELER (INVALID CARRIAGE),Kerala(87),2026,JAN,3
15,TWO WHEELER(NT),Kerala(87),2026,JAN,"57,021"
16,TWO WHEELER(T),Kerala(87),2026,JAN,62
1,FOUR WHEELER (INVALID CARRIAGE),Kerala(87),2026,FEB,0
2,HEAVY GOODS VEHICLE,Kerala(87),2026,FEB,258
3,HEAVY MOTOR VEHICLE,Kerala(87),2026,FEB,0
4,HEAVY PASSENGER VEHICLE,Kerala(87),2026,FEB,143
5,LIGHT GOODS VEHICLE,Kerala(87),2026,FEB,"1,524"
6,LIGHT MOTOR VEHICLE,Kerala(87),2026,FEB,"10,364"
7,LIGHT PASSENGER VEHICLE,Kerala(87),2026,FEB,"1,068"
8,MEDIUM GOODS VEHICLE,Kerala(87),2026,FEB,155
9,MEDIUM MOTOR VEHICLE,Kerala(87),2026,FEB,3
10,MEDIUM PASSENGER VEHICLE,Kerala(87),2026,FEB,96
11,OTHER THAN MENTIONED ABOVE,Kerala(87),2026,FEB,39
12,THREE WHEELER(NT),Kerala(87),2026,FEB,35
13,THREE WHEELER(T),Kerala(87),2026,FEB,"2,680"
14,TWO WHEELER (INVALID CARRIAGE),Kerala(87),2026,FEB,0
15,TWO WHEELER(NT),Kerala(87),2026,FEB,"40,355"
16,TWO WHEELER(T),Kerala(87),2026,FEB,59
1,HEAVY GOODS VEHICLE,Ladakh(3),2026,JAN,2
2,HEAVY MOTOR VEHICLE,Ladakh(3),2026,JAN,1
3,LIGHT GOODS VEHICLE,Ladakh(3),2026,JAN,32
4,LIGHT MOTOR VEHICLE,Ladakh(3),2026,JAN,239
5,LIGHT PASSENGER VEHICLE,Ladakh(3),2026,JAN,3
6,MEDIUM GOODS VEHICLE,Ladakh(3),2026,JAN,3
7,TWO WHEELER(NT),Ladakh(3),2026,JAN,18
1,HEAVY GOODS VEHICLE,Ladakh(3),2026,FEB,3
2,HEAVY MOTOR VEHICLE,Ladakh(3),2026,FEB,0
3,LIGHT GOODS VEHICLE,Ladakh(3),2026,FEB,22
4,LIGHT MOTOR VEHICLE,Ladakh(3),2026,FEB,55
5,LIGHT PASSENGER VEHICLE,Ladakh(3),2026,FEB,2
6,MEDIUM GOODS VEHICLE,Ladakh(3),2026,FEB,3
7,TWO WHEELER(NT),Ladakh(3),2026,FEB,20
1,LIGHT GOODS VEHICLE,Lakshadweep(9),2026,JAN,1
2,LIGHT MOTOR VEHICLE,Lakshadweep(9),2026,JAN,2
3,LIGHT PASSENGER VEHICLE,Lakshadweep(9),2026,JAN,1
4,OTHER THAN MENTIONED ABOVE,Lakshadweep(9),2026,JAN,1
5,THREE WHEELER(T),Lakshadweep(9),2026,JAN,1
6,TWO WHEELER(NT),Lakshadweep(9),2026,JAN,88
1,LIGHT GOODS VEHICLE,Lakshadweep(9),2026,FEB,1
2,LIGHT MOTOR VEHICLE,Lakshadweep(9),2026,FEB,2
3,LIGHT PASSENGER VEHICLE,Lakshadweep(9),2026,FEB,0
4,OTHER THAN MENTIONED ABOVE,Lakshadweep(9),2026,FEB,1
5,THREE WHEELER(T),Lakshadweep(9),2026,FEB,2
6,TWO WHEELER(NT),Lakshadweep(9),2026,FEB,109
1,FOUR WHEELER (INVALID CARRIAGE),Maharashtra(59),2026,JAN,61
2,HEAVY GOODS VEHICLE,Maharashtra(59),2026,JAN,"5,267"
3,HEAVY MOTOR VEHICLE,Maharashtra(59),2026,JAN,19
4,HEAVY PASSENGER VEHICLE,Maharashtra(59),2026,JAN,130
5,LIGHT GOODS VEHICLE,Maharashtra(59),2026,JAN,"9,765"
6,LIGHT MOTOR VEHICLE,Maharashtra(59),2026,JAN,"74,786"
7,LIGHT PASSENGER VEHICLE,Maharashtra(59),2026,JAN,"6,828"
8,MEDIUM GOODS VEHICLE,Maharashtra(59),2026,JAN,"1,240"
9,MEDIUM MOTOR VEHICLE,Maharashtra(59),2026,JAN,192
10,MEDIUM PASSENGER VEHICLE,Maharashtra(59),2026,JAN,262
11,OTHER THAN MENTIONED ABOVE,Maharashtra(59),2026,JAN,"1,250"
12,THREE WHEELER (INVALID CARRIAGE),Maharashtra(59),2026,JAN,1
13,THREE WHEELER(NT),Maharashtra(59),2026,JAN,2
14,THREE WHEELER(T),Maharashtra(59),2026,JAN,"9,314"
15,TWO WHEELER (INVALID CARRIAGE),Maharashtra(59),2026,JAN,52
16,TWO WHEELER(NT),Maharashtra(59),2026,JAN,"2,33,284"
17,TWO WHEELER(T),Maharashtra(59),2026,JAN,12
1,FOUR WHEELER (INVALID CARRIAGE),Maharashtra(59),2026,FEB,39
2,HEAVY GOODS VEHICLE,Maharashtra(59),2026,FEB,"3,927"
3,HEAVY MOTOR VEHICLE,Maharashtra(59),2026,FEB,150
4,HEAVY PASSENGER VEHICLE,Maharashtra(59),2026,FEB,188
5,LIGHT GOODS VEHICLE,Maharashtra(59),2026,FEB,"5,342"
6,LIGHT MOTOR VEHICLE,Maharashtra(59),2026,FEB,"34,389"
7,LIGHT PASSENGER VEHICLE,Maharashtra(59),2026,FEB,"4,538"
8,MEDIUM GOODS VEHICLE,Maharashtra(59),2026,FEB,"1,101"
9,MEDIUM MOTOR VEHICLE,Maharashtra(59),2026,FEB,104
10,MEDIUM PASSENGER VEHICLE,Maharashtra(59),2026,FEB,217
11,OTHER THAN MENTIONED ABOVE,Maharashtra(59),2026,FEB,764
12,THREE WHEELER (INVALID CARRIAGE),Maharashtra(59),2026,FEB,0
13,THREE WHEELER(NT),Maharashtra(59),2026,FEB,0
14,THREE WHEELER(T),Maharashtra(59),2026,FEB,"6,961"
15,TWO WHEELER (INVALID CARRIAGE),Maharashtra(59),2026,FEB,29
16,TWO WHEELER(NT),Maharashtra(59),2026,FEB,"1,49,565"
17,TWO WHEELER(T),Maharashtra(59),2026,FEB,0
1,HEAVY GOODS VEHICLE,Meghalaya(15),2026,JAN,50
2,HEAVY MOTOR VEHICLE,Meghalaya(15),2026,JAN,2
3,LIGHT GOODS VEHICLE,Meghalaya(15),2026,JAN,231
4,LIGHT MOTOR VEHICLE,Meghalaya(15),2026,JAN,"1,357"
5,LIGHT PASSENGER VEHICLE,Meghalaya(15),2026,JAN,13
6,MEDIUM GOODS VEHICLE,Meghalaya(15),2026,JAN,1
7,MEDIUM MOTOR VEHICLE,Meghalaya(15),2026,JAN,1
8,MEDIUM PASSENGER VEHICLE,Meghalaya(15),2026,JAN,3
9,OTHER THAN MENTIONED ABOVE,Meghalaya(15),2026,JAN,40
10,THREE WHEELER(NT),Meghalaya(15),2026,JAN,1
11,THREE WHEELER(T),Meghalaya(15),2026,JAN,109
12,TWO WHEELER(NT),Meghalaya(15),2026,JAN,"2,002"
13,TWO WHEELER(T),Meghalaya(15),2026,JAN,1
1,HEAVY GOODS VEHICLE,Meghalaya(15),2026,FEB,54
2,HEAVY MOTOR VEHICLE,Meghalaya(15),2026,FEB,2
3,LIGHT GOODS VEHICLE,Meghalaya(15),2026,FEB,135
4,LIGHT MOTOR VEHICLE,Meghalaya(15),2026,FEB,809
5,LIGHT PASSENGER VEHICLE,Meghalaya(15),2026,FEB,115
6,MEDIUM GOODS VEHICLE,Meghalaya(15),2026,FEB,3
7,MEDIUM MOTOR VEHICLE,Meghalaya(15),2026,FEB,1
8,MEDIUM PASSENGER VEHICLE,Meghalaya(15),2026,FEB,1
9,OTHER THAN MENTIONED ABOVE,Meghalaya(15),2026,FEB,42
10,THREE WHEELER(NT),Meghalaya(15),2026,FEB,0
11,THREE WHEELER(T),Meghalaya(15),2026,FEB,61
12,TWO WHEELER(NT),Meghalaya(15),2026,FEB,"1,524"
13,TWO WHEELER(T),Meghalaya(15),2026,FEB,0
1,HEAVY GOODS VEHICLE,Manipur(17),2026,JAN,10
2,LIGHT GOODS VEHICLE,Manipur(17),2026,JAN,53
3,LIGHT MOTOR VEHICLE,Manipur(17),2026,JAN,700
4,LIGHT PASSENGER VEHICLE,Manipur(17),2026,JAN,2
5,MEDIUM GOODS VEHICLE,Manipur(17),2026,JAN,1
6,MEDIUM MOTOR VEHICLE,Manipur(17),2026,JAN,0
7,OTHER THAN MENTIONED ABOVE,Manipur(17),2026,JAN,7
8,THREE WHEELER(T),Manipur(17),2026,JAN,123
9,TWO WHEELER(NT),Manipur(17),2026,JAN,"2,525"
1,HEAVY GOODS VEHICLE,Manipur(17),2026,FEB,28
2,LIGHT GOODS VEHICLE,Manipur(17),2026,FEB,60
3,LIGHT MOTOR VEHICLE,Manipur(17),2026,FEB,475
4,LIGHT PASSENGER VEHICLE,Manipur(17),2026,FEB,1
5,MEDIUM GOODS VEHICLE,Manipur(17),2026,FEB,0
6,MEDIUM MOTOR VEHICLE,Manipur(17),2026,FEB,1
7,OTHER THAN MENTIONED ABOVE,Manipur(17),2026,FEB,3
8,THREE WHEELER(T),Manipur(17),2026,FEB,112
9,TWO WHEELER(NT),Manipur(17),2026,FEB,"2,357"
1,HEAVY GOODS VEHICLE,Madhya Pradesh(53),2026,JAN,939
2,HEAVY MOTOR VEHICLE,Madhya Pradesh(53),2026,JAN,8
3,HEAVY PASSENGER VEHICLE,Madhya Pradesh(53),2026,JAN,163
4,LIGHT GOODS VEHICLE,Madhya Pradesh(53),2026,JAN,"2,980"
5,LIGHT MOTOR VEHICLE,Madhya Pradesh(53),2026,JAN,"39,007"
6,LIGHT PASSENGER VEHICLE,Madhya Pradesh(53),2026,JAN,"1,419"
7,MEDIUM GOODS VEHICLE,Madhya Pradesh(53),2026,JAN,130
8,MEDIUM MOTOR VEHICLE,Madhya Pradesh(53),2026,JAN,8
9,MEDIUM PASSENGER VEHICLE,Madhya Pradesh(53),2026,JAN,141
10,OTHER THAN MENTIONED ABOVE,Madhya Pradesh(53),2026,JAN,617
11,THREE WHEELER(NT),Madhya Pradesh(53),2026,JAN,0
12,THREE WHEELER(T),Madhya Pradesh(53),2026,JAN,"5,274"
13,TWO WHEELER (INVALID CARRIAGE),Madhya Pradesh(53),2026,JAN,2
14,TWO WHEELER(NT),Madhya Pradesh(53),2026,JAN,"1,11,155"
15,TWO WHEELER(T),Madhya Pradesh(53),2026,JAN,6
1,HEAVY GOODS VEHICLE,Madhya Pradesh(53),2026,FEB,766
2,HEAVY MOTOR VEHICLE,Madhya Pradesh(53),2026,FEB,8
3,HEAVY PASSENGER VEHICLE,Madhya Pradesh(53),2026,FEB,128
4,LIGHT GOODS VEHICLE,Madhya Pradesh(53),2026,FEB,"1,952"
5,LIGHT MOTOR VEHICLE,Madhya Pradesh(53),2026,FEB,"27,137"
6,LIGHT PASSENGER VEHICLE,Madhya Pradesh(53),2026,FEB,905
7,MEDIUM GOODS VEHICLE,Madhya Pradesh(53),2026,FEB,66
8,MEDIUM MOTOR VEHICLE,Madhya Pradesh(53),2026,FEB,7
9,MEDIUM PASSENGER VEHICLE,Madhya Pradesh(53),2026,FEB,88
10,OTHER THAN MENTIONED ABOVE,Madhya Pradesh(53),2026,FEB,608
11,THREE WHEELER(NT),Madhya Pradesh(53),2026,FEB,1
12,THREE WHEELER(T),Madhya Pradesh(53),2026,FEB,"3,588"
13,TWO WHEELER (INVALID CARRIAGE),Madhya Pradesh(53),2026,FEB,0
14,TWO WHEELER(NT),Madhya Pradesh(53),2026,FEB,"80,343"
15,TWO WHEELER(T),Madhya Pradesh(53),2026,FEB,0
1,HEAVY GOODS VEHICLE,Mizoram(12),2026,JAN,28
2,LIGHT GOODS VEHICLE,Mizoram(12),2026,JAN,201
3,LIGHT MOTOR VEHICLE,Mizoram(12),2026,JAN,435
4,LIGHT PASSENGER VEHICLE,Mizoram(12),2026,JAN,53
5,MEDIUM GOODS VEHICLE,Mizoram(12),2026,JAN,15
6,MEDIUM MOTOR VEHICLE,Mizoram(12),2026,JAN,1
7,OTHER THAN MENTIONED ABOVE,Mizoram(12),2026,JAN,11
8,THREE WHEELER(T),Mizoram(12),2026,JAN,7
9,TWO WHEELER(NT),Mizoram(12),2026,JAN,"2,456"
10,TWO WHEELER(T),Mizoram(12),2026,JAN,22
1,HEAVY GOODS VEHICLE,Mizoram(12),2026,FEB,36
2,LIGHT GOODS VEHICLE,Mizoram(12),2026,FEB,139
3,LIGHT MOTOR VEHICLE,Mizoram(12),2026,FEB,242
4,LIGHT PASSENGER VEHICLE,Mizoram(12),2026,FEB,30
5,MEDIUM GOODS VEHICLE,Mizoram(12),2026,FEB,18
6,MEDIUM MOTOR VEHICLE,Mizoram(12),2026,FEB,0
7,OTHER THAN MENTIONED ABOVE,Mizoram(12),2026,FEB,12
8,THREE WHEELER(T),Mizoram(12),2026,FEB,9
9,TWO WHEELER(NT),Mizoram(12),2026,FEB,"1,609"
10,TWO WHEELER(T),Mizoram(12),2026,FEB,16
1,HEAVY GOODS VEHICLE,Nagaland(9),2026,JAN,"1,221"
2,HEAVY MOTOR VEHICLE,Nagaland(9),2026,JAN,3
3,LIGHT GOODS VEHICLE,Nagaland(9),2026,JAN,97
4,LIGHT MOTOR VEHICLE,Nagaland(9),2026,JAN,937
5,LIGHT PASSENGER VEHICLE,Nagaland(9),2026,JAN,2
6,MEDIUM GOODS VEHICLE,Nagaland(9),2026,JAN,14
7,MEDIUM MOTOR VEHICLE,Nagaland(9),2026,JAN,0
8,OTHER THAN MENTIONED ABOVE,Nagaland(9),2026,JAN,31
9,THREE WHEELER(T),Nagaland(9),2026,JAN,61
10,TWO WHEELER(NT),Nagaland(9),2026,JAN,544
11,TWO WHEELER(T),Nagaland(9),2026,JAN,11
1,HEAVY GOODS VEHICLE,Nagaland(9),2026,FEB,824
2,HEAVY MOTOR VEHICLE,Nagaland(9),2026,FEB,1
3,LIGHT GOODS VEHICLE,Nagaland(9),2026,FEB,83
4,LIGHT MOTOR VEHICLE,Nagaland(9),2026,FEB,682
5,LIGHT PASSENGER VEHICLE,Nagaland(9),2026,FEB,4
6,MEDIUM GOODS VEHICLE,Nagaland(9),2026,FEB,5
7,MEDIUM MOTOR VEHICLE,Nagaland(9),2026,FEB,1
8,OTHER THAN MENTIONED ABOVE,Nagaland(9),2026,FEB,38
9,THREE WHEELER(T),Nagaland(9),2026,FEB,61
10,TWO WHEELER(NT),Nagaland(9),2026,FEB,499
11,TWO WHEELER(T),Nagaland(9),2026,FEB,12
1,FOUR WHEELER (INVALID CARRIAGE),Odisha(39),2026,JAN,3
2,HEAVY GOODS VEHICLE,Odisha(39),2026,JAN,"1,354"
3,HEAVY MOTOR VEHICLE,Odisha(39),2026,JAN,0
4,HEAVY PASSENGER VEHICLE,Odisha(39),2026,JAN,154
5,LIGHT GOODS VEHICLE,Odisha(39),2026,JAN,"1,946"
6,LIGHT MOTOR VEHICLE,Odisha(39),2026,JAN,"9,919"
7,LIGHT PASSENGER VEHICLE,Odisha(39),2026,JAN,"1,223"
8,MEDIUM GOODS VEHICLE,Odisha(39),2026,JAN,57
9,MEDIUM MOTOR VEHICLE,Odisha(39),2026,JAN,5
10,MEDIUM PASSENGER VEHICLE,Odisha(39),2026,JAN,82
11,OTHER THAN MENTIONED ABOVE,Odisha(39),2026,JAN,571
12,THREE WHEELER(T),Odisha(39),2026,JAN,"2,516"
13,TWO WHEELER (INVALID CARRIAGE),Odisha(39),2026,JAN,0
14,TWO WHEELER(NT),Odisha(39),2026,JAN,"69,368"
15,TWO WHEELER(T),Odisha(39),2026,JAN,44
1,FOUR WHEELER (INVALID CARRIAGE),Odisha(39),2026,FEB,1
2,HEAVY GOODS VEHICLE,Odisha(39),2026,FEB,940
3,HEAVY MOTOR VEHICLE,Odisha(39),2026,FEB,1
4,HEAVY PASSENGER VEHICLE,Odisha(39),2026,FEB,19
5,LIGHT GOODS VEHICLE,Odisha(39),2026,FEB,"1,486"
6,LIGHT MOTOR VEHICLE,Odisha(39),2026,FEB,"6,257"
7,LIGHT PASSENGER VEHICLE,Odisha(39),2026,FEB,830
8,MEDIUM GOODS VEHICLE,Odisha(39),2026,FEB,38
9,MEDIUM MOTOR VEHICLE,Odisha(39),2026,FEB,4
10,MEDIUM PASSENGER VEHICLE,Odisha(39),2026,FEB,68
11,OTHER THAN MENTIONED ABOVE,Odisha(39),2026,FEB,444
12,THREE WHEELER(T),Odisha(39),2026,FEB,"1,936"
13,TWO WHEELER (INVALID CARRIAGE),Odisha(39),2026,FEB,1
14,TWO WHEELER(NT),Odisha(39),2026,FEB,"55,140"
15,TWO WHEELER(T),Odisha(39),2026,FEB,66
1,HEAVY GOODS VEHICLE,Punjab(96),2026,JAN,757
2,HEAVY MOTOR VEHICLE,Punjab(96),2026,JAN,2
3,HEAVY PASSENGER VEHICLE,Punjab(96),2026,JAN,6
4,LIGHT GOODS VEHICLE,Punjab(96),2026,JAN,"1,324"
5,LIGHT MOTOR VEHICLE,Punjab(96),2026,JAN,"26,017"
6,LIGHT PASSENGER VEHICLE,Punjab(96),2026,JAN,272
7,MEDIUM GOODS VEHICLE,Punjab(96),2026,JAN,81
8,MEDIUM MOTOR VEHICLE,Punjab(96),2026,JAN,5
9,MEDIUM PASSENGER VEHICLE,Punjab(96),2026,JAN,22
10,OTHER THAN MENTIONED ABOVE,Punjab(96),2026,JAN,315
11,THREE WHEELER(T),Punjab(96),2026,JAN,"1,462"
12,TWO WHEELER(NT),Punjab(96),2026,JAN,"51,715"
13,TWO WHEELER(T),Punjab(96),2026,JAN,1
1,HEAVY GOODS VEHICLE,Punjab(96),2026,FEB,458
2,HEAVY MOTOR VEHICLE,Punjab(96),2026,FEB,0
3,HEAVY PASSENGER VEHICLE,Punjab(96),2026,FEB,4
4,LIGHT GOODS VEHICLE,Punjab(96),2026,FEB,882
5,LIGHT MOTOR VEHICLE,Punjab(96),2026,FEB,"16,558"
6,LIGHT PASSENGER VEHICLE,Punjab(96),2026,FEB,223
7,MEDIUM GOODS VEHICLE,Punjab(96),2026,FEB,66
8,MEDIUM MOTOR VEHICLE,Punjab(96),2026,FEB,4
9,MEDIUM PASSENGER VEHICLE,Punjab(96),2026,FEB,6
10,OTHER THAN MENTIONED ABOVE,Punjab(96),2026,FEB,369
11,THREE WHEELER(T),Punjab(96),2026,FEB,"1,143"
12,TWO WHEELER(NT),Punjab(96),2026,FEB,"31,902"
13,TWO WHEELER(T),Punjab(96),2026,FEB,2
1,FOUR WHEELER (INVALID CARRIAGE),Puducherry(8),2026,JAN,0
2,HEAVY GOODS VEHICLE,Puducherry(8),2026,JAN,0
3,HEAVY PASSENGER VEHICLE,Puducherry(8),2026,JAN,8
4,LIGHT GOODS VEHICLE,Puducherry(8),2026,JAN,46
5,LIGHT MOTOR VEHICLE,Puducherry(8),2026,JAN,"1,705"
6,LIGHT PASSENGER VEHICLE,Puducherry(8),2026,JAN,96
7,MEDIUM GOODS VEHICLE,Puducherry(8),2026,JAN,1
8,MEDIUM MOTOR VEHICLE,Puducherry(8),2026,JAN,0
9,MEDIUM PASSENGER VEHICLE,Puducherry(8),2026,JAN,7
10,OTHER THAN MENTIONED ABOVE,Puducherry(8),2026,JAN,1
11,THREE WHEELER(NT),Puducherry(8),2026,JAN,1
12,THREE WHEELER(T),Puducherry(8),2026,JAN,63
13,TWO WHEELER(NT),Puducherry(8),2026,JAN,"7,438"
14,TWO WHEELER(T),Puducherry(8),2026,JAN,18
1,FOUR WHEELER (INVALID CARRIAGE),Puducherry(8),2026,FEB,1
2,HEAVY GOODS VEHICLE,Puducherry(8),2026,FEB,1
3,HEAVY PASSENGER VEHICLE,Puducherry(8),2026,FEB,13
4,LIGHT GOODS VEHICLE,Puducherry(8),2026,FEB,40
5,LIGHT MOTOR VEHICLE,Puducherry(8),2026,FEB,931
6,LIGHT PASSENGER VEHICLE,Puducherry(8),2026,FEB,65
7,MEDIUM GOODS VEHICLE,Puducherry(8),2026,FEB,8
8,MEDIUM MOTOR VEHICLE,Puducherry(8),2026,FEB,1
9,MEDIUM PASSENGER VEHICLE,Puducherry(8),2026,FEB,9
10,OTHER THAN MENTIONED ABOVE,Puducherry(8),2026,FEB,4
11,THREE WHEELER(NT),Puducherry(8),2026,FEB,0
12,THREE WHEELER(T),Puducherry(8),2026,FEB,63
13,TWO WHEELER(NT),Puducherry(8),2026,FEB,"4,426"
14,TWO WHEELER(T),Puducherry(8),2026,FEB,17
1,FOUR WHEELER (INVALID CARRIAGE),Rajasthan(60),2026,JAN,9
2,HEAVY GOODS VEHICLE,Rajasthan(60),2026,JAN,"3,196"
3,HEAVY MOTOR VEHICLE,Rajasthan(60),2026,JAN,12
4,HEAVY PASSENGER VEHICLE,Rajasthan(60),2026,JAN,78
5,LIGHT GOODS VEHICLE,Rajasthan(60),2026,JAN,"4,566"
6,LIGHT MOTOR VEHICLE,Rajasthan(60),2026,JAN,"43,700"
7,LIGHT PASSENGER VEHICLE,Rajasthan(60),2026,JAN,"2,046"
8,MEDIUM GOODS VEHICLE,Rajasthan(60),2026,JAN,65
9,MEDIUM MOTOR VEHICLE,Rajasthan(60),2026,JAN,50
10,MEDIUM PASSENGER VEHICLE,Rajasthan(60),2026,JAN,96
11,OTHER THAN MENTIONED ABOVE,Rajasthan(60),2026,JAN,567
12,THREE WHEELER(NT),Rajasthan(60),2026,JAN,1
13,THREE WHEELER(T),Rajasthan(60),2026,JAN,"4,165"
14,TWO WHEELER (INVALID CARRIAGE),Rajasthan(60),2026,JAN,97
15,TWO WHEELER(NT),Rajasthan(60),2026,JAN,"94,660"
16,TWO WHEELER(T),Rajasthan(60),2026,JAN,100
1,FOUR WHEELER (INVALID CARRIAGE),Rajasthan(60),2026,FEB,11
2,HEAVY GOODS VEHICLE,Rajasthan(60),2026,FEB,"2,810"
3,HEAVY MOTOR VEHICLE,Rajasthan(60),2026,FEB,5
4,HEAVY PASSENGER VEHICLE,Rajasthan(60),2026,FEB,10
5,LIGHT GOODS VEHICLE,Rajasthan(60),2026,FEB,"3,352"
6,LIGHT MOTOR VEHICLE,Rajasthan(60),2026,FEB,"25,187"
7,LIGHT PASSENGER VEHICLE,Rajasthan(60),2026,FEB,"1,282"
8,MEDIUM GOODS VEHICLE,Rajasthan(60),2026,FEB,93
9,MEDIUM MOTOR VEHICLE,Rajasthan(60),2026,FEB,35
10,MEDIUM PASSENGER VEHICLE,Rajasthan(60),2026,FEB,94
11,OTHER THAN MENTIONED ABOVE,Rajasthan(60),2026,FEB,429
12,THREE WHEELER(NT),Rajasthan(60),2026,FEB,0
13,THREE WHEELER(T),Rajasthan(60),2026,FEB,"3,297"
14,TWO WHEELER (INVALID CARRIAGE),Rajasthan(60),2026,FEB,242
15,TWO WHEELER(NT),Rajasthan(60),2026,FEB,"64,867"
16,TWO WHEELER(T),Rajasthan(60),2026,FEB,79
1,HEAVY GOODS VEHICLE,Sikkim(9),2026,JAN,17
2,HEAVY MOTOR VEHICLE,Sikkim(9),2026,JAN,0
3,LIGHT GOODS VEHICLE,Sikkim(9),2026,JAN,9
4,LIGHT MOTOR VEHICLE,Sikkim(9),2026,JAN,381
5,LIGHT PASSENGER VEHICLE,Sikkim(9),2026,JAN,82
6,MEDIUM GOODS VEHICLE,Sikkim(9),2026,JAN,2
7,MEDIUM PASSENGER VEHICLE,Sikkim(9),2026,JAN,1
8,OTHER THAN MENTIONED ABOVE,Sikkim(9),2026,JAN,4
9,TWO WHEELER(NT),Sikkim(9),2026,JAN,666
10,TWO WHEELER(T),Sikkim(9),2026,JAN,6
1,HEAVY GOODS VEHICLE,Sikkim(9),2026,FEB,16
2,HEAVY MOTOR VEHICLE,Sikkim(9),2026,FEB,1
3,LIGHT GOODS VEHICLE,Sikkim(9),2026,FEB,12
4,LIGHT MOTOR VEHICLE,Sikkim(9),2026,FEB,221
5,LIGHT PASSENGER VEHICLE,Sikkim(9),2026,FEB,77
6,MEDIUM GOODS VEHICLE,Sikkim(9),2026,FEB,1
7,MEDIUM PASSENGER VEHICLE,Sikkim(9),2026,FEB,3
8,OTHER THAN MENTIONED ABOVE,Sikkim(9),2026,FEB,2
9,TWO WHEELER(NT),Sikkim(9),2026,FEB,456
10,TWO WHEELER(T),Sikkim(9),2026,FEB,4
1,FOUR WHEELER (INVALID CARRIAGE),Tamil Nadu(148),2026,JAN,28
2,HEAVY GOODS VEHICLE,Tamil Nadu(148),2026,JAN,"1,628"
3,HEAVY MOTOR VEHICLE,Tamil Nadu(148),2026,JAN,20
4,HEAVY PASSENGER VEHICLE,Tamil Nadu(148),2026,JAN,592
5,LIGHT GOODS VEHICLE,Tamil Nadu(148),2026,JAN,"5,712"
6,LIGHT MOTOR VEHICLE,Tamil Nadu(148),2026,JAN,"38,243"
7,LIGHT PASSENGER VEHICLE,Tamil Nadu(148),2026,JAN,"2,652"
8,MEDIUM GOODS VEHICLE,Tamil Nadu(148),2026,JAN,912
9,MEDIUM MOTOR VEHICLE,Tamil Nadu(148),2026,JAN,67
10,MEDIUM PASSENGER VEHICLE,Tamil Nadu(148),2026,JAN,91
11,OTHER THAN MENTIONED ABOVE,Tamil Nadu(148),2026,JAN,734
12,THREE WHEELER(NT),Tamil Nadu(148),2026,JAN,42
13,THREE WHEELER(T),Tamil Nadu(148),2026,JAN,"5,741"
14,TWO WHEELER (INVALID CARRIAGE),Tamil Nadu(148),2026,JAN,"2,004"
15,TWO WHEELER(NT),Tamil Nadu(148),2026,JAN,"2,00,989"
1,FOUR WHEELER (INVALID CARRIAGE),Tamil Nadu(148),2026,FEB,17
2,HEAVY GOODS VEHICLE,Tamil Nadu(148),2026,FEB,"1,474"
3,HEAVY MOTOR VEHICLE,Tamil Nadu(148),2026,FEB,13
4,HEAVY PASSENGER VEHICLE,Tamil Nadu(148),2026,FEB,678
5,LIGHT GOODS VEHICLE,Tamil Nadu(148),2026,FEB,"3,883"
6,LIGHT MOTOR VEHICLE,Tamil Nadu(148),2026,FEB,"22,714"
7,LIGHT PASSENGER VEHICLE,Tamil Nadu(148),2026,FEB,"3,694"
8,MEDIUM GOODS VEHICLE,Tamil Nadu(148),2026,FEB,803
9,MEDIUM MOTOR VEHICLE,Tamil Nadu(148),2026,FEB,54
10,MEDIUM PASSENGER VEHICLE,Tamil Nadu(148),2026,FEB,117
11,OTHER THAN MENTIONED ABOVE,Tamil Nadu(148),2026,FEB,468
12,THREE WHEELER(NT),Tamil Nadu(148),2026,FEB,30
13,THREE WHEELER(T),Tamil Nadu(148),2026,FEB,"4,557"
14,TWO WHEELER (INVALID CARRIAGE),Tamil Nadu(148),2026,FEB,"4,115"
15,TWO WHEELER(NT),Tamil Nadu(148),2026,FEB,"1,48,427"
1,HEAVY GOODS VEHICLE,Tripura(9),2026,JAN,127
2,LIGHT GOODS VEHICLE,Tripura(9),2026,JAN,184
3,LIGHT MOTOR VEHICLE,Tripura(9),2026,JAN,537
4,LIGHT PASSENGER VEHICLE,Tripura(9),2026,JAN,7
5,MEDIUM GOODS VEHICLE,Tripura(9),2026,JAN,21
6,MEDIUM MOTOR VEHICLE,Tripura(9),2026,JAN,19
7,MEDIUM PASSENGER VEHICLE,Tripura(9),2026,JAN,7
8,OTHER THAN MENTIONED ABOVE,Tripura(9),2026,JAN,3
9,THREE WHEELER(T),Tripura(9),2026,JAN,900
10,TWO WHEELER(NT),Tripura(9),2026,JAN,"3,017"
1,HEAVY GOODS VEHICLE,Tripura(9),2026,FEB,66
2,LIGHT GOODS VEHICLE,Tripura(9),2026,FEB,125
3,LIGHT MOTOR VEHICLE,Tripura(9),2026,FEB,353
4,LIGHT PASSENGER VEHICLE,Tripura(9),2026,FEB,35
5,MEDIUM GOODS VEHICLE,Tripura(9),2026,FEB,16
6,MEDIUM MOTOR VEHICLE,Tripura(9),2026,FEB,21
7,MEDIUM PASSENGER VEHICLE,Tripura(9),2026,FEB,29
8,OTHER THAN MENTIONED ABOVE,Tripura(9),2026,FEB,1
9,THREE WHEELER(T),Tripura(9),2026,FEB,865
10,TWO WHEELER(NT),Tripura(9),2026,FEB,"2,151"
1,FOUR WHEELER (INVALID CARRIAGE),Uttarakhand(21),2026,JAN,4
2,HEAVY GOODS VEHICLE,Uttarakhand(21),2026,JAN,260
3,HEAVY MOTOR VEHICLE,Uttarakhand(21),2026,JAN,2
4,HEAVY PASSENGER VEHICLE,Uttarakhand(21),2026,JAN,24
5,LIGHT GOODS VEHICLE,Uttarakhand(21),2026,JAN,611
6,LIGHT MOTOR VEHICLE,Uttarakhand(21),2026,JAN,"8,074"
7,LIGHT PASSENGER VEHICLE,Uttarakhand(21),2026,JAN,985
8,MEDIUM GOODS VEHICLE,Uttarakhand(21),2026,JAN,57
9,MEDIUM MOTOR VEHICLE,Uttarakhand(21),2026,JAN,5
10,MEDIUM PASSENGER VEHICLE,Uttarakhand(21),2026,JAN,23
11,OTHER THAN MENTIONED ABOVE,Uttarakhand(21),2026,JAN,59
12,THREE WHEELER(T),Uttarakhand(21),2026,JAN,921
13,TWO WHEELER (INVALID CARRIAGE),Uttarakhand(21),2026,JAN,2
14,TWO WHEELER(NT),Uttarakhand(21),2026,JAN,"17,102"
15,TWO WHEELER(T),Uttarakhand(21),2026,JAN,261
1,FOUR WHEELER (INVALID CARRIAGE),Uttarakhand(21),2026,FEB,0
2,HEAVY GOODS VEHICLE,Uttarakhand(21),2026,FEB,154
3,HEAVY MOTOR VEHICLE,Uttarakhand(21),2026,FEB,1
4,HEAVY PASSENGER VEHICLE,Uttarakhand(21),2026,FEB,37
5,LIGHT GOODS VEHICLE,Uttarakhand(21),2026,FEB,337
6,LIGHT MOTOR VEHICLE,Uttarakhand(21),2026,FEB,"3,954"
7,LIGHT PASSENGER VEHICLE,Uttarakhand(21),2026,FEB,596
8,MEDIUM GOODS VEHICLE,Uttarakhand(21),2026,FEB,37
9,MEDIUM MOTOR VEHICLE,Uttarakhand(21),2026,FEB,4
10,MEDIUM PASSENGER VEHICLE,Uttarakhand(21),2026,FEB,23
11,OTHER THAN MENTIONED ABOVE,Uttarakhand(21),2026,FEB,49
12,THREE WHEELER(T),Uttarakhand(21),2026,FEB,655
13,TWO WHEELER (INVALID CARRIAGE),Uttarakhand(21),2026,FEB,0
14,TWO WHEELER(NT),Uttarakhand(21),2026,FEB,"10,269"
15,TWO WHEELER(T),Uttarakhand(21),2026,FEB,207
1,FOUR WHEELER (INVALID CARRIAGE),Uttar Pradesh(77),2026,JAN,26
2,HEAVY GOODS VEHICLE,Uttar Pradesh(77),2026,JAN,"1,723"
3,HEAVY MOTOR VEHICLE,Uttar Pradesh(77),2026,JAN,11
4,HEAVY PASSENGER VEHICLE,Uttar Pradesh(77),2026,JAN,50
5,LIGHT GOODS VEHICLE,Uttar Pradesh(77),2026,JAN,"6,221"
6,LIGHT MOTOR VEHICLE,Uttar Pradesh(77),2026,JAN,"80,657"
7,LIGHT PASSENGER VEHICLE,Uttar Pradesh(77),2026,JAN,"5,028"
8,MEDIUM GOODS VEHICLE,Uttar Pradesh(77),2026,JAN,512
9,MEDIUM MOTOR VEHICLE,Uttar Pradesh(77),2026,JAN,73
10,MEDIUM PASSENGER VEHICLE,Uttar Pradesh(77),2026,JAN,158
11,OTHER THAN MENTIONED ABOVE,Uttar Pradesh(77),2026,JAN,974
12,THREE WHEELER(NT),Uttar Pradesh(77),2026,JAN,2
13,THREE WHEELER(T),Uttar Pradesh(77),2026,JAN,"25,492"
14,TWO WHEELER (INVALID CARRIAGE),Uttar Pradesh(77),2026,JAN,17
15,TWO WHEELER(NT),Uttar Pradesh(77),2026,JAN,"2,45,060"
16,TWO WHEELER(T),Uttar Pradesh(77),2026,JAN,130
1,FOUR WHEELER (INVALID CARRIAGE),Uttar Pradesh(77),2026,FEB,12
2,HEAVY GOODS VEHICLE,Uttar Pradesh(77),2026,FEB,"1,288"
3,HEAVY MOTOR VEHICLE,Uttar Pradesh(77),2026,FEB,5
4,HEAVY PASSENGER VEHICLE,Uttar Pradesh(77),2026,FEB,160
5,LIGHT GOODS VEHICLE,Uttar Pradesh(77),2026,FEB,"3,100"
6,LIGHT MOTOR VEHICLE,Uttar Pradesh(77),2026,FEB,"44,079"
7,LIGHT PASSENGER VEHICLE,Uttar Pradesh(77),2026,FEB,"2,599"
8,MEDIUM GOODS VEHICLE,Uttar Pradesh(77),2026,FEB,331
9,MEDIUM MOTOR VEHICLE,Uttar Pradesh(77),2026,FEB,53
10,MEDIUM PASSENGER VEHICLE,Uttar Pradesh(77),2026,FEB,158
11,OTHER THAN MENTIONED ABOVE,Uttar Pradesh(77),2026,FEB,676
12,THREE WHEELER(NT),Uttar Pradesh(77),2026,FEB,1
13,THREE WHEELER(T),Uttar Pradesh(77),2026,FEB,"16,544"
14,TWO WHEELER (INVALID CARRIAGE),Uttar Pradesh(77),2026,FEB,6
15,TWO WHEELER(NT),Uttar Pradesh(77),2026,FEB,"1,89,965"
16,TWO WHEELER(T),Uttar Pradesh(77),2026,FEB,0
1,HEAVY GOODS VEHICLE,West Bengal(59),2026,JAN,"1,167"
2,HEAVY MOTOR VEHICLE,West Bengal(59),2026,JAN,1
3,HEAVY PASSENGER VEHICLE,West Bengal(59),2026,JAN,121
4,LIGHT GOODS VEHICLE,West Bengal(59),2026,JAN,"1,955"
5,LIGHT MOTOR VEHICLE,West Bengal(59),2026,JAN,"13,336"
6,LIGHT PASSENGER VEHICLE,West Bengal(59),2026,JAN,"1,751"
7,MEDIUM GOODS VEHICLE,West Bengal(59),2026,JAN,282
8,MEDIUM MOTOR VEHICLE,West Bengal(59),2026,JAN,7
9,MEDIUM PASSENGER VEHICLE,West Bengal(59),2026,JAN,86
10,OTHER THAN MENTIONED ABOVE,West Bengal(59),2026,JAN,173
11,THREE WHEELER(T),West Bengal(59),2026,JAN,"19,074"
12,TWO WHEELER (INVALID CARRIAGE),West Bengal(59),2026,JAN,2
13,TWO WHEELER(NT),West Bengal(59),2026,JAN,"83,123"
14,TWO WHEELER(T),West Bengal(59),2026,JAN,1
1,HEAVY GOODS VEHICLE,West Bengal(59),2026,FEB,986
2,HEAVY MOTOR VEHICLE,West Bengal(59),2026,FEB,1
3,HEAVY PASSENGER VEHICLE,West Bengal(59),2026,FEB,62
4,LIGHT GOODS VEHICLE,West Bengal(59),2026,FEB,"1,452"
5,LIGHT MOTOR VEHICLE,West Bengal(59),2026,FEB,"8,798"
6,LIGHT PASSENGER VEHICLE,West Bengal(59),2026,FEB,"1,264"
7,MEDIUM GOODS VEHICLE,West Bengal(59),2026,FEB,242
8,MEDIUM MOTOR VEHICLE,West Bengal(59),2026,FEB,14
9,MEDIUM PASSENGER VEHICLE,West Bengal(59),2026,FEB,72
10,OTHER THAN MENTIONED ABOVE,West Bengal(59),2026,FEB,164
11,THREE WHEELER(T),West Bengal(59),2026,FEB,"10,788"
12,TWO WHEELER (INVALID CARRIAGE),West Bengal(59),2026,FEB,0
13,TWO WHEELER(NT),West Bengal(59),2026,FEB,"65,786"
14,TWO WHEELER(T),West Bengal(59),2026,FEB,26
