S No,Fuel,State,Year,Month Wise,Value
1,CNG ONLY,All Vahan4 Running States (35/36),2026,JAN,"46,379"
2,DIESEL,All Vahan4 Running States (35/36),2026,JAN,"3,16,287"
3,DIESEL/HYBRID,All Vahan4 Running States (35/36),2026,JAN,"1,012"
4,ELECTRIC(BOV),All Vahan4 Running States (35/36),2026,JAN,"52,012"
5,ETHANOL,All Vahan4 Running States (35/36),2026,JAN,7
6,FLEX-FUEL(BIO-DIESEL),All Vahan4 Running States (35/36),2026,JAN,4
7,LNG,All Vahan4 Running States (35/36),2026,JAN,57
8,LPG ONLY,All Vahan4 Running States (35/36),2026,JAN,"3,075"
9,NOT APPLICABLE,All Vahan4 Running States (35/36),2026,JAN,"7,418"
10,PETROL,All Vahan4 Running States (35/36),2026,JAN,"6,65,451"
11,PETROL/CNG,All Vahan4 Running States (35/36),2026,JAN,"29,826"
12,PETROL(E20)/CNG,All Vahan4 Running States (35/36),2026,JAN,"88,814"
13,PETROL(E20)/HYBRID,All Vahan4 Running States (35/36),2026,JAN,"26,730"
14,PETROL(E20)/HYBRID/CNG,All Vahan4 Running States (35/36),2026,JAN,9
15,PETROL(E20)/LPG,All Vahan4 Running States (35/36),2026,JAN,164
16,PETROL/ETHANOL,All Vahan4 Running States (35/36),2026,JAN,"13,18,026"
17,PETROL/HYBRID,All Vahan4 Running States (35/36),2026,JAN,"7,855"
18,PETROL/HYBRID/CNG,All Vahan4 Running States (35/36),2026,JAN,4
19,PETROL/LPG,All Vahan4 Running States (35/36),2026,JAN,223
20,PLUG-IN HYBRID EV,All Vahan4 Running States (35/36),2026,JAN,5
21,PURE EV,All Vahan4 Running States (35/36),2026,JAN,"1,68,085"
22,STRONG HYBRID EV,All Vahan4 Running States (35/36),2026,JAN,"11,423"
1,CNG ONLY,All Vahan4 Running States (35/36),2026,FEB,"32,594"
2,DIESEL,All Vahan4 Running States (35/36),2026,FEB,"2,12,175"
3,DIESEL/HYBRID,All Vahan4 Running States (35/36),2026,FEB,737
4,ELECTRIC(BOV),All Vahan4 Running States (35/36),2026,FEB,"33,856"
5,ETHANOL,All Vahan4 Running States (35/36),2026,FEB,4
6,FLEX-FUEL(BIO-DIESEL),All Vahan4 Running States (35/36),2026,FEB,0
7,LNG,All Vahan4 Running States (35/36),2026,FEB,4
8,LPG ONLY,All Vahan4 Running States (35/36),2026,FEB,"2,445"
9,NOT APPLICABLE,All Vahan4 Running States (35/36),2026,FEB,"5,363"
10,PETROL,All Vahan4 Running States (35/36),2026,FEB,"4,80,001"
11,PETROL/CNG,All Vahan4 Running States (35/36),2026,FEB,"12,803"
12,PETROL(E20)/CNG,All Vahan4 Running States (35/36),2026,FEB,"57,247"
13,PETROL(E20)/HYBRID,All Vahan4 Running States (35/36),2026,FEB,"13,718"
14,PETROL(E20)/HYBRID/CNG,All Vahan4 Running States (35/36),2026,FEB,0
15,PETROL(E20)/LPG,All Vahan4 Running States (35/36),2026,FEB,5
16,PETROL/ETHANOL,All Vahan4 Running States (35/36),2026,FEB,"9,25,885"
17,PETROL/HYBRID,All Vahan4 Running States (35/36),2026,FEB,"3,891"
18,PETROL/HYBRID/CNG,All Vahan4 Running States (35/36),2026,FEB,0
19,PETROL/LPG,All Vahan4 Running States (35/36),2026,FEB,9
20,PLUG-IN HYBRID EV,All Vahan4 Running States (35/36),2026,FEB,1
21,PURE EV,All Vahan4 Running States (35/36),2026,FEB,"1,15,337"
22,STRONG HYBRID EV,All Vahan4 Running States (35/36),2026,FEB,"6,676"
1,DIESEL,Andaman & Nicobar Island(3),2026,JAN,57
2,PETROL,Andaman & Nicobar Island(3),2026,JAN,270
3,PETROL/CNG,Andaman & Nicobar Island(3),2026,JAN,3
4,PETROL(E20)/CNG,Andaman & Nicobar Island(3),2026,JAN,1
5,PETROL(E20)/HYBRID,Andaman & Nicobar Island(3),2026,JAN,20
6,PETROL/ETHANOL,Andaman & Nicobar Island(3),2026,JAN,694
7,PETROL/HYBRID,Andaman & Nicobar Island(3),2026,JAN,5
8,PURE EV,Andaman & Nicobar Island(3),2026,JAN,10
9,STRONG HYBRID EV,Andaman & Nicobar Island(3),2026,JAN,5
1,DIESEL,Andaman & Nicobar Island(3),2026,FEB,46
2,PETROL,Andaman & Nicobar Island(3),2026,FEB,175
3,PETROL/CNG,Andaman & Nicobar Island(3),2026,FEB,0
4,PETROL(E20)/CNG,Andaman & Nicobar Island(3),2026,FEB,0
5,PETROL(E20)/HYBRID,Andaman & Nicobar Island(3),2026,FEB,29
6,PETROL/ETHANOL,Andaman & Nicobar Island(3),2026,FEB,435
7,PETROL/HYBRID,Andaman & Nicobar Island(3),2026,FEB,5
8,PURE EV,Andaman & Nicobar Island(3),2026,FEB,10
9,STRONG HYBRID EV,Andaman & Nicobar Island(3),2026,FEB,0
1,CNG ONLY,Andhra Pradesh(84),2026,JAN,669
2,DIESEL,Andhra Pradesh(84),2026,JAN,"8,976"
3,DIESEL/HYBRID,Andhra Pradesh(84),2026,JAN,24
4,ELECTRIC(BOV),Andhra Pradesh(84),2026,JAN,493
5,ETHANOL,Andhra Pradesh(84),2026,JAN,1
6,NOT APPLICABLE,Andhra Pradesh(84),2026,JAN,508
7,PETROL,Andhra Pradesh(84),2026,JAN,"16,335"
8,PETROL/CNG,Andhra Pradesh(84),2026,JAN,164
9,PETROL(E20)/CNG,Andhra Pradesh(84),2026,JAN,851
10,PETROL(E20)/HYBRID,Andhra Pradesh(84),2026,JAN,591
11,PETROL(E20)/LPG,Andhra Pradesh(84),2026,JAN,1
12,PETROL/ETHANOL,Andhra Pradesh(84),2026,JAN,"37,896"
13,PETROL/HYBRID,Andhra Pradesh(84),2026,JAN,137
14,PURE EV,Andhra Pradesh(84),2026,JAN,"4,730"
15,STRONG HYBRID EV,Andhra Pradesh(84),2026,JAN,168
1,CNG ONLY,Andhra Pradesh(84),2026,FEB,876
2,DIESEL,Andhra Pradesh(84),2026,FEB,"9,381"
3,DIESEL/HYBRID,Andhra Pradesh(84),2026,FEB,16
4,ELECTRIC(BOV),Andhra Pradesh(84),2026,FEB,595
5,ETHANOL,Andhra Pradesh(84),2026,FEB,0
6,NOT APPLICABLE,Andhra Pradesh(84),2026,FEB,623
7,PETROL,Andhra Pradesh(84),2026,FEB,"15,904"
8,PETROL/CNG,Andhra Pradesh(84),2026,FEB,83
9,PETROL(E20)/CNG,Andhra Pradesh(84),2026,FEB,553
10,PETROL(E20)/HYBRID,Andhra Pradesh(84),2026,FEB,358
11,PETROL(E20)/LPG,Andhra Pradesh(84),2026,FEB,0
12,PETROL/ETHANOL,Andhra Pradesh(84),2026,FEB,"35,447"
13,PETROL/HYBRID,Andhra Pradesh(84),2026,FEB,81
14,PURE EV,Andhra Pradesh(84),2026,FEB,"4,812"
15,STRONG HYBRID EV,Andhra Pradesh(84),2026,FEB,121
1,DIESEL,Arunachal Pradesh(29),2026,JAN,926
2,DIESEL/HYBRID,Arunachal Pradesh(29),2026,JAN,9
3,ELECTRIC(BOV),Arunachal Pradesh(29),2026,JAN,3
4,NOT APPLICABLE,Arunachal Pradesh(29),2026,JAN,10
5,PETROL,Arunachal Pradesh(29),2026,JAN,432
6,PETROL/CNG,Arunachal Pradesh(29),2026,JAN,2
7,PETROL(E20)/HYBRID,Arunachal Pradesh(29),2026,JAN,129
8,PETROL/ETHANOL,Arunachal Pradesh(29),2026,JAN,"1,902"
9,PETROL/HYBRID,Arunachal Pradesh(29),2026,JAN,40
10,PETROL/LPG,Arunachal Pradesh(29),2026,JAN,0
11,PURE EV,Arunachal Pradesh(29),2026,JAN,9
12,STRONG HYBRID EV,Arunachal Pradesh(29),2026,JAN,15
1,DIESEL,Arunachal Pradesh(29),2026,FEB,817
2,DIESEL/HYBRID,Arunachal Pradesh(29),2026,FEB,7
3,ELECTRIC(BOV),Arunachal Pradesh(29),2026,FEB,0
4,NOT APPLICABLE,Arunachal Pradesh(29),2026,FEB,9
5,PETROL,Arunachal Pradesh(29),2026,FEB,347
6,PETROL/CNG,Arunachal Pradesh(29),2026,FEB,1
7,PETROL(E20)/HYBRID,Arunachal Pradesh(29),2026,FEB,113
8,PETROL/ETHANOL,Arunachal Pradesh(29),2026,FEB,"1,253"
9,PETROL/HYBRID,Arunachal Pradesh(29),2026,FEB,16
10,PETROL/LPG,Arunachal Pradesh(29),2026,FEB,1
11,PURE EV,Arunachal Pradesh(29),2026,FEB,4
12,STRONG HYBRID EV,Arunachal Pradesh(29),2026,FEB,9
1,CNG ONLY,Assam(33),2026,JAN,24
2,DIESEL,Assam(33),2026,JAN,"3,081"
3,DIESEL/HYBRID,Assam(33),2026,JAN,4
4,ELECTRIC(BOV),Assam(33),2026,JAN,"3,010"
5,NOT APPLICABLE,Assam(33),2026,JAN,29
6,PETROL,Assam(33),2026,JAN,"11,773"
7,PETROL/CNG,Assam(33),2026,JAN,9
8,PETROL(E20)/CNG,Assam(33),2026,JAN,25
9,PETROL(E20)/HYBRID,Assam(33),2026,JAN,610
10,PETROL/ETHANOL,Assam(33),2026,JAN,"31,383"
11,PETROL/HYBRID,Assam(33),2026,JAN,91
12,PURE EV,Assam(33),2026,JAN,"4,105"
13,STRONG HYBRID EV,Assam(33),2026,JAN,38
1,CNG ONLY,Assam(33),2026,FEB,24
2,DIESEL,Assam(33),2026,FEB,"2,264"
3,DIESEL/HYBRID,Assam(33),2026,FEB,9
4,ELECTRIC(BOV),Assam(33),2026,FEB,"2,653"
5,NOT APPLICABLE,Assam(33),2026,FEB,22
6,PETROL,Assam(33),2026,FEB,"7,089"
7,PETROL/CNG,Assam(33),2026,FEB,8
8,PETROL(E20)/CNG,Assam(33),2026,FEB,21
9,PETROL(E20)/HYBRID,Assam(33),2026,FEB,420
10,PETROL/ETHANOL,Assam(33),2026,FEB,"22,189"
11,PETROL/HYBRID,Assam(33),2026,FEB,45
12,PURE EV,Assam(33),2026,FEB,"3,510"
13,STRONG HYBRID EV,Assam(33),2026,FEB,38
1,CNG ONLY,Bihar(48),2026,JAN,"2,070"
2,DIESEL,Bihar(48),2026,JAN,"9,610"
3,DIESEL/HYBRID,Bihar(48),2026,JAN,13
4,ELECTRIC(BOV),Bihar(48),2026,JAN,"4,524"
5,ETHANOL,Bihar(48),2026,JAN,0
6,LPG ONLY,Bihar(48),2026,JAN,307
7,NOT APPLICABLE,Bihar(48),2026,JAN,776
8,PETROL,Bihar(48),2026,JAN,"33,442"
9,PETROL/CNG,Bihar(48),2026,JAN,752
10,PETROL(E20)/CNG,Bihar(48),2026,JAN,"2,156"
11,PETROL(E20)/HYBRID,Bihar(48),2026,JAN,639
12,PETROL/ETHANOL,Bihar(48),2026,JAN,"58,007"
13,PETROL/HYBRID,Bihar(48),2026,JAN,126
14,PURE EV,Bihar(48),2026,JAN,"6,519"
15,STRONG HYBRID EV,Bihar(48),2026,JAN,54
1,CNG ONLY,Bihar(48),2026,FEB,"1,614"
2,DIESEL,Bihar(48),2026,FEB,"6,382"
3,DIESEL/HYBRID,Bihar(48),2026,FEB,6
4,ELECTRIC(BOV),Bihar(48),2026,FEB,"3,117"
5,ETHANOL,Bihar(48),2026,FEB,2
6,LPG ONLY,Bihar(48),2026,FEB,204
7,NOT APPLICABLE,Bihar(48),2026,FEB,572
8,PETROL,Bihar(48),2026,FEB,"27,309"
9,PETROL/CNG,Bihar(48),2026,FEB,394
10,PETROL(E20)/CNG,Bihar(48),2026,FEB,"1,654"
11,PETROL(E20)/HYBRID,Bihar(48),2026,FEB,389
12,PETROL/ETHANOL,Bihar(48),2026,FEB,"50,948"
13,PETROL/HYBRID,Bihar(48),2026,FEB,67
14,PURE EV,Bihar(48),2026,FEB,"4,468"
15,STRONG HYBRID EV,Bihar(48),2026,FEB,42
1,CNG ONLY,Chhattisgarh(31),2026,JAN,49
2,DIESEL,Chhattisgarh(31),2026,JAN,"10,429"
3,DIESEL/HYBRID,Chhattisgarh(31),2026,JAN,18
4,ELECTRIC(BOV),Chhattisgarh(31),2026,JAN,582
5,ETHANOL,Chhattisgarh(31),2026,JAN,2
6,NOT APPLICABLE,Chhattisgarh(31),2026,JAN,"1,376"
7,PETROL,Chhattisgarh(31),2026,JAN,"17,350"
8,PETROL/CNG,Chhattisgarh(31),2026,JAN,48
9,PETROL(E20)/CNG,Chhattisgarh(31),2026,JAN,96
10,PETROL(E20)/HYBRID,Chhattisgarh(31),2026,JAN,"1,877"
11,PETROL/ETHANOL,Chhattisgarh(31),2026,JAN,"39,009"
12,PETROL/HYBRID,Chhattisgarh(31),2026,JAN,190
13,PURE EV,Chhattisgarh(31),2026,JAN,"3,713"
14,STRONG HYBRID EV,Chhattisgarh(31),2026,JAN,210
1,CNG ONLY,Chhattisgarh(31),2026,FEB,32
2,DIESEL,Chhattisgarh(31),2026,FEB,"7,563"
3,DIESEL/HYBRID,Chhattisgarh(31),2026,FEB,25
4,ELECTRIC(BOV),Chhattisgarh(31),2026,FEB,358
5,ETHANOL,Chhattisgarh(31),2026,FEB,0
6,NOT APPLICABLE,Chhattisgarh(31),2026,FEB,722
7,PETROL,Chhattisgarh(31),2026,FEB,"13,005"
8,PETROL/CNG,Chhattisgarh(31),2026,FEB,19
9,PETROL(E20)/CNG,Chhattisgarh(31),2026,FEB,70
10,PETROL(E20)/HYBRID,Chhattisgarh(31),2026,FEB,"1,307"
11,PETROL/ETHANOL,Chhattisgarh(31),2026,FEB,"27,120"
12,PETROL/HYBRID,Chhattisgarh(31),2026,FEB,118
13,PURE EV,Chhattisgarh(31),2026,FEB,"2,613"
14,STRONG HYBRID EV,Chhattisgarh(31),2026,FEB,191
1,CNG ONLY,Chandigarh(1),2026,JAN,12
2,DIESEL,Chandigarh(1),2026,JAN,547
3,DIESEL/HYBRID,Chandigarh(1),2026,JAN,29
4,ELECTRIC(BOV),Chandigarh(1),2026,JAN,97
5,ETHANOL,Chandigarh(1),2026,JAN,1
6,PETROL,Chandigarh(1),2026,JAN,869
7,PETROL/CNG,Chandigarh(1),2026,JAN,23
8,PETROL(E20)/CNG,Chandigarh(1),2026,JAN,59
9,PETROL(E20)/HYBRID,Chandigarh(1),2026,JAN,134
10,PETROL/ETHANOL,Chandigarh(1),2026,JAN,"2,364"
11,PETROL/HYBRID,Chandigarh(1),2026,JAN,67
12,PLUG-IN HYBRID EV,Chandigarh(1),2026,JAN,0
13,PURE EV,Chandigarh(1),2026,JAN,427
14,STRONG HYBRID EV,Chandigarh(1),2026,JAN,160
1,CNG ONLY,Chandigarh(1),2026,FEB,9
2,DIESEL,Chandigarh(1),2026,FEB,340
3,DIESEL/HYBRID,Chandigarh(1),2026,FEB,14
4,ELECTRIC(BOV),Chandigarh(1),2026,FEB,65
5,ETHANOL,Chandigarh(1),2026,FEB,0
6,PETROL,Chandigarh(1),2026,FEB,520
7,PETROL/CNG,Chandigarh(1),2026,FEB,16
8,PETROL(E20)/CNG,Chandigarh(1),2026,FEB,38
9,PETROL(E20)/HYBRID,Chandigarh(1),2026,FEB,66
10,PETROL/ETHANOL,Chandigarh(1),2026,FEB,"1,734"
11,PETROL/HYBRID,Chandigarh(1),2026,FEB,35
12,PLUG-IN HYBRID EV,Chandigarh(1),2026,FEB,1
13,PURE EV,Chandigarh(1),2026,FEB,219
14,STRONG HYBRID EV,Chandigarh(1),2026,FEB,97
1,CNG ONLY,UT of DNH and DD(3),2026,JAN,12
2,DIESEL,UT of DNH and DD(3),2026,JAN,449
3,DIESEL/HYBRID,UT of DNH and DD(3),2026,JAN,33
4,ELECTRIC(BOV),UT of DNH and DD(3),2026,JAN,2
5,NOT APPLICABLE,UT of DNH and DD(3),2026,JAN,0
6,PETROL,UT of DNH and DD(3),2026,JAN,543
7,PETROL/CNG,UT of DNH and DD(3),2026,JAN,28
8,PETROL(E20)/CNG,UT of DNH and DD(3),2026,JAN,156
9,PETROL(E20)/HYBRID,UT of DNH and DD(3),2026,JAN,36
10,PETROL/ETHANOL,UT of DNH and DD(3),2026,JAN,"1,079"
11,PETROL/HYBRID,UT of DNH and DD(3),2026,JAN,42
12,PURE EV,UT of DNH and DD(3),2026,JAN,19
13,STRONG HYBRID EV,UT of DNH and DD(3),2026,JAN,33
1,CNG ONLY,UT of DNH and DD(3),2026,FEB,14
2,DIESEL,UT of DNH and DD(3),2026,FEB,376
3,DIESEL/HYBRID,UT of DNH and DD(3),2026,FEB,20
4,ELECTRIC(BOV),UT of DNH and DD(3),2026,FEB,0
5,NOT APPLICABLE,UT of DNH and DD(3),2026,FEB,12
6,PETROL,UT of DNH and DD(3),2026,FEB,381
7,PETROL/CNG,UT of DNH and DD(3),2026,FEB,16
8,PETROL(E20)/CNG,UT of DNH and DD(3),2026,FEB,113
9,PETROL(E20)/HYBRID,UT of DNH and DD(3),2026,FEB,24
10,PETROL/ETHANOL,UT of DNH and DD(3),2026,FEB,900
11,PETROL/HYBRID,UT of DNH and DD(3),2026,FEB,20
12,PURE EV,UT of DNH and DD(3),2026,FEB,22
13,STRONG HYBRID EV,UT of DNH and DD(3),2026,FEB,26
1,CNG ONLY,Delhi(16),2026,JAN,"3,424"
2,DIESEL,Delhi(16),2026,JAN,"1,298"
3,DIESEL/HYBRID,Delhi(16),2026,JAN,21
4,ELECTRIC(BOV),Delhi(16),2026,JAN,"1,423"
5,PETROL,Delhi(16),2026,JAN,"20,276"
6,PETROL/CNG,Delhi(16),2026,JAN,"2,210"
7,PETROL(E20)/CNG,Delhi(16),2026,JAN,"5,272"
8,PETROL(E20)/HYBRID,Delhi(16),2026,JAN,"1,155"
9,PETROL(E20)/HYBRID/CNG,Delhi(16),2026,JAN,2
10,PETROL/ETHANOL,Delhi(16),2026,JAN,"42,226"
11,PETROL/HYBRID,Delhi(16),2026,JAN,650
12,PETROL/HYBRID/CNG,Delhi(16),2026,JAN,1
13,PLUG-IN HYBRID EV,Delhi(16),2026,JAN,1
14,PURE EV,Delhi(16),2026,JAN,"6,077"
15,STRONG HYBRID EV,Delhi(16),2026,JAN,"1,152"
1,CNG ONLY,Delhi(16),2026,FEB,"2,038"
2,DIESEL,Delhi(16),2026,FEB,729
3,DIESEL/HYBRID,Delhi(16),2026,FEB,19
4,ELECTRIC(BOV),Delhi(16),2026,FEB,299
5,PETROL,Delhi(16),2026,FEB,"12,284"
6,PETROL/CNG,Delhi(16),2026,FEB,746
7,PETROL(E20)/CNG,Delhi(16),2026,FEB,"2,718"
8,PETROL(E20)/HYBRID,Delhi(16),2026,FEB,386
9,PETROL(E20)/HYBRID/CNG,Delhi(16),2026,FEB,0
10,PETROL/ETHANOL,Delhi(16),2026,FEB,"25,260"
11,PETROL/HYBRID,Delhi(16),2026,FEB,343
12,PETROL/HYBRID/CNG,Delhi(16),2026,FEB,0
13,PLUG-IN HYBRID EV,Delhi(16),2026,FEB,0
14,PURE EV,Delhi(16),2026,FEB,"3,505"
15,STRONG HYBRID EV,Delhi(16),2026,FEB,599
1,CNG ONLY,Goa(13),2026,JAN,15
2,DIESEL,Goa(13),2026,JAN,571
3,DIESEL/HYBRID,Goa(13),2026,JAN,9
4,ELECTRIC(BOV),Goa(13),2026,JAN,146
5,PETROL,Goa(13),2026,JAN,"1,761"
6,PETROL/CNG,Goa(13),2026,JAN,15
7,PETROL(E20)/CNG,Goa(13),2026,JAN,90
8,PETROL(E20)/HYBRID,Goa(13),2026,JAN,315
9,PETROL/ETHANOL,Goa(13),2026,JAN,"4,549"
10,PETROL/HYBRID,Goa(13),2026,JAN,27
11,PURE EV,Goa(13),2026,JAN,618
12,STRONG HYBRID EV,Goa(13),2026,JAN,44
1,CNG ONLY,Goa(13),2026,FEB,15
2,DIESEL,Goa(13),2026,FEB,337
3,DIESEL/HYBRID,Goa(13),2026,FEB,6
4,ELECTRIC(BOV),Goa(13),2026,FEB,98
5,PETROL,Goa(13),2026,FEB,"1,484"
6,PETROL/CNG,Goa(13),2026,FEB,5
7,PETROL(E20)/CNG,Goa(13),2026,FEB,90
8,PETROL(E20)/HYBRID,Goa(13),2026,FEB,148
9,PETROL/ETHANOL,Goa(13),2026,FEB,"3,047"
10,PETROL/HYBRID,Goa(13),2026,FEB,13
11,PURE EV,Goa(13),2026,FEB,455
12,STRONG HYBRID EV,Goa(13),2026,FEB,26
1,CNG ONLY,Gujarat(37),2026,JAN,"9,972"
2,DIESEL,Gujarat(37),2026,JAN,"32,674"
3,DIESEL/HYBRID,Gujarat(37),2026,JAN,106
4,ELECTRIC(BOV),Gujarat(37),2026,JAN,406
5,NOT APPLICABLE,Gujarat(37),2026,JAN,517
6,PETROL,Gujarat(37),2026,JAN,"47,677"
7,PETROL/CNG,Gujarat(37),2026,JAN,"4,740"
8,PETROL(E20)/CNG,Gujarat(37),2026,JAN,"11,841"
9,PETROL(E20)/HYBRID,Gujarat(37),2026,JAN,"1,015"
10,PETROL(E20)/HYBRID/CNG,Gujarat(37),2026,JAN,1
11,PETROL/ETHANOL,Gujarat(37),2026,JAN,"92,110"
12,PETROL/HYBRID,Gujarat(37),2026,JAN,482
13,PETROL/HYBRID/CNG,Gujarat(37),2026,JAN,1
14,PLUG-IN HYBRID EV,Gujarat(37),2026,JAN,1
15,PURE EV,Gujarat(37),2026,JAN,"7,060"
16,STRONG HYBRID EV,Gujarat(37),2026,JAN,843
1,CNG ONLY,Gujarat(37),2026,FEB,"6,971"
2,DIESEL,Gujarat(37),2026,FEB,"17,488"
3,DIESEL/HYBRID,Gujarat(37),2026,FEB,84
4,ELECTRIC(BOV),Gujarat(37),2026,FEB,380
5,NOT APPLICABLE,Gujarat(37),2026,FEB,486
6,PETROL,Gujarat(37),2026,FEB,"32,645"
7,PETROL/CNG,Gujarat(37),2026,FEB,"2,149"
8,PETROL(E20)/CNG,Gujarat(37),2026,FEB,"8,477"
9,PETROL(E20)/HYBRID,Gujarat(37),2026,FEB,593
10,PETROL(E20)/HYBRID/CNG,Gujarat(37),2026,FEB,0
11,PETROL/ETHANOL,Gujarat(37),2026,FEB,"67,327"
12,PETROL/HYBRID,Gujarat(37),2026,FEB,265
13,PETROL/HYBRID/CNG,Gujarat(37),2026,FEB,0
14,PLUG-IN HYBRID EV,Gujarat(37),2026,FEB,0
15,PURE EV,Gujarat(37),2026,FEB,"5,104"
16,STRONG HYBRID EV,Gujarat(37),2026,FEB,638
1,CNG ONLY,Himachal Pradesh(96),2026,JAN,13
2,DIESEL,Himachal Pradesh(96),2026,JAN,"2,087"
3,DIESEL/HYBRID,Himachal Pradesh(96),2026,JAN,25
4,ELECTRIC(BOV),Himachal Pradesh(96),2026,JAN,16
5,PETROL,Himachal Pradesh(96),2026,JAN,"3,237"
6,PETROL/CNG,Himachal Pradesh(96),2026,JAN,22
7,PETROL(E20)/CNG,Himachal Pradesh(96),2026,JAN,44
8,PETROL(E20)/HYBRID,Himachal Pradesh(96),2026,JAN,389
9,PETROL/ETHANOL,Himachal Pradesh(96),2026,JAN,"9,224"
10,PETROL/HYBRID,Himachal Pradesh(96),2026,JAN,141
11,PURE EV,Himachal Pradesh(96),2026,JAN,138
12,STRONG HYBRID EV,Himachal Pradesh(96),2026,JAN,87
1,CNG ONLY,Himachal Pradesh(96),2026,FEB,5
2,DIESEL,Himachal Pradesh(96),2026,FEB,"1,410"
3,DIESEL/HYBRID,Himachal Pradesh(96),2026,FEB,11
4,ELECTRIC(BOV),Himachal Pradesh(96),2026,FEB,8
5,PETROL,Himachal Pradesh(96),2026,FEB,"1,517"
6,PETROL/CNG,Himachal Pradesh(96),2026,FEB,17
7,PETROL(E20)/CNG,Himachal Pradesh(96),2026,FEB,25
8,PETROL(E20)/HYBRID,Himachal Pradesh(96),2026,FEB,268
9,PETROL/ETHANOL,Himachal Pradesh(96),2026,FEB,"5,879"
10,PETROL/HYBRID,Himachal Pradesh(96),2026,FEB,93
11,PURE EV,Himachal Pradesh(96),2026,FEB,100
12,STRONG HYBRID EV,Himachal Pradesh(96),2026,FEB,46
1,CNG ONLY,Haryana(104),2026,JAN,"3,518"
2,DIESEL,Haryana(104),2026,JAN,"17,599"
3,DIESEL/HYBRID,Haryana(104),2026,JAN,79
4,ELECTRIC(BOV),Haryana(104),2026,JAN,911
5,ETHANOL,Haryana(104),2026,JAN,1
6,LNG,Haryana(104),2026,JAN,1
7,NOT APPLICABLE,Haryana(104),2026,JAN,22
8,PETROL,Haryana(104),2026,JAN,"26,562"
9,PETROL/CNG,Haryana(104),2026,JAN,"3,102"
10,PETROL(E20)/CNG,Haryana(104),2026,JAN,"7,798"
11,PETROL(E20)/HYBRID,Haryana(104),2026,JAN,"1,285"
12,PETROL/ETHANOL,Haryana(104),2026,JAN,"39,335"
13,PETROL/HYBRID,Haryana(104),2026,JAN,712
14,PLUG-IN HYBRID EV,Haryana(104),2026,JAN,1
15,PURE EV,Haryana(104),2026,JAN,"1,798"
16,STRONG HYBRID EV,Haryana(104),2026,JAN,969
1,CNG ONLY,Haryana(104),2026,FEB,"2,075"
2,DIESEL,Haryana(104),2026,FEB,"13,441"
3,DIESEL/HYBRID,Haryana(104),2026,FEB,88
4,ELECTRIC(BOV),Haryana(104),2026,FEB,600
5,ETHANOL,Haryana(104),2026,FEB,0
6,LNG,Haryana(104),2026,FEB,1
7,NOT APPLICABLE,Haryana(104),2026,FEB,17
8,PETROL,Haryana(104),2026,FEB,"16,555"
9,PETROL/CNG,Haryana(104),2026,FEB,"1,764"
10,PETROL(E20)/CNG,Haryana(104),2026,FEB,"7,000"
11,PETROL(E20)/HYBRID,Haryana(104),2026,FEB,622
12,PETROL/ETHANOL,Haryana(104),2026,FEB,"25,506"
13,PETROL/HYBRID,Haryana(104),2026,FEB,471
14,PLUG-IN HYBRID EV,Haryana(104),2026,FEB,0
15,PURE EV,Haryana(104),2026,FEB,"1,247"
16,STRONG HYBRID EV,Haryana(104),2026,FEB,761
1,CNG ONLY,Jharkhand(25),2026,JAN,512
2,DIESEL,Jharkhand(25),2026,JAN,"5,027"
3,DIESEL/HYBRID,Jharkhand(25),2026,JAN,11
4,ELECTRIC(BOV),Jharkhand(25),2026,JAN,"1,013"
5,LPG ONLY,Jharkhand(25),2026,JAN,109
6,NOT APPLICABLE,Jharkhand(25),2026,JAN,31
7,PETROL,Jharkhand(25),2026,JAN,"14,029"
8,PETROL/CNG,Jharkhand(25),2026,JAN,95
9,PETROL(E20)/CNG,Jharkhand(25),2026,JAN,725
10,PETROL(E20)/HYBRID,Jharkhand(25),2026,JAN,818
11,PETROL/ETHANOL,Jharkhand(25),2026,JAN,"33,783"
12,PETROL/HYBRID,Jharkhand(25),2026,JAN,84
13,PURE EV,Jharkhand(25),2026,JAN,"1,753"
14,STRONG HYBRID EV,Jharkhand(25),2026,JAN,63
1,CNG ONLY,Jharkhand(25),2026,FEB,334
2,DIESEL,Jharkhand(25),2026,FEB,"3,762"
3,DIESEL/HYBRID,Jharkhand(25),2026,FEB,7
4,ELECTRIC(BOV),Jharkhand(25),2026,FEB,963
5,LPG ONLY,Jharkhand(25),2026,FEB,68
6,NOT APPLICABLE,Jharkhand(25),2026,FEB,25
7,PETROL,Jharkhand(25),2026,FEB,"8,978"
8,PETROL/CNG,Jharkhand(25),2026,FEB,49
9,PETROL(E20)/CNG,Jharkhand(25),2026,FEB,529
10,PETROL(E20)/HYBRID,Jharkhand(25),2026,FEB,462
11,PETROL/ETHANOL,Jharkhand(25),2026,FEB,"22,954"
12,PETROL/HYBRID,Jharkhand(25),2026,FEB,47
13,PURE EV,Jharkhand(25),2026,FEB,"1,311"
14,STRONG HYBRID EV,Jharkhand(25),2026,FEB,32
1,CNG ONLY,Jammu and Kashmir(21),2026,JAN,1
2,DIESEL,Jammu and Kashmir(21),2026,JAN,"2,656"
3,DIESEL/HYBRID,Jammu and Kashmir(21),2026,JAN,4
4,ELECTRIC(BOV),Jammu and Kashmir(21),2026,JAN,298
5,PETROL,Jammu and Kashmir(21),2026,JAN,"1,521"
6,PETROL/CNG,Jammu and Kashmir(21),2026,JAN,1
7,PETROL(E20)/CNG,Jammu and Kashmir(21),2026,JAN,16
8,PETROL(E20)/HYBRID,Jammu and Kashmir(21),2026,JAN,383
9,PETROL/ETHANOL,Jammu and Kashmir(21),2026,JAN,"9,031"
10,PETROL/HYBRID,Jammu and Kashmir(21),2026,JAN,48
11,PURE EV,Jammu and Kashmir(21),2026,JAN,552
12,STRONG HYBRID EV,Jammu and Kashmir(21),2026,JAN,22
1,CNG ONLY,Jammu and Kashmir(21),2026,FEB,0
2,DIESEL,Jammu and Kashmir(21),2026,FEB,"2,148"
3,DIESEL/HYBRID,Jammu and Kashmir(21),2026,FEB,4
4,ELECTRIC(BOV),Jammu and Kashmir(21),2026,FEB,289
5,PETROL,Jammu and Kashmir(21),2026,FEB,"1,800"
6,PETROL/CNG,Jammu and Kashmir(21),2026,FEB,1
7,PETROL(E20)/CNG,Jammu and Kashmir(21),2026,FEB,18
8,PETROL(E20)/HYBRID,Jammu and Kashmir(21),2026,FEB,221
9,PETROL/ETHANOL,Jammu and Kashmir(21),2026,FEB,"8,062"
10,PETROL/HYBRID,Jammu and Kashmir(21),2026,FEB,49
11,PURE EV,Jammu and Kashmir(21),2026,FEB,504
12,STRONG HYBRID EV,Jammu and Kashmir(21),2026,FEB,10
1,CNG ONLY,Karnataka(68),2026,JAN,"4,427"
2,DIESEL,Karnataka(68),2026,JAN,"20,966"
3,DIESEL/HYBRID,Karnataka(68),2026,JAN,96
4,ELECTRIC(BOV),Karnataka(68),2026,JAN,"3,944"
5,FLEX-FUEL(BIO-DIESEL),Karnataka(68),2026,JAN,4
6,LPG ONLY,Karnataka(68),2026,JAN,724
7,NOT APPLICABLE,Karnataka(68),2026,JAN,"1,071"
8,PETROL,Karnataka(68),2026,JAN,"40,944"
9,PETROL/CNG,Karnataka(68),2026,JAN,859
10,PETROL(E20)/CNG,Karnataka(68),2026,JAN,"4,939"
11,PETROL(E20)/HYBRID,Karnataka(68),2026,JAN,"2,078"
12,PETROL/ETHANOL,Karnataka(68),2026,JAN,"97,606"
13,PETROL/HYBRID,Karnataka(68),2026,JAN,722
14,PETROL/LPG,Karnataka(68),2026,JAN,2
15,PURE EV,Karnataka(68),2026,JAN,"16,054"
16,STRONG HYBRID EV,Karnataka(68),2026,JAN,"1,224"
1,CNG ONLY,Karnataka(68),2026,FEB,"3,412"
2,DIESEL,Karnataka(68),2026,FEB,"14,535"
3,DIESEL/HYBRID,Karnataka(68),2026,FEB,35
4,ELECTRIC(BOV),Karnataka(68),2026,FEB,"2,483"
5,FLEX-FUEL(BIO-DIESEL),Karnataka(68),2026,FEB,0
6,LPG ONLY,Karnataka(68),2026,FEB,474
7,NOT APPLICABLE,Karnataka(68),2026,FEB,"1,006"
8,PETROL,Karnataka(68),2026,FEB,"29,695"
9,PETROL/CNG,Karnataka(68),2026,FEB,339
10,PETROL(E20)/CNG,Karnataka(68),2026,FEB,"2,823"
11,PETROL(E20)/HYBRID,Karnataka(68),2026,FEB,"1,137"
12,PETROL/ETHANOL,Karnataka(68),2026,FEB,"63,816"
13,PETROL/HYBRID,Karnataka(68),2026,FEB,241
14,PETROL/LPG,Karnataka(68),2026,FEB,0
15,PURE EV,Karnataka(68),2026,FEB,"10,201"
16,STRONG HYBRID EV,Karnataka(68),2026,FEB,646
1,CNG ONLY,Kerala(87),2026,JAN,"1,008"
2,DIESEL,Kerala(87),2026,JAN,"7,546"
3,DIESEL/HYBRID,Kerala(87),2026,JAN,36
4,ELECTRIC(BOV),Kerala(87),2026,JAN,"1,095"
5,LPG ONLY,Kerala(87),2026,JAN,2
6,PETROL,Kerala(87),2026,JAN,"16,960"
7,PETROL/CNG,Kerala(87),2026,JAN,90
8,PETROL(E20)/CNG,Kerala(87),2026,JAN,"1,198"
9,PETROL(E20)/HYBRID,Kerala(87),2026,JAN,"1,597"
10,PETROL/ETHANOL,Kerala(87),2026,JAN,"49,916"
11,PETROL/HYBRID,Kerala(87),2026,JAN,777
12,PURE EV,Kerala(87),2026,JAN,"9,068"
13,STRONG HYBRID EV,Kerala(87),2026,JAN,835
1,CNG ONLY,Kerala(87),2026,FEB,652
2,DIESEL,Kerala(87),2026,FEB,"4,872"
3,DIESEL/HYBRID,Kerala(87),2026,FEB,10
4,ELECTRIC(BOV),Kerala(87),2026,FEB,765
5,LPG ONLY,Kerala(87),2026,FEB,1
6,PETROL,Kerala(87),2026,FEB,"11,840"
7,PETROL/CNG,Kerala(87),2026,FEB,50
8,PETROL(E20)/CNG,Kerala(87),2026,FEB,834
9,PETROL(E20)/HYBRID,Kerala(87),2026,FEB,671
10,PETROL/ETHANOL,Kerala(87),2026,FEB,"30,239"
11,PETROL/HYBRID,Kerala(87),2026,FEB,290
12,PURE EV,Kerala(87),2026,FEB,"6,266"
13,STRONG HYBRID EV,Kerala(87),2026,FEB,289
1,DIESEL,Ladakh(3),2026,JAN,79
2,DIESEL/HYBRID,Ladakh(3),2026,JAN,1
3,PETROL,Ladakh(3),2026,JAN,11
4,PETROL(E20)/HYBRID,Ladakh(3),2026,JAN,21
5,PETROL/ETHANOL,Ladakh(3),2026,JAN,183
6,PETROL/HYBRID,Ladakh(3),2026,JAN,1
7,PURE EV,Ladakh(3),2026,JAN,1
8,STRONG HYBRID EV,Ladakh(3),2026,JAN,1
1,DIESEL,Ladakh(3),2026,FEB,49
2,DIESEL/HYBRID,Ladakh(3),2026,FEB,0
3,PETROL,Ladakh(3),2026,FEB,10
4,PETROL(E20)/HYBRID,Ladakh(3),2026,FEB,2
5,PETROL/ETHANOL,Ladakh(3),2026,FEB,40
6,PETROL/HYBRID,Ladakh(3),2026,FEB,4
7,PURE EV,Ladakh(3),2026,FEB,0
8,STRONG HYBRID EV,Ladakh(3),2026,FEB,0
1,DIESEL,Lakshadweep(9),2026,JAN,3
2,ELECTRIC(BOV),Lakshadweep(9),2026,JAN,0
3,LPG ONLY,Lakshadweep(9),2026,JAN,0
4,PETROL,Lakshadweep(9),2026,JAN,47
5,PETROL/ETHANOL,Lakshadweep(9),2026,JAN,42
6,PURE EV,Lakshadweep(9),2026,JAN,2
1,DIESEL,Lakshadweep(9),2026,FEB,2
2,ELECTRIC(BOV),Lakshadweep(9),2026,FEB,4
3,LPG ONLY,Lakshadweep(9),2026,FEB,1
4,PETROL,Lakshadweep(9),2026,FEB,66
5,PETROL/ETHANOL,Lakshadweep(9),2026,FEB,36
6,PURE EV,Lakshadweep(9),2026,FEB,6
1,CNG ONLY,Maharashtra(59),2026,JAN,"8,260"
2,DIESEL,Maharashtra(59),2026,JAN,"43,153"
3,DIESEL/HYBRID,Maharashtra(59),2026,JAN,179
4,ELECTRIC(BOV),Maharashtra(59),2026,JAN,"1,795"
5,ETHANOL,Maharashtra(59),2026,JAN,1
6,LNG,Maharashtra(59),2026,JAN,56
7,LPG ONLY,Maharashtra(59),2026,JAN,885
8,NOT APPLICABLE,Maharashtra(59),2026,JAN,"2,304"
9,PETROL,Maharashtra(59),2026,JAN,"71,624"
10,PETROL/CNG,Maharashtra(59),2026,JAN,"6,834"
11,PETROL(E20)/CNG,Maharashtra(59),2026,JAN,"18,592"
12,PETROL(E20)/HYBRID,Maharashtra(59),2026,JAN,"1,918"
13,PETROL(E20)/LPG,Maharashtra(59),2026,JAN,5
14,PETROL/ETHANOL,Maharashtra(59),2026,JAN,"1,60,933"
15,PETROL/HYBRID,Maharashtra(59),2026,JAN,743
16,PETROL/LPG,Maharashtra(59),2026,JAN,11
17,PLUG-IN HYBRID EV,Maharashtra(59),2026,JAN,1
18,PURE EV,Maharashtra(59),2026,JAN,"23,363"
19,STRONG HYBRID EV,Maharashtra(59),2026,JAN,"1,808"
1,CNG ONLY,Maharashtra(59),2026,FEB,"5,700"
2,DIESEL,Maharashtra(59),2026,FEB,"23,678"
3,DIESEL/HYBRID,Maharashtra(59),2026,FEB,100
4,ELECTRIC(BOV),Maharashtra(59),2026,FEB,"1,199"
5,ETHANOL,Maharashtra(59),2026,FEB,0
6,LNG,Maharashtra(59),2026,FEB,3
7,LPG ONLY,Maharashtra(59),2026,FEB,719
8,NOT APPLICABLE,Maharashtra(59),2026,FEB,"1,292"
9,PETROL,Maharashtra(59),2026,FEB,"45,892"
10,PETROL/CNG,Maharashtra(59),2026,FEB,"2,154"
11,PETROL(E20)/CNG,Maharashtra(59),2026,FEB,"9,716"
12,PETROL(E20)/HYBRID,Maharashtra(59),2026,FEB,788
13,PETROL(E20)/LPG,Maharashtra(59),2026,FEB,0
14,PETROL/ETHANOL,Maharashtra(59),2026,FEB,"1,00,440"
15,PETROL/HYBRID,Maharashtra(59),2026,FEB,320
16,PETROL/LPG,Maharashtra(59),2026,FEB,0
17,PLUG-IN HYBRID EV,Maharashtra(59),2026,FEB,0
18,PURE EV,Maharashtra(59),2026,FEB,"14,312"
19,STRONG HYBRID EV,Maharashtra(59),2026,FEB,"1,001"
1,DIESEL,Meghalaya(15),2026,JAN,490
2,DIESEL/HYBRID,Meghalaya(15),2026,JAN,2
3,ELECTRIC(BOV),Meghalaya(15),2026,JAN,35
4,PETROL,Meghalaya(15),2026,JAN,989
5,PETROL(E20)/HYBRID,Meghalaya(15),2026,JAN,106
6,PETROL/ETHANOL,Meghalaya(15),2026,JAN,"2,122"
7,PETROL/HYBRID,Meghalaya(15),2026,JAN,22
8,PURE EV,Meghalaya(15),2026,JAN,36
9,STRONG HYBRID EV,Meghalaya(15),2026,JAN,9
1,DIESEL,Meghalaya(15),2026,FEB,397
2,DIESEL/HYBRID,Meghalaya(15),2026,FEB,1
3,ELECTRIC(BOV),Meghalaya(15),2026,FEB,23
4,PETROL,Meghalaya(15),2026,FEB,746
5,PETROL(E20)/HYBRID,Meghalaya(15),2026,FEB,48
6,PETROL/ETHANOL,Meghalaya(15),2026,FEB,"1,500"
7,PETROL/HYBRID,Meghalaya(15),2026,FEB,8
8,PURE EV,Meghalaya(15),2026,FEB,18
9,STRONG HYBRID EV,Meghalaya(15),2026,FEB,6
1,DIESEL,Manipur(17),2026,JAN,204
2,DIESEL/HYBRID,Manipur(17),2026,JAN,2
3,ELECTRIC(BOV),Manipur(17),2026,JAN,40
4,PETROL,Manipur(17),2026,JAN,594
5,PETROL(E20)/HYBRID,Manipur(17),2026,JAN,73
6,PETROL/ETHANOL,Manipur(17),2026,JAN,"2,399"
7,PETROL/HYBRID,Manipur(17),2026,JAN,26
8,PURE EV,Manipur(17),2026,JAN,79
9,STRONG HYBRID EV,Manipur(17),2026,JAN,4
1,DIESEL,Manipur(17),2026,FEB,213
2,DIESEL/HYBRID,Manipur(17),2026,FEB,0
3,ELECTRIC(BOV),Manipur(17),2026,FEB,42
4,PETROL,Manipur(17),2026,FEB,383
5,PETROL(E20)/HYBRID,Manipur(17),2026,FEB,43
6,PETROL/ETHANOL,Manipur(17),2026,FEB,"2,263"
7,PETROL/HYBRID,Manipur(17),2026,FEB,12
8,PURE EV,Manipur(17),2026,FEB,81
9,STRONG HYBRID EV,Manipur(17),2026,FEB,0
1,CNG ONLY,Madhya Pradesh(53),2026,JAN,"1,352"
2,DIESEL,Madhya Pradesh(53),2026,JAN,"25,205"
3,DIESEL/HYBRID,Madhya Pradesh(53),2026,JAN,25
4,ELECTRIC(BOV),Madhya Pradesh(53),2026,JAN,"1,887"
5,LPG ONLY,Madhya Pradesh(53),2026,JAN,5
6,NOT APPLICABLE,Madhya Pradesh(53),2026,JAN,59
7,PETROL,Madhya Pradesh(53),2026,JAN,"40,783"
8,PETROL/CNG,Madhya Pradesh(53),2026,JAN,"2,327"
9,PETROL(E20)/CNG,Madhya Pradesh(53),2026,JAN,"5,280"
10,PETROL(E20)/HYBRID,Madhya Pradesh(53),2026,JAN,"1,029"
11,PETROL(E20)/HYBRID/CNG,Madhya Pradesh(53),2026,JAN,4
12,PETROL(E20)/LPG,Madhya Pradesh(53),2026,JAN,85
13,PETROL/ETHANOL,Madhya Pradesh(53),2026,JAN,"70,254"
14,PETROL/HYBRID,Madhya Pradesh(53),2026,JAN,222
15,PETROL/HYBRID/CNG,Madhya Pradesh(53),2026,JAN,2
16,PETROL/LPG,Madhya Pradesh(53),2026,JAN,97
17,PURE EV,Madhya Pradesh(53),2026,JAN,"13,082"
18,STRONG HYBRID EV,Madhya Pradesh(53),2026,JAN,151
1,CNG ONLY,Madhya Pradesh(53),2026,FEB,984
2,DIESEL,Madhya Pradesh(53),2026,FEB,"17,453"
3,DIESEL/HYBRID,Madhya Pradesh(53),2026,FEB,17
4,ELECTRIC(BOV),Madhya Pradesh(53),2026,FEB,"1,200"
5,LPG ONLY,Madhya Pradesh(53),2026,FEB,7
6,NOT APPLICABLE,Madhya Pradesh(53),2026,FEB,40
7,PETROL,Madhya Pradesh(53),2026,FEB,"28,996"
8,PETROL/CNG,Madhya Pradesh(53),2026,FEB,"1,532"
9,PETROL(E20)/CNG,Madhya Pradesh(53),2026,FEB,"4,619"
10,PETROL(E20)/HYBRID,Madhya Pradesh(53),2026,FEB,566
11,PETROL(E20)/HYBRID/CNG,Madhya Pradesh(53),2026,FEB,0
12,PETROL(E20)/LPG,Madhya Pradesh(53),2026,FEB,2
13,PETROL/ETHANOL,Madhya Pradesh(53),2026,FEB,"50,916"
14,PETROL/HYBRID,Madhya Pradesh(53),2026,FEB,122
15,PETROL/HYBRID/CNG,Madhya Pradesh(53),2026,FEB,0
16,PETROL/LPG,Madhya Pradesh(53),2026,FEB,3
17,PURE EV,Madhya Pradesh(53),2026,FEB,"9,034"
18,STRONG HYBRID EV,Madhya Pradesh(53),2026,FEB,106
1,DIESEL,Mizoram(12),2026,JAN,337
2,ELECTRIC(BOV),Mizoram(12),2026,JAN,52
3,PETROL,Mizoram(12),2026,JAN,"1,516"
4,PETROL(E20)/HYBRID,Mizoram(12),2026,JAN,24
5,PETROL/ETHANOL,Mizoram(12),2026,JAN,"1,263"
6,PETROL/HYBRID,Mizoram(12),2026,JAN,3
7,PURE EV,Mizoram(12),2026,JAN,30
8,STRONG HYBRID EV,Mizoram(12),2026,JAN,4
1,DIESEL,Mizoram(12),2026,FEB,262
2,ELECTRIC(BOV),Mizoram(12),2026,FEB,55
3,PETROL,Mizoram(12),2026,FEB,"1,077"
4,PETROL(E20)/HYBRID,Mizoram(12),2026,FEB,16
5,PETROL/ETHANOL,Mizoram(12),2026,FEB,674
6,PETROL/HYBRID,Mizoram(12),2026,FEB,2
7,PURE EV,Mizoram(12),2026,FEB,25
8,STRONG HYBRID EV,Mizoram(12),2026,FEB,0
1,CNG ONLY,Nagaland(9),2026,JAN,100
2,DIESEL,Nagaland(9),2026,JAN,"1,475"
3,DIESEL/HYBRID,Nagaland(9),2026,JAN,1
4,PETROL,Nagaland(9),2026,JAN,294
5,PETROL(E20)/HYBRID,Nagaland(9),2026,JAN,96
6,PETROL/ETHANOL,Nagaland(9),2026,JAN,914
7,PETROL/HYBRID,Nagaland(9),2026,JAN,31
8,PURE EV,Nagaland(9),2026,JAN,3
9,STRONG HYBRID EV,Nagaland(9),2026,JAN,7
1,CNG ONLY,Nagaland(9),2026,FEB,10
2,DIESEL,Nagaland(9),2026,FEB,"1,114"
3,DIESEL/HYBRID,Nagaland(9),2026,FEB,2
4,PETROL,Nagaland(9),2026,FEB,306
5,PETROL(E20)/HYBRID,Nagaland(9),2026,FEB,52
6,PETROL/ETHANOL,Nagaland(9),2026,FEB,692
7,PETROL/HYBRID,Nagaland(9),2026,FEB,26
8,PURE EV,Nagaland(9),2026,FEB,4
9,STRONG HYBRID EV,Nagaland(9),2026,FEB,4
1,CNG ONLY,Odisha(39),2026,JAN,259
2,DIESEL,Odisha(39),2026,JAN,"8,872"
3,DIESEL/HYBRID,Odisha(39),2026,JAN,21
4,ELECTRIC(BOV),Odisha(39),2026,JAN,504
5,ETHANOL,Odisha(39),2026,JAN,1
6,NOT APPLICABLE,Odisha(39),2026,JAN,227
7,PETROL,Odisha(39),2026,JAN,"18,015"
8,PETROL/CNG,Odisha(39),2026,JAN,153
9,PETROL(E20)/CNG,Odisha(39),2026,JAN,765
10,PETROL(E20)/HYBRID,Odisha(39),2026,JAN,852
11,PETROL/ETHANOL,Odisha(39),2026,JAN,"49,412"
12,PETROL/HYBRID,Odisha(39),2026,JAN,108
13,PLUG-IN HYBRID EV,Odisha(39),2026,JAN,1
14,PURE EV,Odisha(39),2026,JAN,"7,894"
15,STRONG HYBRID EV,Odisha(39),2026,JAN,158
1,CNG ONLY,Odisha(39),2026,FEB,176
2,DIESEL,Odisha(39),2026,FEB,"6,396"
3,DIESEL/HYBRID,Odisha(39),2026,FEB,10
4,ELECTRIC(BOV),Odisha(39),2026,FEB,450
5,ETHANOL,Odisha(39),2026,FEB,0
6,NOT APPLICABLE,Odisha(39),2026,FEB,222
7,PETROL,Odisha(39),2026,FEB,"15,064"
8,PETROL/CNG,Odisha(39),2026,FEB,83
9,PETROL(E20)/CNG,Odisha(39),2026,FEB,494
10,PETROL(E20)/HYBRID,Odisha(39),2026,FEB,463
11,PETROL/ETHANOL,Odisha(39),2026,FEB,"37,902"
12,PETROL/HYBRID,Odisha(39),2026,FEB,40
13,PLUG-IN HYBRID EV,Odisha(39),2026,FEB,0
14,PURE EV,Odisha(39),2026,FEB,"5,849"
15,STRONG HYBRID EV,Odisha(39),2026,FEB,82
1,CNG ONLY,Punjab(96),2026,JAN,240
2,DIESEL,Punjab(96),2026,JAN,"13,780"
3,DIESEL/HYBRID,Punjab(96),2026,JAN,59
4,ELECTRIC(BOV),Punjab(96),2026,JAN,849
5,PETROL,Punjab(96),2026,JAN,"15,378"
6,PETROL/CNG,Punjab(96),2026,JAN,249
7,PETROL(E20)/CNG,Punjab(96),2026,JAN,550
8,PETROL(E20)/HYBRID,Punjab(96),2026,JAN,"1,492"
9,PETROL/ETHANOL,Punjab(96),2026,JAN,"45,401"
10,PETROL/HYBRID,Punjab(96),2026,JAN,451
11,PURE EV,Punjab(96),2026,JAN,"2,980"
12,STRONG HYBRID EV,Punjab(96),2026,JAN,550
1,CNG ONLY,Punjab(96),2026,FEB,259
2,DIESEL,Punjab(96),2026,FEB,"9,847"
3,DIESEL/HYBRID,Punjab(96),2026,FEB,52
4,ELECTRIC(BOV),Punjab(96),2026,FEB,520
5,PETROL,Punjab(96),2026,FEB,"8,529"
6,PETROL/CNG,Punjab(96),2026,FEB,112
7,PETROL(E20)/CNG,Punjab(96),2026,FEB,350
8,PETROL(E20)/HYBRID,Punjab(96),2026,FEB,770
9,PETROL/ETHANOL,Punjab(96),2026,FEB,"28,687"
10,PETROL/HYBRID,Punjab(96),2026,FEB,247
11,PURE EV,Punjab(96),2026,FEB,"1,901"
12,STRONG HYBRID EV,Punjab(96),2026,FEB,343
1,CNG ONLY,Puducherry(8),2026,JAN,11
2,DIESEL,Puducherry(8),2026,JAN,327
3,DIESEL/HYBRID,Puducherry(8),2026,JAN,5
4,ELECTRIC(BOV),Puducherry(8),2026,JAN,66
5,LPG ONLY,Puducherry(8),2026,JAN,3
6,PETROL,Puducherry(8),2026,JAN,"2,955"
7,PETROL/CNG,Puducherry(8),2026,JAN,15
8,PETROL(E20)/CNG,Puducherry(8),2026,JAN,67
9,PETROL(E20)/HYBRID,Puducherry(8),2026,JAN,146
10,PETROL/ETHANOL,Puducherry(8),2026,JAN,"5,189"
11,PETROL/HYBRID,Puducherry(8),2026,JAN,26
12,PURE EV,Puducherry(8),2026,JAN,522
13,STRONG HYBRID EV,Puducherry(8),2026,JAN,52
1,CNG ONLY,Puducherry(8),2026,FEB,17
2,DIESEL,Puducherry(8),2026,FEB,262
3,DIESEL/HYBRID,Puducherry(8),2026,FEB,6
4,ELECTRIC(BOV),Puducherry(8),2026,FEB,39
5,LPG ONLY,Puducherry(8),2026,FEB,5
6,PETROL,Puducherry(8),2026,FEB,"1,813"
7,PETROL/CNG,Puducherry(8),2026,FEB,5
8,PETROL(E20)/CNG,Puducherry(8),2026,FEB,38
9,PETROL(E20)/HYBRID,Puducherry(8),2026,FEB,65
10,PETROL/ETHANOL,Puducherry(8),2026,FEB,"2,972"
11,PETROL/HYBRID,Puducherry(8),2026,FEB,17
12,PURE EV,Puducherry(8),2026,FEB,313
13,STRONG HYBRID EV,Puducherry(8),2026,FEB,27
1,CNG ONLY,Rajasthan(60),2026,JAN,"2,247"
2,DIESEL,Rajasthan(60),2026,JAN,"29,553"
3,DIESEL/HYBRID,Rajasthan(60),2026,JAN,41
4,ELECTRIC(BOV),Rajasthan(60),2026,JAN,"1,381"
5,LPG ONLY,Rajasthan(60),2026,JAN,166
6,NOT APPLICABLE,Rajasthan(60),2026,JAN,403
7,PETROL,Rajasthan(60),2026,JAN,"50,193"
8,PETROL/CNG,Rajasthan(60),2026,JAN,"2,136"
9,PETROL(E20)/CNG,Rajasthan(60),2026,JAN,"6,941"
10,PETROL(E20)/HYBRID,Rajasthan(60),2026,JAN,"1,027"
11,PETROL(E20)/HYBRID/CNG,Rajasthan(60),2026,JAN,1
12,PETROL(E20)/LPG,Rajasthan(60),2026,JAN,44
13,PETROL/ETHANOL,Rajasthan(60),2026,JAN,"49,961"
14,PETROL/HYBRID,Rajasthan(60),2026,JAN,235
15,PETROL/LPG,Rajasthan(60),2026,JAN,51
16,PURE EV,Rajasthan(60),2026,JAN,"8,713"
17,STRONG HYBRID EV,Rajasthan(60),2026,JAN,315
1,CNG ONLY,Rajasthan(60),2026,FEB,"1,524"
2,DIESEL,Rajasthan(60),2026,FEB,"19,854"
3,DIESEL/HYBRID,Rajasthan(60),2026,FEB,43
4,ELECTRIC(BOV),Rajasthan(60),2026,FEB,981
5,LPG ONLY,Rajasthan(60),2026,FEB,156
6,NOT APPLICABLE,Rajasthan(60),2026,FEB,258
7,PETROL,Rajasthan(60),2026,FEB,"34,062"
8,PETROL/CNG,Rajasthan(60),2026,FEB,920
9,PETROL(E20)/CNG,Rajasthan(60),2026,FEB,"4,104"
10,PETROL(E20)/HYBRID,Rajasthan(60),2026,FEB,428
11,PETROL(E20)/HYBRID/CNG,Rajasthan(60),2026,FEB,0
12,PETROL(E20)/LPG,Rajasthan(60),2026,FEB,2
13,PETROL/ETHANOL,Rajasthan(60),2026,FEB,"32,946"
14,PETROL/HYBRID,Rajasthan(60),2026,FEB,118
15,PETROL/LPG,Rajasthan(60),2026,FEB,5
16,PURE EV,Rajasthan(60),2026,FEB,"6,212"
17,STRONG HYBRID EV,Rajasthan(60),2026,FEB,180
1,DIESEL,Sikkim(9),2026,JAN,252
2,DIESEL/HYBRID,Sikkim(9),2026,JAN,2
3,ELECTRIC(BOV),Sikkim(9),2026,JAN,0
4,PETROL,Sikkim(9),2026,JAN,100
5,PETROL(E20)/HYBRID,Sikkim(9),2026,JAN,4
6,PETROL/ETHANOL,Sikkim(9),2026,JAN,805
7,PETROL/HYBRID,Sikkim(9),2026,JAN,2
8,PURE EV,Sikkim(9),2026,JAN,3
9,STRONG HYBRID EV,Sikkim(9),2026,JAN,0
1,DIESEL,Sikkim(9),2026,FEB,179
2,DIESEL/HYBRID,Sikkim(9),2026,FEB,0
3,ELECTRIC(BOV),Sikkim(9),2026,FEB,6
4,PETROL,Sikkim(9),2026,FEB,73
5,PETROL(E20)/HYBRID,Sikkim(9),2026,FEB,2
6,PETROL/ETHANOL,Sikkim(9),2026,FEB,531
7,PETROL/HYBRID,Sikkim(9),2026,FEB,1
8,PURE EV,Sikkim(9),2026,FEB,0
9,STRONG HYBRID EV,Sikkim(9),2026,FEB,1
1,CNG ONLY,Tamil Nadu(148),2026,JAN,"2,578"
2,DIESEL,Tamil Nadu(148),2026,JAN,"18,720"
3,DIESEL/HYBRID,Tamil Nadu(148),2026,JAN,50
4,ELECTRIC(BOV),Tamil Nadu(148),2026,JAN,"1,719"
5,ETHANOL,Tamil Nadu(148),2026,JAN,0
6,LPG ONLY,Tamil Nadu(148),2026,JAN,356
7,NOT APPLICABLE,Tamil Nadu(148),2026,JAN,0
8,PETROL,Tamil Nadu(148),2026,JAN,"62,684"
9,PETROL/CNG,Tamil Nadu(148),2026,JAN,528
10,PETROL(E20)/CNG,Tamil Nadu(148),2026,JAN,"2,448"
11,PETROL(E20)/HYBRID,Tamil Nadu(148),2026,JAN,"2,738"
12,PETROL/ETHANOL,Tamil Nadu(148),2026,JAN,"1,48,850"
13,PETROL/HYBRID,Tamil Nadu(148),2026,JAN,768
14,PURE EV,Tamil Nadu(148),2026,JAN,"17,112"
15,STRONG HYBRID EV,Tamil Nadu(148),2026,JAN,904
1,CNG ONLY,Tamil Nadu(148),2026,FEB,"2,451"
2,DIESEL,Tamil Nadu(148),2026,FEB,"15,266"
3,DIESEL/HYBRID,Tamil Nadu(148),2026,FEB,49
4,ELECTRIC(BOV),Tamil Nadu(148),2026,FEB,"1,414"
5,ETHANOL,Tamil Nadu(148),2026,FEB,1
6,LPG ONLY,Tamil Nadu(148),2026,FEB,376
7,NOT APPLICABLE,Tamil Nadu(148),2026,FEB,1
8,PETROL,Tamil Nadu(148),2026,FEB,"46,152"
9,PETROL/CNG,Tamil Nadu(148),2026,FEB,275
10,PETROL(E20)/CNG,Tamil Nadu(148),2026,FEB,"2,537"
11,PETROL(E20)/HYBRID,Tamil Nadu(148),2026,FEB,"1,512"
12,PETROL/ETHANOL,Tamil Nadu(148),2026,FEB,"1,07,215"
13,PETROL/HYBRID,Tamil Nadu(148),2026,FEB,303
14,PURE EV,Tamil Nadu(148),2026,FEB,"12,889"
15,STRONG HYBRID EV,Tamil Nadu(148),2026,FEB,603
1,CNG ONLY,Tripura(9),2026,JAN,261
2,DIESEL,Tripura(9),2026,JAN,355
3,DIESEL/HYBRID,Tripura(9),2026,JAN,1
4,ELECTRIC(BOV),Tripura(9),2026,JAN,174
5,PETROL,Tripura(9),2026,JAN,845
6,PETROL/CNG,Tripura(9),2026,JAN,58
7,PETROL(E20)/CNG,Tripura(9),2026,JAN,239
8,PETROL(E20)/HYBRID,Tripura(9),2026,JAN,37
9,PETROL/ETHANOL,Tripura(9),2026,JAN,"2,308"
10,PETROL/HYBRID,Tripura(9),2026,JAN,6
11,PURE EV,Tripura(9),2026,JAN,534
12,STRONG HYBRID EV,Tripura(9),2026,JAN,4
1,CNG ONLY,Tripura(9),2026,FEB,368
2,DIESEL,Tripura(9),2026,FEB,280
3,DIESEL/HYBRID,Tripura(9),2026,FEB,0
4,ELECTRIC(BOV),Tripura(9),2026,FEB,150
5,PETROL,Tripura(9),2026,FEB,536
6,PETROL/CNG,Tripura(9),2026,FEB,20
7,PETROL(E20)/CNG,Tripura(9),2026,FEB,169
8,PETROL(E20)/HYBRID,Tripura(9),2026,FEB,16
9,PETROL/ETHANOL,Tripura(9),2026,FEB,"1,733"
10,PETROL/HYBRID,Tripura(9),2026,FEB,4
11,PURE EV,Tripura(9),2026,FEB,386
12,STRONG HYBRID EV,Tripura(9),2026,FEB,0
1,CNG ONLY,Uttarakhand(21),2026,JAN,76
2,DIESEL,Uttarakhand(21),2026,JAN,"2,754"
3,DIESEL/HYBRID,Uttarakhand(21),2026,JAN,20
4,ELECTRIC(BOV),Uttarakhand(21),2026,JAN,483
5,NOT APPLICABLE,Uttarakhand(21),2026,JAN,40
6,PETROL,Uttarakhand(21),2026,JAN,"5,916"
7,PETROL/CNG,Uttarakhand(21),2026,JAN,174
8,PETROL(E20)/CNG,Uttarakhand(21),2026,JAN,481
9,PETROL(E20)/HYBRID,Uttarakhand(21),2026,JAN,674
10,PETROL/ETHANOL,Uttarakhand(21),2026,JAN,"16,348"
11,PETROL/HYBRID,Uttarakhand(21),2026,JAN,99
12,PURE EV,Uttarakhand(21),2026,JAN,"1,160"
13,STRONG HYBRID EV,Uttarakhand(21),2026,JAN,165
1,CNG ONLY,Uttarakhand(21),2026,FEB,68
2,DIESEL,Uttarakhand(21),2026,FEB,"1,642"
3,DIESEL/HYBRID,Uttarakhand(21),2026,FEB,12
4,ELECTRIC(BOV),Uttarakhand(21),2026,FEB,302
5,NOT APPLICABLE,Uttarakhand(21),2026,FEB,24
6,PETROL,Uttarakhand(21),2026,FEB,"3,407"
7,PETROL/CNG,Uttarakhand(21),2026,FEB,88
8,PETROL(E20)/CNG,Uttarakhand(21),2026,FEB,259
9,PETROL(E20)/HYBRID,Uttarakhand(21),2026,FEB,267
10,PETROL/ETHANOL,Uttarakhand(21),2026,FEB,"9,309"
11,PETROL/HYBRID,Uttarakhand(21),2026,FEB,50
12,PURE EV,Uttarakhand(21),2026,FEB,823
13,STRONG HYBRID EV,Uttarakhand(21),2026,FEB,72
1,CNG ONLY,Uttar Pradesh(77),2026,JAN,"5,055"
2,DIESEL,Uttar Pradesh(77),2026,JAN,"38,900"
3,DIESEL/HYBRID,Uttar Pradesh(77),2026,JAN,71
4,ELECTRIC(BOV),Uttar Pradesh(77),2026,JAN,"11,622"
5,LPG ONLY,Uttar Pradesh(77),2026,JAN,58
6,NOT APPLICABLE,Uttar Pradesh(77),2026,JAN,1
7,PETROL,Uttar Pradesh(77),2026,JAN,"1,18,088"
8,PETROL/CNG,Uttar Pradesh(77),2026,JAN,"5,055"
9,PETROL(E20)/CNG,Uttar Pradesh(77),2026,JAN,"17,148"
10,PETROL(E20)/HYBRID,Uttar Pradesh(77),2026,JAN,"2,633"
11,PETROL(E20)/HYBRID/CNG,Uttar Pradesh(77),2026,JAN,1
12,PETROL(E20)/LPG,Uttar Pradesh(77),2026,JAN,5
13,PETROL/ETHANOL,Uttar Pradesh(77),2026,JAN,"1,43,313"
14,PETROL/HYBRID,Uttar Pradesh(77),2026,JAN,600
15,PETROL/LPG,Uttar Pradesh(77),2026,JAN,12
16,PURE EV,Uttar Pradesh(77),2026,JAN,"22,436"
17,STRONG HYBRID EV,Uttar Pradesh(77),2026,JAN,"1,136"
1,CNG ONLY,Uttar Pradesh(77),2026,FEB,"2,825"
2,DIESEL,Uttar Pradesh(77),2026,FEB,"23,539"
3,DIESEL/HYBRID,Uttar Pradesh(77),2026,FEB,65
4,ELECTRIC(BOV),Uttar Pradesh(77),2026,FEB,"7,654"
5,LPG ONLY,Uttar Pradesh(77),2026,FEB,26
6,NOT APPLICABLE,Uttar Pradesh(77),2026,FEB,0
7,PETROL,Uttar Pradesh(77),2026,FEB,"94,434"
8,PETROL/CNG,Uttar Pradesh(77),2026,FEB,"1,868"
9,PETROL(E20)/CNG,Uttar Pradesh(77),2026,FEB,"9,146"
10,PETROL(E20)/HYBRID,Uttar Pradesh(77),2026,FEB,972
11,PETROL(E20)/HYBRID/CNG,Uttar Pradesh(77),2026,FEB,0
12,PETROL(E20)/LPG,Uttar Pradesh(77),2026,FEB,0
13,PETROL/ETHANOL,Uttar Pradesh(77),2026,FEB,"1,03,596"
14,PETROL/HYBRID,Uttar Pradesh(77),2026,FEB,342
15,PETROL/LPG,Uttar Pradesh(77),2026,FEB,0
16,PURE EV,Uttar Pradesh(77),2026,FEB,"13,963"
17,STRONG HYBRID EV,Uttar Pradesh(77),2026,FEB,547
1,CNG ONLY,West Bengal(59),2026,JAN,214
2,DIESEL,West Bengal(59),2026,JAN,"7,329"
3,DIESEL/HYBRID,West Bengal(59),2026,JAN,15
4,ELECTRIC(BOV),West Bengal(59),2026,JAN,"13,442"
5,ETHANOL,West Bengal(59),2026,JAN,0
6,LPG ONLY,West Bengal(59),2026,JAN,460
7,NOT APPLICABLE,West Bengal(59),2026,JAN,44
8,PETROL,West Bengal(59),2026,JAN,"21,438"
9,PETROL/CNG,West Bengal(59),2026,JAN,134
10,PETROL(E20)/CNG,West Bengal(59),2026,JAN,"1,036"
11,PETROL(E20)/HYBRID,West Bengal(59),2026,JAN,789
12,PETROL(E20)/LPG,West Bengal(59),2026,JAN,24
13,PETROL/ETHANOL,West Bengal(59),2026,JAN,"68,215"
14,PETROL/HYBRID,West Bengal(59),2026,JAN,171
15,PETROL/LPG,West Bengal(59),2026,JAN,50
16,PURE EV,West Bengal(59),2026,JAN,"7,485"
17,STRONG HYBRID EV,West Bengal(59),2026,JAN,233
1,CNG ONLY,West Bengal(59),2026,FEB,141
2,DIESEL,West Bengal(59),2026,FEB,"5,851"
3,DIESEL/HYBRID,West Bengal(59),2026,FEB,19
4,ELECTRIC(BOV),West Bengal(59),2026,FEB,"7,144"
5,ETHANOL,West Bengal(59),2026,FEB,1
6,LPG ONLY,West Bengal(59),2026,FEB,408
7,NOT APPLICABLE,West Bengal(59),2026,FEB,32
8,PETROL,West Bengal(59),2026,FEB,"16,927"
9,PETROL/CNG,West Bengal(59),2026,FEB,89
10,PETROL(E20)/CNG,West Bengal(59),2026,FEB,852
11,PETROL(E20)/HYBRID,West Bengal(59),2026,FEB,494
12,PETROL(E20)/LPG,West Bengal(59),2026,FEB,1
13,PETROL/ETHANOL,West Bengal(59),2026,FEB,"52,317"
14,PETROL/HYBRID,West Bengal(59),2026,FEB,76
15,PETROL/LPG,West Bengal(59),2026,FEB,0
16,PURE EV,West Bengal(59),2026,FEB,"5,170"
17,STRONG HYBRID EV,West Bengal(59),2026,FEB,133
