state_code,state_name,rto_code,rto_name
AN,Andaman & Nicobar Island,201,Baratang - AN201( 29-NOV-2024 )
AN,Andaman & Nicobar Island,212,Campbell Bay - AN212( 18-FEB-2022 )
AN,Andaman & Nicobar Island,211,Car Nicobar - AN211( 23-FEB-2023 )
AN,Andaman & Nicobar Island,204,Diglipur - AN204( 09-NOV-2021 )
AN,Andaman & Nicobar Island,200,Ferrargunj - AN200( 12-OCT-2021 )
AN,Andaman & Nicobar Island,207,Little Andaman - AN207( 17-FEB-2025 )
AN,Andaman & Nicobar Island,203,Mayabunder - AN203( 09-NOV-2021 )
AN,Andaman & Nicobar Island,1,Port Blair DTO - AN1( 15-AUG-2020 )
AN,Andaman & Nicobar Island,202,Rangat - AN202( 17-NOV-2021 )
AN,Andaman & Nicobar Island,206,Swaraj Dweep - AN206( 29-NOV-2021 )
AP,Andhra Pradesh,201,Baratang - AN201( 29-NOV-2024 )
AP,Andhra Pradesh,212,Campbell Bay - AN212( 18-FEB-2022 )
AP,Andhra Pradesh,211,Car Nicobar - AN211( 23-FEB-2023 )
AP,Andhra Pradesh,204,Diglipur - AN204( 09-NOV-2021 )
AP,Andhra Pradesh,200,Ferrargunj - AN200( 12-OCT-2021 )
AP,Andhra Pradesh,207,Little Andaman - AN207( 17-FEB-2025 )
AP,Andhra Pradesh,203,Mayabunder - AN203( 09-NOV-2021 )
AP,Andhra Pradesh,1,Port Blair DTO - AN1( 15-AUG-2020 )
AP,Andhra Pradesh,202,Rangat - AN202( 17-NOV-2021 )
AP,Andhra Pradesh,206,Swaraj Dweep - AN206( 29-NOV-2021 )
AR,Arunachal Pradesh,221,Adoni RTO - AP221( 06-MAY-2022 )
AR,Arunachal Pradesh,205,Amalapuram RTA - AP205( 25-APR-2022 )
AR,Arunachal Pradesh,131,Anakapalli RTA - AP131( 25-APR-2022 )
AR,Arunachal Pradesh,2,Anantapur RTA - AP2( 25-APR-2022 )
AR,Arunachal Pradesh,321,Atmakur-Kurnool MVI Office - AP321( 06-MAY-2022 )
AR,Arunachal Pradesh,126,Atmakur MVI Office - AP126( 11-MAY-2022 )
AR,Arunachal Pradesh,104,Badvel MVI Office - AP104( 06-MAY-2022 )
AR,Arunachal Pradesh,207,BAPATLA RTO OFFICE - AP207( 25-APR-2022 )
AR,Arunachal Pradesh,137,Bhimavaram RTA - AP137( 25-APR-2022 )
AR,Arunachal Pradesh,307,Chilakaluripeta MVI Office - AP307( 06-MAY-2022 )
AR,Arunachal Pradesh,905,Chintoor - AP905( 09-JUN-2022 )
AR,Arunachal Pradesh,127,Chirala UO - AP127( 06-MAY-2022 )
AR,Arunachal Pradesh,3,Chittoor RTA - AP3( 25-APR-2022 )
AR,Arunachal Pradesh,4,Cuddapah RTA - AP4( 25-APR-2022 )
AR,Arunachal Pradesh,427,Darsi UO - AP427( 11-MAY-2022 )
AR,Arunachal Pradesh,837,Devarapalli Unit Office - AP837( 19-AUG-2025 )
AR,Arunachal Pradesh,602,Dharamavaram unit office - AP602( 04-DEC-2024 )
AR,Arunachal Pradesh,421,Dhone MVI Office - AP421( 06-MAY-2022 )
AR,Arunachal Pradesh,231,Gajuwaka RTA - AP231( 06-MAY-2022 )
AR,Arunachal Pradesh,116,Gudiwada RTA - AP116( 05-MAY-2022 )
AR,Arunachal Pradesh,226,Gudur RTA - AP226( 06-MAY-2022 )
AR,Arunachal Pradesh,202,Guntakal UO - AP202( 06-MAY-2022 )
AR,Arunachal Pradesh,7,Guntur RTA - AP7( 25-APR-2022 )
AR,Arunachal Pradesh,102,Hindupur RTA - AP102( 25-APR-2022 )
AR,Arunachal Pradesh,130,Itchapuram MVI Office - AP130( 12-MAY-2022 )
AR,Arunachal Pradesh,616,Jaggayyapet UO - AP616( 05-MAY-2022 )
AR,Arunachal Pradesh,237,JANGAREDDYGUDEM RTA - AP237( 06-MAY-2022 )
AR,Arunachal Pradesh,702,Kalyandurg RTO office - AP702( 04-DEC-2024 )
AR,Arunachal Pradesh,227,Kandukur MVI Office - AP227( 11-MAY-2022 )
AR,Arunachal Pradesh,326,Kavali UO - AP326( 11-MAY-2022 )
AR,Arunachal Pradesh,337,Kovvuru UO - AP337( 12-MAY-2022 )
AR,Arunachal Pradesh,21,Kurnool RTA - AP21( 25-APR-2022 )
AR,Arunachal Pradesh,407,Macherla MVI Office - AP407( 06-MAY-2022 )
AR,Arunachal Pradesh,405,Mandapeta UO - AP405( 06-MAY-2022 )
AR,Arunachal Pradesh,507,Mangalagiri MVI Office - AP507( 06-MAY-2022 )
AR,Arunachal Pradesh,327,Markapur UO - AP327( 12-MAY-2022 )
AR,Arunachal Pradesh,114,Nagari MVI office - AP114( 30-NOV-2024 )
AR,Arunachal Pradesh,316,Nandigama RTA - AP316( 05-MAY-2022 )
AR,Arunachal Pradesh,121,Nandyal RTA - AP121( 25-APR-2022 )
AR,Arunachal Pradesh,107,Narasaraopet RTA - AP107( 25-APR-2022 )
AR,Arunachal Pradesh,331,Narsipatnam MVI Office - AP331( 06-MAY-2022 )
AR,Arunachal Pradesh,26,Nellore RTA - AP26( 25-APR-2022 )
AR,Arunachal Pradesh,416,Nuzvid UO - AP416( 06-MAY-2022 )
AR,Arunachal Pradesh,41,Paderu RTA - AP41( 09-JUN-2022 )
AR,Arunachal Pradesh,637,Palakole UO - AP637( 06-MAY-2022 )
AR,Arunachal Pradesh,230,PALAKONDA RTA - AP230( 12-MAY-2022 )
AR,Arunachal Pradesh,303,Palamaner MVI Office - AP303( 10-MAY-2022 )
AR,Arunachal Pradesh,330,Palasa MVI Office - AP330( 12-MAY-2022 )
AR,Arunachal Pradesh,135,PARVATHIPURAM RTO OFFICE - AP135( 25-APR-2022 )
AR,Arunachal Pradesh,505,Peddapuram MVI Office - AP505( 06-MAY-2022 )
AR,Arunachal Pradesh,607,Piduguralla UO - AP607( 06-MAY-2022 )
AR,Arunachal Pradesh,403,Piler MVI Office - AP403( 12-MAY-2022 )
AR,Arunachal Pradesh,27,Prakasam RTA - AP27( 25-APR-2022 )
AR,Arunachal Pradesh,204,Proddutur RTA - AP204( 06-MAY-2022 )
AR,Arunachal Pradesh,304,Pulivendula MVI Office - AP304( 06-MAY-2022 )
AR,Arunachal Pradesh,113,Punganur UO - AP113( 09-JUN-2022 )
AR,Arunachal Pradesh,503,Puttur MVI Office - AP503( 12-MAY-2022 )
AR,Arunachal Pradesh,105,Rajahmundry RTA - AP105( 25-APR-2022 )
AR,Arunachal Pradesh,404,Rajampet MVI Office - AP404( 12-MAY-2022 )
AR,Arunachal Pradesh,605,Ramachandrapuram UO - AP605( 09-JUN-2022 )
AR,Arunachal Pradesh,705,Ravulapalem UO - AP705( 06-MAY-2022 )
AR,Arunachal Pradesh,504,Rayachoti MVI Office - AP504( 25-APR-2022 )
AR,Arunachal Pradesh,141,REGIONAL TRANSPORT OFFICE RAMPACHODAVARAM - AP141( 04-APR-2023 )
AR,Arunachal Pradesh,37,RTA Eluru - AP37( 25-APR-2022 )
AR,Arunachal Pradesh,5,RTA Kakinada - AP5( 25-APR-2022 )
AR,Arunachal Pradesh,216,RTA MACHILIPATNAM - AP216( 25-APR-2022 )
AR,Arunachal Pradesh,302,RTO KADIRI - AP302( 11-MAY-2022 )
AR,Arunachal Pradesh,203,RTO MADANAPALLE - AP203( 12-MAY-2022 )
AR,Arunachal Pradesh,235,Salur MVI Office - AP235( 12-MAY-2022 )
AR,Arunachal Pradesh,30,Srikakulam RTA - AP30( 25-APR-2022 )
AR,Arunachal Pradesh,603,Srikalahasthi MVI Office - AP603( 12-MAY-2022 )
AR,Arunachal Pradesh,426,Sullurpet UO - AP426( 11-MAY-2022 )
AR,Arunachal Pradesh,437,Tadepalli Gudem UO - AP437( 06-MAY-2022 )
AR,Arunachal Pradesh,402,Tadipatri UO - AP402( 06-MAY-2022 )
AR,Arunachal Pradesh,537,Tanuku UO - AP537( 06-MAY-2022 )
AR,Arunachal Pradesh,430,Tekkali MVI Office - AP430( 12-MAY-2022 )
AR,Arunachal Pradesh,707,TENALI RTA - AP707( 06-MAY-2022 )
AR,Arunachal Pradesh,103,Tirupati RTA - AP103( 25-APR-2022 )
AR,Arunachal Pradesh,305,UNIT OFFICE KATHIPUDI - AP305( 06-MAY-2022 )
AR,Arunachal Pradesh,502,UNIT OFFICE RAYADURG - AP502( 23-JUN-2022 )
AR,Arunachal Pradesh,16,Vijayawada RTA - AP16( 17-FEB-2022 )
AR,Arunachal Pradesh,31,Vishakapatnam RTA - AP31( 25-APR-2022 )
AR,Arunachal Pradesh,35,Vizianagaram RTA - AP35( 25-APR-2022 )
AR,Arunachal Pradesh,516,Vuyyuru UO - AP516( 05-MAY-2022 )
AS,Assam,15,BARPETA - AS15( 29-DEC-2016 )
AS,Assam,28,BASKA - AS28( 13-NOV-2017 )
AS,Assam,32,BISWANATH CHARIALI - AS32( 08-AUG-2019 )
AS,Assam,19,BONGAIGAON - AS19( 24-APR-2017 )
AS,Assam,11,CACHAR - AS11( 05-MAY-2017 )
AS,Assam,33,CHARAIDEO - AS33( 17-JAN-2020 )
AS,Assam,26,CHIRANG - AS26( 25-SEP-2017 )
AS,Assam,13,DARRANG - AS13( 04-MAY-2018 )
AS,Assam,22,DHEMAJI - AS22( 05-OCT-2017 )
AS,Assam,17,DHUBRI - AS17( 05-MAY-2017 )
AS,Assam,6,DIBRUGARH - AS6( 16-FEB-2017 )
AS,Assam,8,DIMA HASAO - AS8( 18-APR-2017 )
AS,Assam,18,GOALPARA - AS18( 09-NOV-2016 )
AS,Assam,5,GOLAGHAT - AS5( 03-MAY-2017 )
AS,Assam,24,HAILAKANDI - AS24( 11-MAR-2019 )
AS,Assam,31,HOJAI - AS31( 09-DEC-2019 )
AS,Assam,3,JORHAT - AS3( 25-APR-2017 )
AS,Assam,1,KAMRUP - AS1( 17-NOV-2016 )
AS,Assam,25,KAMRUP(RURAL) - AS25( 24-NOV-2016 )
AS,Assam,9,KARBI ANGLONG - AS9( 09-APR-2019 )
AS,Assam,10,KARIMGANJ - AS10( 20-JUL-2017 )
AS,Assam,16,KOKRAJHAR - AS16( 24-APR-2017 )
AS,Assam,7,LAKHIMPUR - AS7( 05-OCT-2017 )
AS,Assam,29,MAJULI - AS29( 09-JUL-2019 )
AS,Assam,21,MORIGAON - AS21( 07-APR-2018 )
AS,Assam,2,NAGAON - AS2( 19-APR-2017 )
AS,Assam,14,NALBARI - AS14( 15-DEC-2016 )
AS,Assam,200,"NIAIMT,CACHAR - AS200( 21-OCT-2019 )"
AS,Assam,202,"NIAIMT,HAILAKANDI - AS202( 21-OCT-2019 )"
AS,Assam,201,"NIAIMT,KARIMGANJ - AS201( 21-OCT-2019 )"
AS,Assam,4,SIVASAGAR - AS4( 02-MAY-2017 )
AS,Assam,12,SONITPUR - AS12( 05-JAN-2017 )
AS,Assam,34,SOUTH SALMARA - AS34( 20-DEC-2019 )
AS,Assam,999,STATE TRANSPORT AUTHORITY - AS999( 24-SEP-2018 )
AS,Assam,23,TINSUKIA - AS23( 23-FEB-2017 )
AS,Assam,27,UDALGURI - AS27( 17-AUG-2017 )
BR,Bihar,15,BARPETA - AS15( 29-DEC-2016 )
BR,Bihar,28,BASKA - AS28( 13-NOV-2017 )
BR,Bihar,32,BISWANATH CHARIALI - AS32( 08-AUG-2019 )
BR,Bihar,19,BONGAIGAON - AS19( 24-APR-2017 )
BR,Bihar,11,CACHAR - AS11( 05-MAY-2017 )
BR,Bihar,33,CHARAIDEO - AS33( 17-JAN-2020 )
BR,Bihar,26,CHIRANG - AS26( 25-SEP-2017 )
BR,Bihar,13,DARRANG - AS13( 04-MAY-2018 )
BR,Bihar,22,DHEMAJI - AS22( 05-OCT-2017 )
BR,Bihar,17,DHUBRI - AS17( 05-MAY-2017 )
BR,Bihar,6,DIBRUGARH - AS6( 16-FEB-2017 )
BR,Bihar,8,DIMA HASAO - AS8( 18-APR-2017 )
BR,Bihar,18,GOALPARA - AS18( 09-NOV-2016 )
BR,Bihar,5,GOLAGHAT - AS5( 03-MAY-2017 )
BR,Bihar,24,HAILAKANDI - AS24( 11-MAR-2019 )
BR,Bihar,31,HOJAI - AS31( 09-DEC-2019 )
BR,Bihar,3,JORHAT - AS3( 25-APR-2017 )
BR,Bihar,1,KAMRUP - AS1( 17-NOV-2016 )
BR,Bihar,25,KAMRUP(RURAL) - AS25( 24-NOV-2016 )
BR,Bihar,9,KARBI ANGLONG - AS9( 09-APR-2019 )
BR,Bihar,10,KARIMGANJ - AS10( 20-JUL-2017 )
BR,Bihar,16,KOKRAJHAR - AS16( 24-APR-2017 )
BR,Bihar,7,LAKHIMPUR - AS7( 05-OCT-2017 )
BR,Bihar,29,MAJULI - AS29( 09-JUL-2019 )
BR,Bihar,21,MORIGAON - AS21( 07-APR-2018 )
BR,Bihar,2,NAGAON - AS2( 19-APR-2017 )
BR,Bihar,14,NALBARI - AS14( 15-DEC-2016 )
BR,Bihar,200,"NIAIMT,CACHAR - AS200( 21-OCT-2019 )"
BR,Bihar,202,"NIAIMT,HAILAKANDI - AS202( 21-OCT-2019 )"
BR,Bihar,201,"NIAIMT,KARIMGANJ - AS201( 21-OCT-2019 )"
BR,Bihar,4,SIVASAGAR - AS4( 02-MAY-2017 )
BR,Bihar,12,SONITPUR - AS12( 05-JAN-2017 )
BR,Bihar,34,SOUTH SALMARA - AS34( 20-DEC-2019 )
BR,Bihar,999,STATE TRANSPORT AUTHORITY - AS999( 24-SEP-2018 )
BR,Bihar,23,TINSUKIA - AS23( 23-FEB-2017 )
BR,Bihar,27,UDALGURI - AS27( 17-AUG-2017 )
CG,Chhattisgarh,3,AIG(F/P) PHQ - CG3( 22-APR-2025 )
CG,Chhattisgarh,15,Ambikapur RTO - CG15( 27-DEC-2018 )
CG,Chhattisgarh,16,BAIKUNTHPUR DTO - CG16( 20-DEC-2018 )
CG,Chhattisgarh,22,Baloda Bazar DTO - CG22( 20-SEP-2018 )
CG,Chhattisgarh,24,Balod DTO - CG24( 04-SEP-2018 )
CG,Chhattisgarh,30,Balrampur DTO - CG30( 21-DEC-2018 )
CG,Chhattisgarh,25,Bemetara DTO - CG25( 20-SEP-2018 )
CG,Chhattisgarh,20,Bijapur DTO - CG20( 07-AUG-2018 )
CG,Chhattisgarh,10,Bilaspur RTO - CG10( 29-AUG-2018 )
CG,Chhattisgarh,18,Dantewada DTO - CG18( 27-AUG-2018 )
CG,Chhattisgarh,5,Dhamtari DTO - CG5( 31-AUG-2018 )
CG,Chhattisgarh,7,DURG RTO - CG7( 01-OCT-2018 )
CG,Chhattisgarh,23,Gariyaband DTO - CG23( 04-SEP-2018 )
CG,Chhattisgarh,31,Gaurela-Pendra-Marwahi DTO - CG31( 09-APR-2021 )
CG,Chhattisgarh,17,JAGDALPUR RTO - CG17( 01-OCT-2018 )
CG,Chhattisgarh,11,Janjgir Champa DTO - CG11( 27-AUG-2018 )
CG,Chhattisgarh,14,Jashpur DTO - CG14( 21-DEC-2018 )
CG,Chhattisgarh,19,KANKER DTO - CG19( 22-SEP-2018 )
CG,Chhattisgarh,9,KAWARDHA DTO - CG9( 20-SEP-2018 )
CG,Chhattisgarh,27,KONDAGAON DTO - CG27( 22-SEP-2018 )
CG,Chhattisgarh,12,Korba DTO - CG12( 25-AUG-2018 )
CG,Chhattisgarh,6,Mahasamund DTO - CG6( 27-MAR-2018 )
CG,Chhattisgarh,28,Mungeli DTO - CG28( 27-JUL-2018 )
CG,Chhattisgarh,21,Narayanpur DTO - CG21( 07-AUG-2018 )
CG,Chhattisgarh,13,Raigarh DTO - CG13( 27-AUG-2018 )
CG,Chhattisgarh,4,Raipur RTO - CG4( 28-SEP-2018 )
CG,Chhattisgarh,8,Rajnandgaon ARTO - CG8( 30-AUG-2018 )
CG,Chhattisgarh,998,RTA TC NAWA RAIPUR - CG998( 06-JUL-2020 )
CG,Chhattisgarh,99,State Transport Authority - CG99( 01-JAN-2019 )
CG,Chhattisgarh,26,Sukma DTO - CG26( 04-SEP-2018 )
CG,Chhattisgarh,29,Surajpur DTO - CG29( 20-DEC-2018 )
CH,Chandigarh,3,AIG(F/P) PHQ - CG3( 22-APR-2025 )
CH,Chandigarh,15,Ambikapur RTO - CG15( 27-DEC-2018 )
CH,Chandigarh,16,BAIKUNTHPUR DTO - CG16( 20-DEC-2018 )
CH,Chandigarh,22,Baloda Bazar DTO - CG22( 20-SEP-2018 )
CH,Chandigarh,24,Balod DTO - CG24( 04-SEP-2018 )
CH,Chandigarh,30,Balrampur DTO - CG30( 21-DEC-2018 )
CH,Chandigarh,25,Bemetara DTO - CG25( 20-SEP-2018 )
CH,Chandigarh,20,Bijapur DTO - CG20( 07-AUG-2018 )
CH,Chandigarh,10,Bilaspur RTO - CG10( 29-AUG-2018 )
CH,Chandigarh,18,Dantewada DTO - CG18( 27-AUG-2018 )
CH,Chandigarh,5,Dhamtari DTO - CG5( 31-AUG-2018 )
CH,Chandigarh,7,DURG RTO - CG7( 01-OCT-2018 )
CH,Chandigarh,23,Gariyaband DTO - CG23( 04-SEP-2018 )
CH,Chandigarh,31,Gaurela-Pendra-Marwahi DTO - CG31( 09-APR-2021 )
CH,Chandigarh,17,JAGDALPUR RTO - CG17( 01-OCT-2018 )
CH,Chandigarh,11,Janjgir Champa DTO - CG11( 27-AUG-2018 )
CH,Chandigarh,14,Jashpur DTO - CG14( 21-DEC-2018 )
CH,Chandigarh,19,KANKER DTO - CG19( 22-SEP-2018 )
CH,Chandigarh,9,KAWARDHA DTO - CG9( 20-SEP-2018 )
CH,Chandigarh,27,KONDAGAON DTO - CG27( 22-SEP-2018 )
CH,Chandigarh,12,Korba DTO - CG12( 25-AUG-2018 )
CH,Chandigarh,6,Mahasamund DTO - CG6( 27-MAR-2018 )
CH,Chandigarh,28,Mungeli DTO - CG28( 27-JUL-2018 )
CH,Chandigarh,21,Narayanpur DTO - CG21( 07-AUG-2018 )
CH,Chandigarh,13,Raigarh DTO - CG13( 27-AUG-2018 )
CH,Chandigarh,4,Raipur RTO - CG4( 28-SEP-2018 )
CH,Chandigarh,8,Rajnandgaon ARTO - CG8( 30-AUG-2018 )
CH,Chandigarh,998,RTA TC NAWA RAIPUR - CG998( 06-JUL-2020 )
CH,Chandigarh,99,State Transport Authority - CG99( 01-JAN-2019 )
CH,Chandigarh,26,Sukma DTO - CG26( 04-SEP-2018 )
CH,Chandigarh,29,Surajpur DTO - CG29( 20-DEC-2018 )
DD,UT of DNH and DD,1,CHANDIGARH UT (RLA AND STA) - CH1( 08-JAN-2018 )
DL,Delhi,3,DAMAN - DD3( 14-DEC-2017 )
DL,Delhi,2,DIU - DD2( 14-DEC-2017 )
DL,Delhi,1,SILVASSA - DD1( 20-DEC-2017 )
GA,Goa,53,BURARI AUTO UNIT - DL53( 08-APR-2016 )
GA,Goa,52,BURARI TAXI UNIT - DL52( 08-APR-2016 )
GA,Goa,9,DWARKA - DL9( 28-JUL-2015 )
GA,Goa,2,I P ESTATE - DL2( 01-JUN-2015 )
GA,Goa,4,JANAKPURI - DL4( 24-JUL-2015 )
GA,Goa,207,JHULJHULI FITNESS CENTER - DL207( 19-JUN-2017 )
GA,Goa,205,KAIR CLUSTER BUS FITNESS CENTER - DL205( 18-JAN-2017 )
GA,Goa,206,KUSHAKNALA CLUSTER BUS FITNESS CENTER - DL206( 18-JAN-2017 )
GA,Goa,201,LADO SARAI FITNESS CENTER - DL201( 18-JAN-2017 )
GA,Goa,5,LONI ROAD - DL5( 09-SEP-2015 )
GA,Goa,1,MALL ROAD - DL1( 12-OCT-2015 )
GA,Goa,7,MAYUR VIHAR - DL7( 29-JUN-2015 )
GA,Goa,204,RAJA GARDEN FITNESS CENTER - DL204( 18-JAN-2017 )
GA,Goa,10,RAJOURI GARDEN - DL10( 12-AUG-2015 )
GA,Goa,51,RAJPUR ROAD/VIU BURARI - DL51( 08-APR-2016 )
GA,Goa,11,ROHINI - DL11( 14-AUG-2015 )
GA,Goa,6,SARAI KALE KHAN - DL6( 10-SEP-2015 )
GA,Goa,202,SHAKUR BASTI FITNESS CENTER - DL202( 18-JAN-2017 )
GA,Goa,3,SOUTH DELHI - DL3( 15-SEP-2015 )
GA,Goa,13,SURAJMAL VIHAR - DL13( 26-JUN-2015 )
GA,Goa,12,VASANT VIHAR - DL12( 01-JUN-2015 )
GA,Goa,203,VISHWAS NAGAR FITNESS CENTER - DL203( 18-JAN-2017 )
GA,Goa,8,WAZIRPUR - DL8( 17-SEP-2015 )
GJ,Gujarat,107,ASSISTANT DIRECTOR OF TRANSPORT ENF. (NORTH) PANAJI - GA107( 25-JAN-2021 )
GJ,Gujarat,108,ASSISTANT DIRECTOR OF TRANSPORT ENF. (SOUTH) MARGAO - GA108( 08-MAR-2021 )
GJ,Gujarat,4,BICHOLIM RTO - GA4( 04-SEP-2017 )
GJ,Gujarat,10,CANACONA RTO - GA10( 04-OCT-2017 )
GJ,Gujarat,12,DHARBANDORA RTO - GA12( 18-SEP-2017 )
GJ,Gujarat,3,MAPUSA RTO - GA3( 18-SEP-2017 )
GJ,Gujarat,8,MARGAO RTO - GA8( 04-OCT-2017 )
GJ,Gujarat,7,PANAJI RTO - GA7( 03-JUL-2017 )
GJ,Gujarat,11,PERNEM RTO - GA11( 04-SEP-2017 )
GJ,Gujarat,5,PONDA RTO - GA5( 11-SEP-2017 )
GJ,Gujarat,9,QUEPEM RTO - GA9( 18-SEP-2017 )
GJ,Gujarat,999,"STATE TRANSPORT AUTHORITY, GOA - GA999( 01-JUN-2021 )"
GJ,Gujarat,6,VASCO RTO - GA6( 11-SEP-2017 )
HP,Himachal Pradesh,113,HRTC BAIJNATH - HP113( 18-DEC-2017 )
HP,Himachal Pradesh,105,HRTC BILASPUR - HP105( 18-DEC-2017 )
HP,Himachal Pradesh,115,HRTC CHAMBA - HP115( 18-DEC-2017 )
HP,Himachal Pradesh,114,HRTC DEHRA - HP114( 11-DEC-2017 )
HP,Himachal Pradesh,111,HRTC DHARAMSHALA - HP111( 20-NOV-2017 )
HP,Himachal Pradesh,119,HRTC HAMIRPUR - HP119( 11-DEC-2017 )
HP,Himachal Pradesh,107,HRTC JASSUR - HP107( 18-DEC-2017 )
HP,Himachal Pradesh,104,HRTC KULLU - HP104( 18-DEC-2017 )
HP,Himachal Pradesh,106,HRTC MANDI - HP106( 18-DEC-2017 )
HP,Himachal Pradesh,110,HRTC NAHAN - HP110( 18-DEC-2017 )
HP,Himachal Pradesh,109,HRTC NALAGARH - HP109( 11-DEC-2017 )
HP,Himachal Pradesh,112,HRTC PALAMPUR - HP112( 18-DEC-2017 )
HP,Himachal Pradesh,122,HRTC RAMPUR - HP122( 18-DEC-2017 )
HP,Himachal Pradesh,116,HRTC SARKAGHAT - HP116( 18-DEC-2017 )
HP,Himachal Pradesh,121,HRTC SHIMLA(RURAL) - HP121( 18-DEC-2017 )
HP,Himachal Pradesh,117,HRTC SUNDERNAGAR - HP117( 18-DEC-2017 )
HP,Himachal Pradesh,103,HRTC TARADEVI - HP103( 18-DEC-2017 )
HP,Himachal Pradesh,108,HRTC UNA - HP108( 11-DEC-2017 )
HP,Himachal Pradesh,19,RLA AMB - HP19( 07-JUL-2017 )
HP,Himachal Pradesh,35,RLA ANI - HP35( 15-JUL-2017 )
HP,Himachal Pradesh,11,RLA ARKI - HP11( 07-JUL-2017 )
HP,Himachal Pradesh,127,RLA BADDI - HP127( 26-OCT-2024 )
HP,Himachal Pradesh,53,RLA BAIJNATH - HP53( 30-JUN-2017 )
HP,Himachal Pradesh,82,RLA BALH - HP82( 19-JUL-2017 )
HP,Himachal Pradesh,123,RLA BALICHOWKI - HP123( 25-JUN-2022 )
HP,Himachal Pradesh,78,RLA BANGANA - HP78( 22-JUL-2017 )
HP,Himachal Pradesh,49,RLA BANJAR - HP49( 15-JUL-2017 )
HP,Himachal Pradesh,21,RLA BARSAR - HP21( 10-JUL-2017 )
HP,Himachal Pradesh,46,RLA BHARMOUR - HP46( 12-JUL-2017 )
HP,Himachal Pradesh,74,RLA BHORANJ - HP74( 10-JUL-2017 )
HP,Himachal Pradesh,24,RLA BILASPUR - HP24( 12-JUN-2017 )
HP,Himachal Pradesh,48,RLA CHAMBA - HP48( 12-JUN-2017 )
HP,Himachal Pradesh,8,RLA CHOPAL - HP8( 21-JUN-2017 )
HP,Himachal Pradesh,44,RLA CHURAH - HP44( 07-JUL-2017 )
HP,Himachal Pradesh,57,RLA CHUWARI - HP57( 07-JUL-2017 )
HP,Himachal Pradesh,47,RLA DALHOUSIE - HP47( 05-JUL-2017 )
HP,Himachal Pradesh,36,RLA DEHRA - HP36( 12-JUL-2017 )
HP,Himachal Pradesh,86,RLA DHARAMPUR - HP86( 19-JUL-2017 )
HP,Himachal Pradesh,39,RLA DHARAMSHALA - HP39( 22-MAY-2017 )
HP,Himachal Pradesh,96,RLA DHEERA - HP96( 05-MAR-2018 )
HP,Himachal Pradesh,77,RLA DODRA KAWAR - HP77( 21-JUN-2017 )
HP,Himachal Pradesh,88,RLA FATHEPUR - HP88( 26-DEC-2016 )
HP,Himachal Pradesh,101,RLA GAGRET - HP101( 19-NOV-2019 )
HP,Himachal Pradesh,23,RLA GHUMARVI - HP23( 05-JUL-2017 )
HP,Himachal Pradesh,32,RLA GOHAR - HP32( 15-JUL-2017 )
HP,Himachal Pradesh,22,RLA HAMIRPUR - HP22( 12-JUN-2017 )
HP,Himachal Pradesh,80,RLA HAROLI - HP80( 15-JUL-2017 )
HP,Himachal Pradesh,97,RLA INDORA - HP97( 19-FEB-2018 )
HP,Himachal Pradesh,56,RLA JAISINGPUR - HP56( 30-JUN-2017 )
HP,Himachal Pradesh,83,RLA JAWALAJI - HP83( 19-JUL-2017 )
HP,Himachal Pradesh,54,RLA JAWALI - HP54( 15-JUL-2017 )
HP,Himachal Pradesh,89,RLA JHANDUTTA - HP89( 13-JUN-2017 )
HP,Himachal Pradesh,29,RLA JOGINDER NAGAR - HP29( 15-JUL-2017 )
HP,Himachal Pradesh,75,RLA JUBBAL - HP75( 10-FEB-2023 )
HP,Himachal Pradesh,125,RLA KAFFOTA - HP125( 25-NOV-2022 )
HP,Himachal Pradesh,25,RLA KALPA - HP25( 12-JUN-2017 )
HP,Himachal Pradesh,13,RLA KANDAGHAT - HP13( 19-JUL-2017 )
HP,Himachal Pradesh,40,RLA KANGRA - HP40( 01-JUL-2017 )
HP,Himachal Pradesh,30,RLA KARSOG - HP30( 15-JUL-2017 )
HP,Himachal Pradesh,98,RLA KASAULI - HP98( 25-JUN-2021 )
HP,Himachal Pradesh,41,RLA KAZA - HP41( 17-JUL-2017 )
HP,Himachal Pradesh,42,RLA KELANG - HP42( 12-JUN-2017 )
HP,Himachal Pradesh,99,RLA KOTKHAI - HP99( 10-FEB-2023 )
HP,Himachal Pradesh,102,RLA KOTLI - HP102( 12-MAR-2022 )
HP,Himachal Pradesh,34,RLA KULU - HP34( 12-JUN-2017 )
HP,Himachal Pradesh,95,RLA KUMARSAIN - HP95( 26-JUL-2017 )
HP,Himachal Pradesh,126,RLA KUPVI - HP126( 10-FEB-2023 )
HP,Himachal Pradesh,58,RLA MANALI - HP58( 05-JUL-2017 )
HP,Himachal Pradesh,33,RLA MANDI - HP33( 12-JUN-2017 )
HP,Himachal Pradesh,55,RLA NADAUN - HP55( 05-JUL-2017 )
HP,Himachal Pradesh,94,RLA NAGROTA BAGWAN - HP94( 29-SEP-2017 )
HP,Himachal Pradesh,18,RLA NAHAN - HP18( 12-JUN-2017 )
HP,Himachal Pradesh,12,RLA NALAGARH - HP12( 21-JUN-2017 )
HP,Himachal Pradesh,26,RLA NICHAR - HP26( 21-JUN-2017 )
HP,Himachal Pradesh,124,RLA NIRMAND - HP124( 05-SEP-2022 )
HP,Himachal Pradesh,38,RLA NURPUR - HP38( 12-JUL-2017 )
HP,Himachal Pradesh,100,RLA PACHHAD - HP100( 19-NOV-2019 )
HP,Himachal Pradesh,76,RLA PADDHAR - HP76( 05-JUL-2017 )
HP,Himachal Pradesh,37,RLA PALAMPUR - HP37( 01-JUL-2017 )
HP,Himachal Pradesh,45,RLA PANGI - HP45( 22-JUL-2017 )
HP,Himachal Pradesh,17,RLA PAONTA SAHIB - HP17( 05-JUL-2017 )
HP,Himachal Pradesh,15,RLA PARWANOO - HP15( 22-JUL-2017 )
HP,Himachal Pradesh,27,RLA POOH - HP27( 21-JUN-2017 )
HP,Himachal Pradesh,16,RLA RAJGARH - HP16( 10-JUL-2017 )
HP,Himachal Pradesh,6,RLA RAMPUR BUSHAR - HP6( 21-JUN-2017 )
HP,Himachal Pradesh,10,RLA ROHRU - HP10( 21-JUN-2017 )
HP,Himachal Pradesh,81,RLA SALOONI - HP81( 20-JUN-2017 )
HP,Himachal Pradesh,79,RLA SANGRAH - HP79( 10-JUL-2017 )
HP,Himachal Pradesh,28,RLA SARKAGHAT - HP28( 15-JUL-2017 )
HP,Himachal Pradesh,90,RLA SHAHPUR - HP90( 15-MAR-2017 )
HP,Himachal Pradesh,85,RLA SHILLAI - HP85( 10-JUL-2017 )
HP,Himachal Pradesh,3,RLA SHIMLA HP-03/HP-07(URBAN) - HP3( 22-MAY-2017 )
HP,Himachal Pradesh,51,RLA SHIMLA(RURAL) - HP51( 12-JUN-2017 )
HP,Himachal Pradesh,91,RLA SHRI NAINA DEVI JI SWARGHAT - HP91( 28-JUL-2017 )
HP,Himachal Pradesh,14,RLA SOLAN - HP14( 12-JUN-2017 )
HP,Himachal Pradesh,84,RLA SUJANPUR - HP84( 10-JUL-2017 )
HP,Himachal Pradesh,31,RLA SUNDARNAGAR - HP31( 15-JUL-2017 )
HP,Himachal Pradesh,9,RLA THEOG - HP9( 21-JUN-2017 )
HP,Himachal Pradesh,87,RLA THUNAG - HP87( 02-MAY-2017 )
HP,Himachal Pradesh,43,RLA UDAIPUR - HP43( 05-JUL-2017 )
HP,Himachal Pradesh,20,RLA UNA - HP20( 12-JUN-2017 )
HP,Himachal Pradesh,93,RTO BADDI(NALAGARH) - HP93( 05-JUN-2017 )
HP,Himachal Pradesh,69,RTO BILASPUR - HP69( 11-OCT-2017 )
HP,Himachal Pradesh,73,RTO CHAMBA - HP73( 13-OCT-2017 )
HP,Himachal Pradesh,68,RTO DHARAMSHALA - HP68( 29-SEP-2017 )
HP,Himachal Pradesh,67,RTO HAMIRPUR - HP67( 06-OCT-2017 )
HP,Himachal Pradesh,66,RTO KULLU - HP66( 20-SEP-2017 )
HP,Himachal Pradesh,65,RTO MANDI - HP65( 22-SEP-2017 )
HP,Himachal Pradesh,71,RTO NAHAN - HP71( 18-OCT-2017 )
HP,Himachal Pradesh,92,RTO RAMPUR - HP92( 30-MAY-2017 )
HP,Himachal Pradesh,63,RTO SHIMLA - HP63( 14-AUG-2017 )
HP,Himachal Pradesh,64,RTO SOLAN - HP64( 27-SEP-2017 )
HP,Himachal Pradesh,72,RTO UNA - HP72( 25-OCT-2017 )
HP,Himachal Pradesh,62,STA SHIMLA - HP62( 21-JUN-2017 )
HR,Haryana,113,HRTC BAIJNATH - HP113( 18-DEC-2017 )
HR,Haryana,105,HRTC BILASPUR - HP105( 18-DEC-2017 )
HR,Haryana,115,HRTC CHAMBA - HP115( 18-DEC-2017 )
HR,Haryana,114,HRTC DEHRA - HP114( 11-DEC-2017 )
HR,Haryana,111,HRTC DHARAMSHALA - HP111( 20-NOV-2017 )
HR,Haryana,119,HRTC HAMIRPUR - HP119( 11-DEC-2017 )
HR,Haryana,107,HRTC JASSUR - HP107( 18-DEC-2017 )
HR,Haryana,104,HRTC KULLU - HP104( 18-DEC-2017 )
HR,Haryana,106,HRTC MANDI - HP106( 18-DEC-2017 )
HR,Haryana,110,HRTC NAHAN - HP110( 18-DEC-2017 )
HR,Haryana,109,HRTC NALAGARH - HP109( 11-DEC-2017 )
HR,Haryana,112,HRTC PALAMPUR - HP112( 18-DEC-2017 )
HR,Haryana,122,HRTC RAMPUR - HP122( 18-DEC-2017 )
HR,Haryana,116,HRTC SARKAGHAT - HP116( 18-DEC-2017 )
HR,Haryana,121,HRTC SHIMLA(RURAL) - HP121( 18-DEC-2017 )
HR,Haryana,117,HRTC SUNDERNAGAR - HP117( 18-DEC-2017 )
HR,Haryana,103,HRTC TARADEVI - HP103( 18-DEC-2017 )
HR,Haryana,108,HRTC UNA - HP108( 11-DEC-2017 )
HR,Haryana,19,RLA AMB - HP19( 07-JUL-2017 )
HR,Haryana,35,RLA ANI - HP35( 15-JUL-2017 )
HR,Haryana,11,RLA ARKI - HP11( 07-JUL-2017 )
HR,Haryana,127,RLA BADDI - HP127( 26-OCT-2024 )
HR,Haryana,53,RLA BAIJNATH - HP53( 30-JUN-2017 )
HR,Haryana,82,RLA BALH - HP82( 19-JUL-2017 )
HR,Haryana,123,RLA BALICHOWKI - HP123( 25-JUN-2022 )
HR,Haryana,78,RLA BANGANA - HP78( 22-JUL-2017 )
HR,Haryana,49,RLA BANJAR - HP49( 15-JUL-2017 )
HR,Haryana,21,RLA BARSAR - HP21( 10-JUL-2017 )
HR,Haryana,46,RLA BHARMOUR - HP46( 12-JUL-2017 )
HR,Haryana,74,RLA BHORANJ - HP74( 10-JUL-2017 )
HR,Haryana,24,RLA BILASPUR - HP24( 12-JUN-2017 )
HR,Haryana,48,RLA CHAMBA - HP48( 12-JUN-2017 )
HR,Haryana,8,RLA CHOPAL - HP8( 21-JUN-2017 )
HR,Haryana,44,RLA CHURAH - HP44( 07-JUL-2017 )
HR,Haryana,57,RLA CHUWARI - HP57( 07-JUL-2017 )
HR,Haryana,47,RLA DALHOUSIE - HP47( 05-JUL-2017 )
HR,Haryana,36,RLA DEHRA - HP36( 12-JUL-2017 )
HR,Haryana,86,RLA DHARAMPUR - HP86( 19-JUL-2017 )
HR,Haryana,39,RLA DHARAMSHALA - HP39( 22-MAY-2017 )
HR,Haryana,96,RLA DHEERA - HP96( 05-MAR-2018 )
HR,Haryana,77,RLA DODRA KAWAR - HP77( 21-JUN-2017 )
HR,Haryana,88,RLA FATHEPUR - HP88( 26-DEC-2016 )
HR,Haryana,101,RLA GAGRET - HP101( 19-NOV-2019 )
HR,Haryana,23,RLA GHUMARVI - HP23( 05-JUL-2017 )
HR,Haryana,32,RLA GOHAR - HP32( 15-JUL-2017 )
HR,Haryana,22,RLA HAMIRPUR - HP22( 12-JUN-2017 )
HR,Haryana,80,RLA HAROLI - HP80( 15-JUL-2017 )
HR,Haryana,97,RLA INDORA - HP97( 19-FEB-2018 )
HR,Haryana,56,RLA JAISINGPUR - HP56( 30-JUN-2017 )
HR,Haryana,83,RLA JAWALAJI - HP83( 19-JUL-2017 )
HR,Haryana,54,RLA JAWALI - HP54( 15-JUL-2017 )
HR,Haryana,89,RLA JHANDUTTA - HP89( 13-JUN-2017 )
HR,Haryana,29,RLA JOGINDER NAGAR - HP29( 15-JUL-2017 )
HR,Haryana,75,RLA JUBBAL - HP75( 10-FEB-2023 )
HR,Haryana,125,RLA KAFFOTA - HP125( 25-NOV-2022 )
HR,Haryana,25,RLA KALPA - HP25( 12-JUN-2017 )
HR,Haryana,13,RLA KANDAGHAT - HP13( 19-JUL-2017 )
HR,Haryana,40,RLA KANGRA - HP40( 01-JUL-2017 )
HR,Haryana,30,RLA KARSOG - HP30( 15-JUL-2017 )
HR,Haryana,98,RLA KASAULI - HP98( 25-JUN-2021 )
HR,Haryana,41,RLA KAZA - HP41( 17-JUL-2017 )
HR,Haryana,42,RLA KELANG - HP42( 12-JUN-2017 )
HR,Haryana,99,RLA KOTKHAI - HP99( 10-FEB-2023 )
HR,Haryana,102,RLA KOTLI - HP102( 12-MAR-2022 )
HR,Haryana,34,RLA KULU - HP34( 12-JUN-2017 )
HR,Haryana,95,RLA KUMARSAIN - HP95( 26-JUL-2017 )
HR,Haryana,126,RLA KUPVI - HP126( 10-FEB-2023 )
HR,Haryana,58,RLA MANALI - HP58( 05-JUL-2017 )
HR,Haryana,33,RLA MANDI - HP33( 12-JUN-2017 )
HR,Haryana,55,RLA NADAUN - HP55( 05-JUL-2017 )
HR,Haryana,94,RLA NAGROTA BAGWAN - HP94( 29-SEP-2017 )
HR,Haryana,18,RLA NAHAN - HP18( 12-JUN-2017 )
HR,Haryana,12,RLA NALAGARH - HP12( 21-JUN-2017 )
HR,Haryana,26,RLA NICHAR - HP26( 21-JUN-2017 )
HR,Haryana,124,RLA NIRMAND - HP124( 05-SEP-2022 )
HR,Haryana,38,RLA NURPUR - HP38( 12-JUL-2017 )
HR,Haryana,100,RLA PACHHAD - HP100( 19-NOV-2019 )
HR,Haryana,76,RLA PADDHAR - HP76( 05-JUL-2017 )
HR,Haryana,37,RLA PALAMPUR - HP37( 01-JUL-2017 )
HR,Haryana,45,RLA PANGI - HP45( 22-JUL-2017 )
HR,Haryana,17,RLA PAONTA SAHIB - HP17( 05-JUL-2017 )
HR,Haryana,15,RLA PARWANOO - HP15( 22-JUL-2017 )
HR,Haryana,27,RLA POOH - HP27( 21-JUN-2017 )
HR,Haryana,16,RLA RAJGARH - HP16( 10-JUL-2017 )
HR,Haryana,6,RLA RAMPUR BUSHAR - HP6( 21-JUN-2017 )
HR,Haryana,10,RLA ROHRU - HP10( 21-JUN-2017 )
HR,Haryana,81,RLA SALOONI - HP81( 20-JUN-2017 )
HR,Haryana,79,RLA SANGRAH - HP79( 10-JUL-2017 )
HR,Haryana,28,RLA SARKAGHAT - HP28( 15-JUL-2017 )
HR,Haryana,90,RLA SHAHPUR - HP90( 15-MAR-2017 )
HR,Haryana,85,RLA SHILLAI - HP85( 10-JUL-2017 )
HR,Haryana,3,RLA SHIMLA HP-03/HP-07(URBAN) - HP3( 22-MAY-2017 )
HR,Haryana,51,RLA SHIMLA(RURAL) - HP51( 12-JUN-2017 )
HR,Haryana,91,RLA SHRI NAINA DEVI JI SWARGHAT - HP91( 28-JUL-2017 )
HR,Haryana,14,RLA SOLAN - HP14( 12-JUN-2017 )
HR,Haryana,84,RLA SUJANPUR - HP84( 10-JUL-2017 )
HR,Haryana,31,RLA SUNDARNAGAR - HP31( 15-JUL-2017 )
HR,Haryana,9,RLA THEOG - HP9( 21-JUN-2017 )
HR,Haryana,87,RLA THUNAG - HP87( 02-MAY-2017 )
HR,Haryana,43,RLA UDAIPUR - HP43( 05-JUL-2017 )
HR,Haryana,20,RLA UNA - HP20( 12-JUN-2017 )
HR,Haryana,93,RTO BADDI(NALAGARH) - HP93( 05-JUN-2017 )
HR,Haryana,69,RTO BILASPUR - HP69( 11-OCT-2017 )
HR,Haryana,73,RTO CHAMBA - HP73( 13-OCT-2017 )
HR,Haryana,68,RTO DHARAMSHALA - HP68( 29-SEP-2017 )
HR,Haryana,67,RTO HAMIRPUR - HP67( 06-OCT-2017 )
HR,Haryana,66,RTO KULLU - HP66( 20-SEP-2017 )
HR,Haryana,65,RTO MANDI - HP65( 22-SEP-2017 )
HR,Haryana,71,RTO NAHAN - HP71( 18-OCT-2017 )
HR,Haryana,92,RTO RAMPUR - HP92( 30-MAY-2017 )
HR,Haryana,63,RTO SHIMLA - HP63( 14-AUG-2017 )
HR,Haryana,64,RTO SOLAN - HP64( 27-SEP-2017 )
HR,Haryana,72,RTO UNA - HP72( 25-OCT-2017 )
HR,Haryana,62,STA SHIMLA - HP62( 21-JUN-2017 )
JH,Jharkhand,1,AMBALA CITY - HR1( 27-APR-2017 )
JH,Jharkhand,40,ASSANDH - HR40( 16-JUN-2017 )
JH,Jharkhand,13,BAHADURGARH - HR13( 03-MAY-2017 )
JH,Jharkhand,29,BALLABGARH - HR29( 18-JUL-2017 )
JH,Jharkhand,54,BARARA - HR54( 25-APR-2017 )
JH,Jharkhand,81,BAWAL - HR81( 19-JUL-2017 )
JH,Jharkhand,16,BHIWANI - HR16( 30-MAY-2017 )
JH,Jharkhand,19,CHARKHI DADRI - HR19( 05-JUL-2017 )
JH,Jharkhand,105,CHHACHHRAULI - null105( 08-OCT-2025 )
JH,Jharkhand,25,DABWALI - HR25( 03-JUL-2017 )
JH,Jharkhand,44,ELLNABAD - HR44( 03-JUL-2017 )
JH,Jharkhand,51,FARIDABAD - HR51( 12-JUN-2017 )
JH,Jharkhand,22,FATEHABAD - HR22( 27-JUN-2017 )
JH,Jharkhand,28,FEROZEPUR ZIRKHA - HR28( 01-MAY-2017 )
JH,Jharkhand,42,GANAUR - HR42( 29-JUN-2017 )
JH,Jharkhand,11,GOHANA - HR11( 07-JUL-2017 )
JH,Jharkhand,9,GULHA - HR9( 25-JUL-2017 )
JH,Jharkhand,72,GURUGRAM SOUTH - HR72( 03-JUL-2017 )
JH,Jharkhand,21,HANSI - HR21( 03-JUL-2017 )
JH,Jharkhand,70,HARYANA HEAD OFFICE CHD - HR70( 01-JAN-2018 )
JH,Jharkhand,52,HATHIN - HR52( 21-JUL-2017 )
JH,Jharkhand,20,HISAR - HR20( 18-MAY-2017 )
JH,Jharkhand,50,HODEL - HR50( 19-JUL-2017 )
JH,Jharkhand,100,ISRANA - null100( 08-OCT-2025 )
JH,Jharkhand,2,JAGADHARI - HR2( 06-JUN-2017 )
JH,Jharkhand,14,JHAJHAR - HR14( 25-MAY-2017 )
JH,Jharkhand,31,JIND - HR31( 19-MAY-2017 )
JH,Jharkhand,103,JULANA - null103( 08-OCT-2025 )
JH,Jharkhand,8,KAITHAL - HR8( 04-JUL-2017 )
JH,Jharkhand,83,KALAYAT - HR83( 27-JUL-2017 )
JH,Jharkhand,82,KANINA - HR82( 12-JUL-2017 )
JH,Jharkhand,5,KARNAL - HR5( 05-JUN-2017 )
JH,Jharkhand,43,KOSLI - HR43( 27-JUL-2017 )
JH,Jharkhand,97,LADWA - HR97( 05-APR-2018 )
JH,Jharkhand,18,LOHARU - HR18( 20-JUL-2017 )
JH,Jharkhand,34,MAHENDERGARH - HR34( 29-JUN-2017 )
JH,Jharkhand,101,MANESAR - null101( 08-OCT-2025 )
JH,Jharkhand,15,MEHAM - HR15( 01-MAY-2017 )
JH,Jharkhand,204,"M.G. MOTORS, 12KM MILE STONE(F.C) - HR204( 27-AUG-2021 )"
JH,Jharkhand,238,M/S ABC MOTORS DHANGARH FATEHABAD(F.C) - HR238( 25-OCT-2021 )
JH,Jharkhand,271,M/S AMBA MOTORS - HR271( 21-JAN-2022 )
JH,Jharkhand,270,M/S COMPETENT AUTOMOBILES COMPANY LTD - HR270( 21-JAN-2022 )
JH,Jharkhand,266,M/S CSG AUTOMOBILES(F.C) - HR266( 03-DEC-2021 )
JH,Jharkhand,206,"M/S DAISY MOTORS PVT LTD, 12KM STONE(F.C) - HR206( 27-AUG-2021 )"
JH,Jharkhand,261,M/S DAISY MOTORS PVT LTD(F.C) - HR261( 22-NOV-2021 )
JH,Jharkhand,259,M/S DAISY MOTORS PVT LTD(F.C) - HR259( 22-NOV-2021 )
JH,Jharkhand,251,M/S DAKSH MARKETING(F.C) - HR251( 15-NOV-2021 )
JH,Jharkhand,268,M/S DHINGRA TRUCKING PVT LTD - HR268( 21-JAN-2022 )
JH,Jharkhand,263,M/S DINCO FOUR WHEELS LLP(F.C) - HR263( 22-NOV-2021 )
JH,Jharkhand,247,M/S EAKANSH MOTORS PVT LTD(F.C) - HR247( 29-OCT-2021 )
JH,Jharkhand,236,M/S EAKANSH WHEELS 126KM STONE JAGDHARI ROAD(F.C) - HR236( 29-SEP-2021 )
JH,Jharkhand,253,M/S GARG MOTORS(F.C) - HR253( 15-NOV-2021 )
JH,Jharkhand,213,M/S GLOBAL AUTMOBOLINES SCO 25-26 GROUND FLOOR(F.C) - HR213( 22-SEP-2021 )
JH,Jharkhand,203,"M/S GLOBAL AUTOMART PVT LTD, 82 KM STONE(F.C) - HR203( 27-AUG-2021 )"
JH,Jharkhand,256,M/S G.N.G AUTO AIDS PVT.LTD(F.C) - HR256( 15-NOV-2021 )
JH,Jharkhand,260,M/S HARCHAND MOTORS(F.C) - HR260( 22-NOV-2021 )
JH,Jharkhand,276,M/S HARYANA MOTOR(F.C) - HR276( 22-FEB-2022 )
JH,Jharkhand,257,M/S HIMGIRI AUTOMOBILES PVT.LTD(F.C) - HR257( 15-NOV-2021 )
JH,Jharkhand,246,M/S HIND MOTORS(F.C) - HR246( 29-OCT-2021 )
JH,Jharkhand,215,M/S HISAR AUTOMOBILES 5TH KM STONE SIRSA ROAD(F.C) - HR215( 24-SEP-2021 )
JH,Jharkhand,212,M/S H.S MOTORS SANOLI ROAD(F.C) - HR212( 15-SEP-2021 )
JH,Jharkhand,218,M/S JAGMOHAN AUTOMOBILES PVT LTD(F.C) - HR218( 24-SEP-2021 )
JH,Jharkhand,208,M/S JOHAR AUTOMOBILES FARIDABAD(F.C) - HR208( 27-AUG-2021 )
JH,Jharkhand,275,M/S KARAN AUTOMOTIVE(F.C) - HR275( 17-FEB-2022 )
JH,Jharkhand,210,M/S KARNAL MOTORS PVT 71/3 MILE STONE(F.C) - HR210( 17-SEP-2021 )
JH,Jharkhand,209,"M/S KARNAL MOTORS PVT LTD,PLOT NO-156-157(F.C) - HR209( 17-SEP-2021 )"
JH,Jharkhand,221,M/S KBS MOTORS PVT LTD OLD COURT ROAD JAGADHARI(F.C) - HR221( 24-SEP-2021 )
JH,Jharkhand,216,M/S KBS MOTORS PVT LTD VILL-TEPLA AMBALA(F.C) - HR216( 27-SEP-2021 )
JH,Jharkhand,249,M/S KHANNA CAR PLAZA PVT LTD(F.C) - HR249( 29-OCT-2021 )
JH,Jharkhand,250,M/S LEKHRAJ AUTO PLAZA PVT LTD(F.C) - HR250( 15-NOV-2021 )
JH,Jharkhand,223,"M/S MAHABALAJI AUTO SERVICE PVT LTD, 1/158, KM STONE(F.C) - HR223( 24-SEP-2021 )"
JH,Jharkhand,240,M/S MANGALAM MOTORS BAHADURGARH DISTT JHAJJAR(F.C) - HR240( 28-SEP-2021 )
JH,Jharkhand,277,M/S MANGLA MOTORS(F.C) - HR277( 25-APR-2022 )
JH,Jharkhand,219,"M/S METRO MOTORS PVT LTD, 106, RAILWAY ROAD(F.C) - HR219( 24-SEP-2021 )"
JH,Jharkhand,217,"M/S METRO MOTORS PVT LTD, 76/1 MILE STONE(F.C) - HR217( 24-SEP-2021 )"
JH,Jharkhand,269,M/S M.G. MOTORS - HR269( 21-JAN-2022 )
JH,Jharkhand,227,M/S MG MOTORS NEAR TOLL PLAZA NARANGPUR ROHTAK ROAD BHIWANI(F.C) - HR227( 27-SEP-2021 )
JH,Jharkhand,205,"M/S MOHAN FOURWHEEL PVT LTD, 13 KM STONE(F.C) - HR205( 27-AUG-2021 )"
JH,Jharkhand,235,M/S M/S SATGURU MOTORS NH-52(F.C) - HR235( 24-SEP-2021 )
JH,Jharkhand,239,M/S PALTINUM MOTOCOPR MANESAR GURUGRAM(F.C) - HR239( 28-SEP-2021 )
JH,Jharkhand,258,M/S PALUCK TECHNOLOGIES PVT.LTD(F.C) - HR258( 15-NOV-2021 )
JH,Jharkhand,225,M/S PANDIT AUTOMOBILES PVT LTD GOBINDPURA BYE PASS ROAD JAGADHARI YAMUNANAGAR(F.C) - HR225( 28-SEP-2021 )
JH,Jharkhand,211,"M/S PARAS TRUCKS, 11KM STONE DELHI BYE PASS ROAD(F.C) - HR211( 17-SEP-2021 )"
JH,Jharkhand,232,M/S PASCO AUTOMOBILES - HR232( 28-SEP-2021 )
JH,Jharkhand,214,M/S PASCO AUTOMOBILES - HR214( 24-SEP-2021 )
JH,Jharkhand,233,M/S PASCO AUTOMOBILES - HR233( 28-SEP-2021 )
JH,Jharkhand,230,M/S PASCO AUTOMOBILES 34/3 DINESH JAIN COMPLEX(F.C) - HR230( 28-SEP-2021 )
JH,Jharkhand,228,"M/S PASCO AUTOMOBILES, 6 INDUSTRIAL ESTATE PALAM GURUGRAM(F.C) - HR228( 28-SEP-2021 )"
JH,Jharkhand,252,M/S PASCO MOTORS(F.C) - HR252( 15-NOV-2021 )
JH,Jharkhand,224,M/S PASCO MOTORS LLP 30MILES STONE(F.C) - HR224( 24-SEP-2021 )
JH,Jharkhand,207,"M/S PASCO MOTORS LLP, 40 MILE STONE(F.C) - HR207( 27-AUG-2021 )"
JH,Jharkhand,202,M/S PASCO MOTORS LLP SHOP NO. G35(F.C) - HR202( 27-AUG-2021 )
JH,Jharkhand,234,M/S PREM MOTORS PVT LTD DIVIDING ROAD(F.C) - HR234( 27-SEP-2021 )
JH,Jharkhand,231,M/S PREM MOTORS PVT LTD PLOT 3 IDC(F.C) - HR231( 28-SEP-2021 )
JH,Jharkhand,279,M/S RAMA MOTORS(F.C) - HR279( 24-MAY-2022 )
JH,Jharkhand,241,M/S RANA MOTORS PVT LTD MEHARAULI ROAD GURUGRAM(F.C) - HR241( 28-SEP-2021 )
JH,Jharkhand,229,M/S R.K.H AUTOMOBILES PVT LTD(F.C) - HR229( 24-SEP-2021 )
JH,Jharkhand,243,M/S RUDRA MOTORS NARWANA DISTT JIND(F.C) - HR243( 28-SEP-2021 )
JH,Jharkhand,245,M/S SAHIL MOTORS(F.C) - HR245( 29-OCT-2021 )
JH,Jharkhand,280,M/S Sanjay Automotive LLP Old Delhi Road(F.C) - HR280( 24-MAY-2022 )
JH,Jharkhand,254,M/S SHAKTI MOTORS PVT LTD(F.C) - HR254( 15-NOV-2021 )
JH,Jharkhand,248,M/S SHIVA MOTORS(F.C) - HR248( 29-OCT-2021 )
JH,Jharkhand,264,M/S SHREE KRISHANA MOTORS(F.C) - HR264( 22-NOV-2021 )
JH,Jharkhand,201,"M/S SHREE MOTORS PVT LTD, DEHCORA ROAD(F.C) - HR201( 27-AUG-2021 )"
JH,Jharkhand,255,M/S SHREE SALASAR MOTORS(F.C) - HR255( 15-NOV-2021 )
JH,Jharkhand,278,M/S SISOTHYA AUTOMOBILES DELHI JAIPUR HIGHWAY(F.C) - HR278( 25-APR-2022 )
JH,Jharkhand,244,M/S STAR AUTOMOBILE(F.C) - HR244( 29-OCT-2021 )
JH,Jharkhand,267,M/S SUPREME MOBILES PVT LTD(F.C) - HR267( 14-DEC-2021 )
JH,Jharkhand,262,M/S SUPREME MOBILES PVT LTD(F.C) - HR262( 22-NOV-2021 )
JH,Jharkhand,237,M/S TAYAL MOTORS PVT LTD MATHURA ROAD FARIDABAD(F.C) - HR237( 28-SEP-2021 )
JH,Jharkhand,273,M/S TCS AUTOWORLD - HR273( 21-JAN-2022 )
JH,Jharkhand,265,M/S THADESHRI Motors(F.C) - HR265( 03-DEC-2021 )
JH,Jharkhand,220,M/S TIRUPATI MOTORS REWARI-DELHI ROAD VILL-JONAWAS(F.C) - HR220( 24-SEP-2021 )
JH,Jharkhand,242,M/S UNIQUE MOTORS PVT LTD OPP-BHANU INDUSTRIES HISAR(F.C) - HR242( 28-SEP-2021 )
JH,Jharkhand,222,M/S UNITED MOTORS MIRZAPUR ROAD NEAR MIRZAPUR CHOWK(F.C) - HR222( 24-SEP-2021 )
JH,Jharkhand,272,M/S VIPIN MOTORS - HR272( 21-JAN-2022 )
JH,Jharkhand,274,M/S VMT MOTORS - HR274( 21-JAN-2022 )
JH,Jharkhand,226,"M/S YASHODHA TRANSWHEELS LLP, 78 MILE STONE VILLAGE KARHANS(F.C) - HR226( 27-SEP-2021 )"
JH,Jharkhand,102,NAGAL CHAUDHARY - null102( 05-DEC-2025 )
JH,Jharkhand,4,NARAINGARH - HR4( 15-MAR-2017 )
JH,Jharkhand,35,NARNAUL - HR35( 30-JUN-2017 )
JH,Jharkhand,32,NARWANA - HR32( 20-MAY-2017 )
JH,Jharkhand,104,NILOKHERI - null104( 08-OCT-2025 )
JH,Jharkhand,27,NUH - HR27( 29-MAY-2017 )
JH,Jharkhand,30,PALWAL - HR30( 17-JUL-2017 )
JH,Jharkhand,3,PANCHKULA - HR3( 22-FEB-2017 )
JH,Jharkhand,6,PANIPAT - HR6( 06-JUL-2017 )
JH,Jharkhand,76,PATAUDI - HR76( 03-JUL-2017 )
JH,Jharkhand,41,PEHOWA - HR41( 04-AUG-2017 )
JH,Jharkhand,99,"RA(MV),PANCHKULA - HR99( 15-JAN-2021 )"
JH,Jharkhand,59,RATIA - HR59( 28-JUN-2017 )
JH,Jharkhand,36,REWARI - HR36( 13-JUN-2017 )
JH,Jharkhand,96,RLA TAURU - HR96( 20-DEC-2017 )
JH,Jharkhand,12,ROHTAK - HR12( 01-MAY-2017 )
JH,Jharkhand,37,RTA AMBALA - HR37( 01-APR-2017 )
JH,Jharkhand,61,"RTA, BHIWANI - HR61( 01-APR-2017 )"
JH,Jharkhand,84,RTA CHARKI DADRI - HR84( 01-APR-2017 )
JH,Jharkhand,38,"RTA, FARIDABAD - HR38( 01-APR-2017 )"
JH,Jharkhand,62,"RTA, FATEHABAD - HR62( 01-APR-2017 )"
JH,Jharkhand,55,"RTA, GURGAON - HR55( 01-APR-2017 )"
JH,Jharkhand,39,"RTA, HISAR - HR39( 01-APR-2017 )"
JH,Jharkhand,63,"RTA, JHAJJAR AT BAHADURGARH - HR63( 01-APR-2017 )"
JH,Jharkhand,56,"RTA, JIND - HR56( 01-APR-2017 )"
JH,Jharkhand,64,"RTA, KAITHAL - HR64( 01-APR-2017 )"
JH,Jharkhand,45,"RTA, KARNAL - HR45( 01-APR-2017 )"
JH,Jharkhand,65,"RTA, KURUKSHETRA - HR65( 01-APR-2017 )"
JH,Jharkhand,66,"RTA, MOHINDERGARH - HR66( 01-APR-2017 )"
JH,Jharkhand,74,"RTA, NUH - HR74( 01-APR-2017 )"
JH,Jharkhand,73,"RTA, PALWAL - HR73( 01-APR-2017 )"
JH,Jharkhand,68,"RTA, PANCHKULA - HR68( 01-APR-2017 )"
JH,Jharkhand,67,"RTA, PANIPAT - HR67( 01-APR-2017 )"
JH,Jharkhand,47,"RTA, REWARI - HR47( 01-APR-2017 )"
JH,Jharkhand,46,"RTA, ROHTAK - HR46( 01-APR-2017 )"
JH,Jharkhand,57,"RTA, SIRSA - HR57( 01-APR-2017 )"
JH,Jharkhand,69,"RTA, SONEPAT - HR69( 01-APR-2017 )"
JH,Jharkhand,58,"RTA, YNR - HR58( 01-APR-2017 )"
JH,Jharkhand,33,SAFIDON - HR33( 19-MAY-2017 )
JH,Jharkhand,60,SAMALKHA - HR60( 06-JUL-2017 )
JH,Jharkhand,85,SDM AMBALA CANTONMENT - HR85( 10-MAR-2017 )
JH,Jharkhand,88,SDM BADHRA - HR88( 28-AUG-2017 )
JH,Jharkhand,87,SDM BADKHAL - HR87( 19-JUN-2017 )
JH,Jharkhand,89,SDM BADLI - HR89( 11-APR-2017 )
JH,Jharkhand,98,SDM BADSHAHPUR - HR98( 15-JUL-2020 )
JH,Jharkhand,80,SDM BARWALA - HR80( 23-JUN-2017 )
JH,Jharkhand,77,SDM BERI - HR77( 21-JUN-2017 )
JH,Jharkhand,71,SDM BILASPUR - HR71( 18-JUL-2017 )
JH,Jharkhand,91,SDM GHARAUNDA - HR91( 29-MAY-2017 )
JH,Jharkhand,26,SDM GURUGRAM - HR26( 27-JUN-2017 )
JH,Jharkhand,75,SDM INDIRI - HR75( 13-JUN-2017 )
JH,Jharkhand,94,SDM KALANWALI - HR94( 28-JUL-2017 )
JH,Jharkhand,79,SDM KHARKHONDA - HR79( 05-JUL-2017 )
JH,Jharkhand,86,SDM NARNAUND - HR86( 22-MAY-2017 )
JH,Jharkhand,49,SDM OFFICE KALKA - HR49( 26-MAY-2017 )
JH,Jharkhand,93,SDM PUNHANA - HR93( 03-MAY-2017 )
JH,Jharkhand,92,SDM RADAUR - HR92( 24-MAY-2017 )
JH,Jharkhand,95,SDM SAMPLA - HR95( 24-APR-2017 )
JH,Jharkhand,78,SDM SHAHABAD - HR78( 08-JUN-2017 )
JH,Jharkhand,90,SDM UCHANA - HR90( 07-APR-2017 )
JH,Jharkhand,24,SIRSA - HR24( 03-JUL-2017 )
JH,Jharkhand,17,SIWANI - HR17( 21-JUL-2017 )
JH,Jharkhand,10,SONEPAT - HR10( 05-JUL-2017 )
JH,Jharkhand,7,THANESAR - HR7( 22-JUN-2017 )
JH,Jharkhand,23,TOHANA - HR23( 07-JUN-2017 )
JH,Jharkhand,48,TOSHAM - HR48( 01-JUN-2017 )
JK,Jammu and Kashmir,201,"Authorised Testing Centre (TUV SUD), Ranchi - JH201( 24-AUG-2018 )"
JK,Jammu and Kashmir,202,"Authorized Fitness Centre(VAHAN),Dhanbad - JH202( 24-SEP-2019 )"
JK,Jammu and Kashmir,9,BOKARO - JH9( 24-JAN-2017 )
JK,Jammu and Kashmir,13,CHATRA - JH13( 19-JAN-2017 )
JK,Jammu and Kashmir,15,DEOGHAR - JH15( 19-JAN-2017 )
JK,Jammu and Kashmir,10,DHANBAD - JH10( 19-JAN-2017 )
JK,Jammu and Kashmir,4,DTO OFFICE DUMKA - JH4( 19-JAN-2017 )
JK,Jammu and Kashmir,5,EAST SINGHBHUM (JAMSHEDPUR) - JH5( 19-JAN-2017 )
JK,Jammu and Kashmir,14,GARHWA - JH14( 19-JAN-2017 )
JK,Jammu and Kashmir,11,GIRIDIH - JH11( 19-JAN-2017 )
JK,Jammu and Kashmir,17,GODDA - JH17( 19-JAN-2017 )
JK,Jammu and Kashmir,7,GUMLA - JH7( 29-JUN-2016 )
JK,Jammu and Kashmir,2,HAZARIBAG - JH2( 19-JAN-2017 )
JK,Jammu and Kashmir,21,JAMTARA - JH21( 19-JAN-2017 )
JK,Jammu and Kashmir,23,KHUNTI - JH23( 19-JAN-2017 )
JK,Jammu and Kashmir,12,KODERMA - JH12( 19-JAN-2017 )
JK,Jammu and Kashmir,19,LATEHAR - JH19( 19-JAN-2017 )
JK,Jammu and Kashmir,8,LOHARDAGA - JH8( 19-JAN-2017 )
JK,Jammu and Kashmir,203,"M/s Auto Fitness Centre,Ranchi - JH203( 13-NOV-2019 )"
JK,Jammu and Kashmir,205,"M/s Auto Tech Vehicle Fitness,Ranchi - JH205( 05-AUG-2021 )"
JK,Jammu and Kashmir,206,"M/S Global Automated Fitness,Hazaribag - JH206( 11-AUG-2023 )"
JK,Jammu and Kashmir,204,"M/s Universal Automated Fitness Centre, East Singhbhum - JH204( 09-MAR-2021 )"
JK,Jammu and Kashmir,16,PAKUR - JH16( 19-JAN-2017 )
JK,Jammu and Kashmir,3,PALAMU - JH3( 19-JAN-2017 )
JK,Jammu and Kashmir,24,RAMGARH - JH24( 14-MAR-2016 )
JK,Jammu and Kashmir,1,RANCHI - JH1( 19-JAN-2017 )
JK,Jammu and Kashmir,18,SAHEBGANJ - JH18( 19-JAN-2017 )
JK,Jammu and Kashmir,22,SARAIKELA-KHARSAWAN - JH22( 19-JAN-2017 )
JK,Jammu and Kashmir,20,SIMDEGA - JH20( 19-JAN-2017 )
JK,Jammu and Kashmir,99,STATE TRANSPORT AUTHORITY - JH99( 15-FEB-2022 )
JK,Jammu and Kashmir,6,WEST SINGHBHUM (CHAIBASA) - JH6( 19-JAN-2017 )
KA,Karnataka,3,ANANTNAG ARTO - JK3( 24-OCT-2016 )
KA,Karnataka,15,BANDIPORA ARTO - JK15( 29-FEB-2016 )
KA,Karnataka,5,BARAMULLA ARTO - JK5( 07-DEC-2016 )
KA,Karnataka,4,BUDGAM ARTO - JK4( 16-MAY-2016 )
KA,Karnataka,6,DODA ARTO - JK6( 05-SEP-2016 )
KA,Karnataka,16,GANDERBAL ARTO - JK16( 18-MAY-2016 )
KA,Karnataka,2,JAMMU RTO - JK2( 01-DEC-2016 )
KA,Karnataka,8,KATHUA RTO - JK8( 22-SEP-2016 )
KA,Karnataka,17,KISHTWAR ARTO - JK17( 18-NOV-2016 )
KA,Karnataka,18,KULGAM ARTO - JK18( 21-APR-2016 )
KA,Karnataka,9,KUPWARA ARTO - JK9( 25-NOV-2016 )
KA,Karnataka,12,POONCH ARTO - JK12( 08-FEB-2017 )
KA,Karnataka,13,PULWAMA ARTO - JK13( 29-FEB-2016 )
KA,Karnataka,11,RAJOURI ARTO - JK11( 09-DEC-2016 )
KA,Karnataka,19,RAMBAN ARTO - JK19( 07-APR-2016 )
KA,Karnataka,20,REASI ARTO - JK20( 29-FEB-2016 )
KA,Karnataka,21,SAMBA ARTO - JK21( 29-FEB-2016 )
KA,Karnataka,22,SHOPIAN ARTO - JK22( 08-NOV-2016 )
KA,Karnataka,1,SRINAGAR RTO - JK1( 12-NOV-2016 )
KA,Karnataka,999,STATE TRANSPORT AUTHORITY - JK999( 04-MAY-2021 )
KA,Karnataka,14,UDHAMPUR ARTO - JK14( 12-SEP-2016 )
KL,Kerala,71,ATHANI ARTO - KA71( 03-AUG-2020 )
KL,Kerala,29,BAGALKOT RTO - KA29( 29-SEP-2018 )
KL,Kerala,24,BAILHONGAL RTO - KA24( 13-AUG-2018 )
KL,Kerala,70,BANTWALA ARTO - KA70( 03-MAR-2018 )
KL,Kerala,56,BASAVAKALYAN ARTO - KA56( 01-AUG-2018 )
KL,Kerala,34,BELLARY RTO - KA34( 31-JUL-2018 )
KL,Kerala,1,BENGALURU CENTRAL RTO - KA1( 21-JAN-2019 )
KL,Kerala,3,BENGALURU EAST RTO - KA3( 04-FEB-2019 )
KL,Kerala,4,BENGALURU NORTH RTO - KA4( 28-JAN-2019 )
KL,Kerala,5,BENGALURU SOUTH RTO - KA5( 07-JAN-2019 )
KL,Kerala,2,BENGALURU WEST RTO - KA2( 26-DEC-2018 )
KL,Kerala,39,BHALKI ARTO - KA39( 31-JUL-2018 )
KL,Kerala,38,BIDAR RTO - KA38( 01-AUG-2018 )
KL,Kerala,28,BIJAPUR RTO - KA28( 29-SEP-2018 )
KL,Kerala,10,CHAMARAJANAGAR RTO - KA10( 23-JUL-2018 )
KL,Kerala,59,"CHANDAPURA, BENGALURU RTO - KA59( 08-FEB-2018 )"
KL,Kerala,40,CHICKABALLAPUR RTO - KA40( 27-JUN-2018 )
KL,Kerala,18,CHIKAMANGLUR RTO - KA18( 12-JUN-2018 )
KL,Kerala,23,CHIKKODI RTO - KA23( 22-SEP-2018 )
KL,Kerala,67,CHINTAMANI ARTO - KA67( 16-JUL-2018 )
KL,Kerala,16,CHITRADURGA RTO - KA16( 09-AUG-2018 )
KL,Kerala,65,DANDELI ARTO - KA65( 28-SEP-2018 )
KL,Kerala,17,DAVANAGERE RTO - KA17( 02-JUL-2018 )
KL,Kerala,43,DEVANAHALLI ARTO - KA43( 28-JUN-2018 )
KL,Kerala,63,DHARWAD EAST RTO - KA63( 25-SEP-2018 )
KL,Kerala,25,DHARWAD WEST RTO - KA25( 25-SEP-2018 )
KL,Kerala,51,ELECTRONIC CITY RTO - KA51( 31-DEC-2018 )
KL,Kerala,26,GADAG RTO - KA26( 25-SEP-2018 )
KL,Kerala,49,GOKAK ARTO - KA49( 25-SEP-2018 )
KL,Kerala,13,HASSAN RTO - KA13( 09-JUL-2018 )
KL,Kerala,27,HAVERI RTO - KA27( 23-MAR-2018 )
KL,Kerala,47,HONNAVAR ARTO - KA47( 29-SEP-2018 )
KL,Kerala,35,HOSPET RTO - KA35( 28-JUL-2018 )
KL,Kerala,45,HUNSUR ARTO - KA45( 11-JUL-2018 )
KL,Kerala,48,JAMKHANDI ARTO - KA48( 21-DEC-2018 )
KL,Kerala,41,JNANABHARATHI RTO - KA41( 24-JAN-2019 )
KL,Kerala,32,KALABURAGI RTO - KA32( 25-JUL-2018 )
KL,Kerala,30,KARWAR RTO - KA30( 29-SEP-2018 )
KL,Kerala,8,K G F ARTO - KA8( 21-JUN-2018 )
KL,Kerala,7,KOLAR RTO - KA7( 21-JUN-2018 )
KL,Kerala,37,KOPPAL RTO - KA37( 02-AUG-2018 )
KL,Kerala,53,KRISHNARAJAPURAM RTO - KA53( 06-FEB-2019 )
KL,Kerala,64,"MADHUGIRI, TUMAKURU ARTO - KA64( 22-FEB-2019 )"
KL,Kerala,12,MADIKERI RTO - KA12( 23-JUL-2018 )
KL,Kerala,11,MANDYA RTO - KA11( 21-JUL-2018 )
KL,Kerala,19,MANGALORE RTO - KA19( 27-MAR-2018 )
KL,Kerala,55,MYSURU EAST RTO - KA55( 12-JUL-2018 )
KL,Kerala,9,MYSURU WEST RTO - KA9( 12-JUL-2018 )
KL,Kerala,54,NAGAMANGALA RTO - KA54( 23-JUL-2018 )
KL,Kerala,52,NELAMANGALA RTO - KA52( 13-AUG-2018 )
KL,Kerala,21,PUTTUR RTO - KA21( 27-MAR-2018 )
KL,Kerala,36,RAICHUR RTO - KA36( 27-JUL-2018 )
KL,Kerala,42,RAMANAGAR RTO - KA42( 02-JAN-2018 )
KL,Kerala,69,RAMDURGA ARTO - KA69( 19-JUL-2018 )
KL,Kerala,68,RANIBENNUR ARTO - KA68( 24-FEB-2018 )
KL,Kerala,22,REGIONAL TRANSPORT OFFICE BELAGAVI - KA22( 20-SEP-2018 )
KL,Kerala,15,SAGAR ARTO - KA15( 29-JUN-2018 )
KL,Kerala,46,SAKALESHPURA ARTO - KA46( 09-JUL-2018 )
KL,Kerala,14,SHIMOGA RTO - KA14( 29-JUN-2018 )
KL,Kerala,31,SIRSI RTO - KA31( 29-SEP-2018 )
KL,Kerala,99,STATE TRANSPORT AUTHORITY - KA99( 15-APR-2021 )
KL,Kerala,57,"STU AND AUTORIKSHAW, SHANTHINAGAR RTO - KA57( 26-APR-2021 )"
KL,Kerala,66,"TARIKERE, CHIKKAMAGALURU ARTO - KA66( 12-JUN-2018 )"
KL,Kerala,44,TIPTUR ARTO - KA44( 28-JUN-2018 )
KL,Kerala,6,TUMKUR RTO - KA6( 25-JUN-2018 )
KL,Kerala,20,UDUPI RTO - KA20( 14-JUN-2018 )
KL,Kerala,33,YADGIRI RTO - KA33( 26-JUL-2018 )
KL,Kerala,50,YALAHANKA RTO - KA50( 31-JAN-2019 )
LA,Ladakh,26,ADOOR SRTO - KL26( 27-MAR-2019 )
LA,Ladakh,4,ALAPPUZHA RTO - KL4( 18-MAR-2019 )
LA,Ladakh,49,ALATHUR SRTO - KL49( 30-MAR-2019 )
LA,Ladakh,41,ALUVA SRTO - KL41( 23-MAR-2019 )
LA,Ladakh,63,ANGAMALI SRTO - KL63( 23-MAR-2019 )
LA,Ladakh,16,ATTINGAL RTO - KL16( 18-MAR-2019 )
LA,Ladakh,82,CHADAYAMANGALA SRTO - KL82( 28-SEP-2020 )
LA,Ladakh,64,CHALAKKUDY SRTO - KL64( 30-MAR-2019 )
LA,Ladakh,33,CHANGANACHERRY SRTO - KL33( 30-MAR-2019 )
LA,Ladakh,30,CHENGANNUR SRTO - KL30( 30-MAR-2019 )
LA,Ladakh,32,CHERTHALA SRTO - KL32( 30-MAR-2019 )
LA,Ladakh,70,CHITTUR SRTO - KL70( 23-MAR-2019 )
LA,Ladakh,68,DEVIKULAM SRTO - KL68( 30-MAR-2019 )
LA,Ladakh,7,ERNAKULAM RTO - KL7( 14-MAR-2019 )
LA,Ladakh,46,GURUVAYUR SRTO - KL46( 30-MAR-2019 )
LA,Ladakh,6,IDUKKI RTO - KL6( 18-MAR-2019 )
LA,Ladakh,45,IRINJALAKUDA SRTO - KL45( 30-MAR-2019 )
LA,Ladakh,78,IRITTY SRTO - KL78( 30-MAR-2019 )
LA,Ladakh,60,KANHANGAD SRTO - KL60( 30-MAR-2019 )
LA,Ladakh,34,KANJIRAPPALLY SRTO - KL34( 30-MAR-2019 )
LA,Ladakh,13,KANNUR RTO - KL13( 18-MAR-2019 )
LA,Ladakh,23,KARUNAGAPPALLY SRTO - KL23( 30-MAR-2019 )
LA,Ladakh,14,KASARGODE RTO - KL14( 18-MAR-2019 )
LA,Ladakh,74,KATTAKADA SRTO - KL74( 29-MAR-2019 )
LA,Ladakh,29,KAYAMKULAM SRTO - KL29( 30-MAR-2019 )
LA,Ladakh,22,KAZHAKUTTOM SRTO - KL22( 29-MAR-2019 )
LA,Ladakh,47,KODUNGALLUR SRTO - KL47( 30-MAR-2019 )
LA,Ladakh,57,KODUVALLY SRTO - KL57( 30-MAR-2019 )
LA,Ladakh,56,KOILANDY SRTO - KL56( 30-MAR-2019 )
LA,Ladakh,2,KOLLAM RTO - KL2( 15-MAR-2019 )
LA,Ladakh,84,KONDOTTY SRTO - KL84( 28-SEP-2020 )
LA,Ladakh,83,KONNI SRTO - KL83( 06-JUL-2020 )
LA,Ladakh,44,KOTHAMANGALAM SRTO - KL44( 23-MAR-2019 )
LA,Ladakh,24,KOTTARAKKARA SRTO - KL24( 30-MAR-2019 )
LA,Ladakh,5,KOTTAYAM RTO - KL5( 18-MAR-2019 )
LA,Ladakh,11,KOZHIKODE RTO - KL11( 15-MAR-2019 )
LA,Ladakh,61,KUNNATHUR SRTO - KL61( 30-MAR-2019 )
LA,Ladakh,66,KUTTANADU SRTO - KL66( 30-MAR-2019 )
LA,Ladakh,10,MALAPPURAM RTO - KL10( 20-MAR-2019 )
LA,Ladakh,28,MALLAPPALLY SRTO - KL28( 27-MAR-2019 )
LA,Ladakh,72,MANANTHAVADY SRTO - KL72( 30-MAR-2019 )
LA,Ladakh,50,MANNARGHAT SRTO - KL50( 30-MAR-2019 )
LA,Ladakh,43,MATTANCHERRY SRTO - KL43( 23-MAR-2019 )
LA,Ladakh,31,MAVELIKKARA SRTO - KL31( 30-MAR-2019 )
LA,Ladakh,17,MUVATTUPUZHA RTO - KL17( 15-MAR-2019 )
LA,Ladakh,76,NANMANDA SRTO - KL76( 30-MAR-2019 )
LA,Ladakh,15,NATIONALISED SECTOR(TVPM) RTO - KL15( 18-MAR-2019 )
LA,Ladakh,21,NEDUMANGADU SRTO - KL21( 29-MAR-2019 )
LA,Ladakh,20,NEYYATTINKARA SRTO - KL20( 29-MAR-2019 )
LA,Ladakh,71,NILAMBUR SRTO - KL71( 30-MAR-2019 )
LA,Ladakh,42,NORTH PARUR SRTO - KL42( 23-MAR-2019 )
LA,Ladakh,51,OTTAPPALAM SRTO - KL51( 30-MAR-2019 )
LA,Ladakh,35,PALAI SRTO - KL35( 30-MAR-2019 )
LA,Ladakh,9,PALAKKAD RTO - KL9( 18-MAR-2019 )
LA,Ladakh,19,PARASSALA SRTO - KL19( 29-MAR-2019 )
LA,Ladakh,3,PATHANAMTHITTA RTO - KL3( 20-MAR-2019 )
LA,Ladakh,80,PATHANAPURAM SRTO - KL80( 28-SEP-2020 )
LA,Ladakh,52,PATTAMBI SRTO - KL52( 30-MAR-2019 )
LA,Ladakh,86,PAYYANNUR SRTO - KL86( 28-SEP-2020 )
LA,Ladakh,77,PERAMBRA SRTO - KL77( 30-MAR-2019 )
LA,Ladakh,53,PERINTHALMANNA SRTO - KL53( 30-MAR-2019 )
LA,Ladakh,40,PERUMBAVUR SRTO - KL40( 23-MAR-2019 )
LA,Ladakh,54,PONNANI SRTO - KL54( 30-MAR-2019 )
LA,Ladakh,25,PUNALUR SRTO - KL25( 30-MAR-2019 )
LA,Ladakh,85,RAMANATTUKARA (FEROKE) SRTO - KL85( 28-SEP-2020 )
LA,Ladakh,62,RANNI SRTO - KL62( 30-MAR-2019 )
LA,Ladakh,73,SULTHANBATHERY SRTO - KL73( 30-MAR-2019 )
LA,Ladakh,99,TC OFFICE - STA OFFICE - KL99( 14-MAR-2019 )
LA,Ladakh,58,THALASSERY SRTO - KL58( 30-MAR-2019 )
LA,Ladakh,59,THALIPARAMBA SRTO - KL59( 30-MAR-2019 )
LA,Ladakh,65,THIRURANGADI SRTO - KL65( 30-MAR-2019 )
LA,Ladakh,55,THIRUR SRTO - KL55( 30-MAR-2019 )
LA,Ladakh,27,THIRUVALLA SRTO - KL27( 27-MAR-2019 )
LA,Ladakh,38,THODUPUZHA SRTO - KL38( 30-MAR-2019 )
LA,Ladakh,75,THRIPRAYAR SRTO - KL75( 30-MAR-2019 )
LA,Ladakh,8,THRISSUR RTO - KL8( 18-MAR-2019 )
LA,Ladakh,39,TRIPUNITHURA SRTO - KL39( 23-MAR-2019 )
LA,Ladakh,1,TRIVANDRUM RTO - KL1( 21-FEB-2019 )
LA,Ladakh,69,UDUMBANCHOLA SRTO - KL69( 30-MAR-2019 )
LA,Ladakh,67,UZHAVOOR SRTO - KL67( 30-MAR-2019 )
LA,Ladakh,18,VADAKARA RTO - KL18( 15-MAR-2019 )
LA,Ladakh,36,VAIKOM SRTO - KL36( 30-MAR-2019 )
LA,Ladakh,37,VANDIPERIYAR SRTO - KL37( 30-MAR-2019 )
LA,Ladakh,81,VARKALA SRTO - KL81( 10-JUL-2020 )
LA,Ladakh,79,VELLARIKUNDU SRTO - KL79( 30-MAR-2019 )
LA,Ladakh,48,WADAKKANCHERRY SRTO - KL48( 30-MAR-2019 )
LA,Ladakh,12,WAYANAD RTO - KL12( 15-MAR-2019 )
LD,Lakshadweep,1,KARGIL ARTO - LA1( 23-JUL-2018 )
LD,Lakshadweep,2,LEH ARTO - LA2( 11-MAR-2018 )
LD,Lakshadweep,999,STATE TRANSPORT AUTHORITY - LA999( 04-MAY-2021 )
MH,Maharashtra,2,AGATTI - LD2( 25-SEP-2025 )
MH,Maharashtra,3,AMINI - LD3( 23-DEC-2024 )
MH,Maharashtra,4,ANDROTH - LD4( 06-NOV-2024 )
MH,Maharashtra,5,CHETLAT - LD5( 06-FEB-2025 )
MH,Maharashtra,6,KADMAT - LD6( 31-OCT-2025 )
MH,Maharashtra,7,KALPENI - LD7( 09-MAY-2025 )
MH,Maharashtra,1,KAVARATTI - LD1( 13-JUN-2024 )
MH,Maharashtra,8,KILTAN - LD8( 11-FEB-2026 )
MH,Maharashtra,9,MINICOY - LD9( 06-NOV-2024 )
ML,Meghalaya,45,AKLUJ - MH45( 03-APR-2017 )
ML,Meghalaya,44,AMBEJOGAI - MH44( 02-MAY-2017 )
ML,Meghalaya,27,AMRAWATI - MH27( 21-JAN-2017 )
ML,Meghalaya,42,BARAMATI - MH42( 10-MAR-2017 )
ML,Meghalaya,23,BEED - MH23( 17-MAR-2017 )
ML,Meghalaya,54,BHADGAON - MH54( 20-MAR-2024 )
ML,Meghalaya,36,BHANDARA - MH36( 12-APR-2017 )
ML,Meghalaya,28,BULDHANA - MH28( 07-NOV-2017 )
ML,Meghalaya,52,CHALISGAON - MH52( 05-MAR-2024 )
ML,Meghalaya,20,CHHATRAPATI SAMBHAJINAGAR - MH20( 20-OCT-2016 )
ML,Meghalaya,202,Chiplun Chiplun Track - MH202( 04-DEC-2019 )
ML,Meghalaya,25,DHARASHIV - MH25( 31-OCT-2017 )
ML,Meghalaya,18,DHULE - MH18( 03-JAN-2017 )
ML,Meghalaya,38,"DY REGIONAL TRANSPORT OFFICE, HINGOLI - MH38( 15-JUL-2017 )"
ML,Meghalaya,8,DY RTO RATNAGIRI - MH8( 10-APR-2017 )
ML,Meghalaya,33,GADCHIROLI - MH33( 18-APR-2017 )
ML,Meghalaya,35,GONDHIA - MH35( 11-APR-2017 )
ML,Meghalaya,51,ICHALKARANJI - MH51( 07-MAR-2024 )
ML,Meghalaya,21,JALANA - MH21( 03-AUG-2017 )
ML,Meghalaya,5,KALYAN - MH5( 11-MAY-2017 )
ML,Meghalaya,50,KARAD - MH50( 20-MAR-2017 )
ML,Meghalaya,56,KHAMGAON - MH56( 15-APR-2025 )
ML,Meghalaya,9,KOLHAPUR - MH9( 02-MAR-2017 )
ML,Meghalaya,41,MALEGAON - MH41( 23-AUG-2017 )
ML,Meghalaya,58,MIRA BHAYANDAR - MH58( 07-MAY-2025 )
ML,Meghalaya,1,MUMBAI (CENTRAL) - MH1( 15-DEC-2016 )
ML,Meghalaya,3,MUMBAI (EAST) - MH3( 13-DEC-2016 )
ML,Meghalaya,2,MUMBAI (WEST) - MH2( 21-APR-2017 )
ML,Meghalaya,49,NAGPUR (EAST) - MH49( 17-APR-2017 )
ML,Meghalaya,40,NAGPUR (RURAL) - MH40( 17-JAN-2017 )
ML,Meghalaya,31,NAGPUR (U) - MH31( 18-JAN-2017 )
ML,Meghalaya,26,NANDED - MH26( 12-JAN-2017 )
ML,Meghalaya,39,NANDURBAR - MH39( 02-MAY-2017 )
ML,Meghalaya,15,NASHIK - MH15( 05-JAN-2017 )
ML,Meghalaya,46,PANVEL - MH46( 31-JAN-2017 )
ML,Meghalaya,22,PARBHANI - MH22( 25-APR-2017 )
ML,Meghalaya,6,PEN (RAIGAD) - MH6( 16-MAY-2017 )
ML,Meghalaya,53,PHALTAN - MH53( 03-SEP-2024 )
ML,Meghalaya,12,PUNE - MH12( 25-JAN-2017 )
ML,Meghalaya,16,RTO AHILYANAGAR - MH16( 16-MAR-2017 )
ML,Meghalaya,30,RTO AKOLA - MH30( 20-FEB-2017 )
ML,Meghalaya,47,R.T.O.BORIVALI - MH47( 21-APR-2017 )
ML,Meghalaya,34,RTO CHANDRAPUR - MH34( 25-APR-2017 )
ML,Meghalaya,19,RTO JALGAON - MH19( 24-MAR-2017 )
ML,Meghalaya,24,RTO LATUR - MH24( 15-MAR-2017 )
ML,Meghalaya,203,RTO MH04-Mira Bhayander FitnessTrack - MH203( 01-MAY-2022 )
ML,Meghalaya,14,RTO PIMPRI CHINCHWAD - MH14( 06-FEB-2017 )
ML,Meghalaya,11,RTO SATARA - MH11( 04-MAR-2017 )
ML,Meghalaya,13,RTO SOLAPUR - MH13( 05-APR-2017 )
ML,Meghalaya,10,SANGLI - MH10( 03-MAR-2017 )
ML,Meghalaya,7,SINDHUDURG(KUDAL) - MH7( 10-APR-2017 )
ML,Meghalaya,17,SRIRAMPUR - MH17( 22-MAR-2017 )
ML,Meghalaya,99,TC OFFICE - MH99( 06-JUN-2018 )
ML,Meghalaya,4,THANE - MH4( 08-MAR-2017 )
ML,Meghalaya,55,UDGIR - MH55( 28-AUG-2024 )
ML,Meghalaya,57,VAIJAPUR - MH57( 06-JUN-2025 )
ML,Meghalaya,48,VASAI - MH48( 08-JUN-2017 )
ML,Meghalaya,43,VASHI (NEW MUMBAI) - MH43( 07-JUL-2016 )
ML,Meghalaya,32,WARDHA - MH32( 06-APR-2017 )
ML,Meghalaya,37,WASHIM - MH37( 11-APR-2017 )
ML,Meghalaya,29,YAWATMAL - MH29( 07-JUL-2017 )
MN,Manipur,14,AMPATI - ML14( 03-NOV-2017 )
MN,Manipur,9,BAGHMARA - ML9( 02-FEB-2017 )
MN,Manipur,98,Commissioner of Transport - null98( 07-MAY-2025 )
MN,Manipur,4,JOWAI - ML4( 03-AUG-2017 )
MN,Manipur,11,KHLIEHRIAT - ML11( 11-JUL-2017 )
MN,Manipur,15,MAIRANG - ML15( 05-JUL-2022 )
MN,Manipur,12,MAWKYRWAT - ML12( 26-FEB-2018 )
MN,Manipur,10,NONGPOH - ML10( 06-MAR-2017 )
MN,Manipur,6,NONGSTOIN - ML6( 08-DEC-2017 )
MN,Manipur,13,RESUBELPARA - ML13( 19-DEC-2017 )
MN,Manipur,5,SHILLONG - ML5( 29-FEB-2016 )
MN,Manipur,99,STATE TRANSPORT AUTHORITY - ML99( 28-NOV-2017 )
MN,Manipur,8,TURA - ML8( 31-JAN-2017 )
MN,Manipur,7,WILLIAMNAGAR - ML7( 14-AUG-2017 )
MP,Madhya Pradesh,14,AMPATI - ML14( 03-NOV-2017 )
MP,Madhya Pradesh,9,BAGHMARA - ML9( 02-FEB-2017 )
MP,Madhya Pradesh,98,Commissioner of Transport - null98( 07-MAY-2025 )
MP,Madhya Pradesh,4,JOWAI - ML4( 03-AUG-2017 )
MP,Madhya Pradesh,11,KHLIEHRIAT - ML11( 11-JUL-2017 )
MP,Madhya Pradesh,15,MAIRANG - ML15( 05-JUL-2022 )
MP,Madhya Pradesh,12,MAWKYRWAT - ML12( 26-FEB-2018 )
MP,Madhya Pradesh,10,NONGPOH - ML10( 06-MAR-2017 )
MP,Madhya Pradesh,6,NONGSTOIN - ML6( 08-DEC-2017 )
MP,Madhya Pradesh,13,RESUBELPARA - ML13( 19-DEC-2017 )
MP,Madhya Pradesh,5,SHILLONG - ML5( 29-FEB-2016 )
MP,Madhya Pradesh,99,STATE TRANSPORT AUTHORITY - ML99( 28-NOV-2017 )
MP,Madhya Pradesh,8,TURA - ML8( 31-JAN-2017 )
MP,Madhya Pradesh,7,WILLIAMNAGAR - ML7( 14-AUG-2017 )
MZ,Mizoram,14,AMPATI - ML14( 03-NOV-2017 )
MZ,Mizoram,9,BAGHMARA - ML9( 02-FEB-2017 )
MZ,Mizoram,98,Commissioner of Transport - null98( 07-MAY-2025 )
MZ,Mizoram,4,JOWAI - ML4( 03-AUG-2017 )
MZ,Mizoram,11,KHLIEHRIAT - ML11( 11-JUL-2017 )
MZ,Mizoram,15,MAIRANG - ML15( 05-JUL-2022 )
MZ,Mizoram,12,MAWKYRWAT - ML12( 26-FEB-2018 )
MZ,Mizoram,10,NONGPOH - ML10( 06-MAR-2017 )
MZ,Mizoram,6,NONGSTOIN - ML6( 08-DEC-2017 )
MZ,Mizoram,13,RESUBELPARA - ML13( 19-DEC-2017 )
MZ,Mizoram,5,SHILLONG - ML5( 29-FEB-2016 )
MZ,Mizoram,99,STATE TRANSPORT AUTHORITY - ML99( 28-NOV-2017 )
MZ,Mizoram,8,TURA - ML8( 31-JAN-2017 )
MZ,Mizoram,7,WILLIAMNAGAR - ML7( 14-AUG-2017 )
NL,Nagaland,14,AMPATI - ML14( 03-NOV-2017 )
NL,Nagaland,9,BAGHMARA - ML9( 02-FEB-2017 )
NL,Nagaland,98,Commissioner of Transport - null98( 07-MAY-2025 )
NL,Nagaland,4,JOWAI - ML4( 03-AUG-2017 )
NL,Nagaland,11,KHLIEHRIAT - ML11( 11-JUL-2017 )
NL,Nagaland,15,MAIRANG - ML15( 05-JUL-2022 )
NL,Nagaland,12,MAWKYRWAT - ML12( 26-FEB-2018 )
NL,Nagaland,10,NONGPOH - ML10( 06-MAR-2017 )
NL,Nagaland,6,NONGSTOIN - ML6( 08-DEC-2017 )
NL,Nagaland,13,RESUBELPARA - ML13( 19-DEC-2017 )
NL,Nagaland,5,SHILLONG - ML5( 29-FEB-2016 )
NL,Nagaland,99,STATE TRANSPORT AUTHORITY - ML99( 28-NOV-2017 )
NL,Nagaland,8,TURA - ML8( 31-JAN-2017 )
NL,Nagaland,7,WILLIAMNAGAR - ML7( 14-AUG-2017 )
OR,Odisha,14,AMPATI - ML14( 03-NOV-2017 )
OR,Odisha,9,BAGHMARA - ML9( 02-FEB-2017 )
OR,Odisha,98,Commissioner of Transport - null98( 07-MAY-2025 )
OR,Odisha,4,JOWAI - ML4( 03-AUG-2017 )
OR,Odisha,11,KHLIEHRIAT - ML11( 11-JUL-2017 )
OR,Odisha,15,MAIRANG - ML15( 05-JUL-2022 )
OR,Odisha,12,MAWKYRWAT - ML12( 26-FEB-2018 )
OR,Odisha,10,NONGPOH - ML10( 06-MAR-2017 )
OR,Odisha,6,NONGSTOIN - ML6( 08-DEC-2017 )
OR,Odisha,13,RESUBELPARA - ML13( 19-DEC-2017 )
OR,Odisha,5,SHILLONG - ML5( 29-FEB-2016 )
OR,Odisha,99,STATE TRANSPORT AUTHORITY - ML99( 28-NOV-2017 )
OR,Odisha,8,TURA - ML8( 31-JAN-2017 )
OR,Odisha,7,WILLIAMNAGAR - ML7( 14-AUG-2017 )
PB,Punjab,14,AMPATI - ML14( 03-NOV-2017 )
PB,Punjab,9,BAGHMARA - ML9( 02-FEB-2017 )
PB,Punjab,98,Commissioner of Transport - null98( 07-MAY-2025 )
PB,Punjab,4,JOWAI - ML4( 03-AUG-2017 )
PB,Punjab,11,KHLIEHRIAT - ML11( 11-JUL-2017 )
PB,Punjab,15,MAIRANG - ML15( 05-JUL-2022 )
PB,Punjab,12,MAWKYRWAT - ML12( 26-FEB-2018 )
PB,Punjab,10,NONGPOH - ML10( 06-MAR-2017 )
PB,Punjab,6,NONGSTOIN - ML6( 08-DEC-2017 )
PB,Punjab,13,RESUBELPARA - ML13( 19-DEC-2017 )
PB,Punjab,5,SHILLONG - ML5( 29-FEB-2016 )
PB,Punjab,99,STATE TRANSPORT AUTHORITY - ML99( 28-NOV-2017 )
PB,Punjab,8,TURA - ML8( 31-JAN-2017 )
PB,Punjab,7,WILLIAMNAGAR - ML7( 14-AUG-2017 )
PY,Puducherry,14,AMPATI - ML14( 03-NOV-2017 )
PY,Puducherry,9,BAGHMARA - ML9( 02-FEB-2017 )
PY,Puducherry,98,Commissioner of Transport - null98( 07-MAY-2025 )
PY,Puducherry,4,JOWAI - ML4( 03-AUG-2017 )
PY,Puducherry,11,KHLIEHRIAT - ML11( 11-JUL-2017 )
PY,Puducherry,15,MAIRANG - ML15( 05-JUL-2022 )
PY,Puducherry,12,MAWKYRWAT - ML12( 26-FEB-2018 )
PY,Puducherry,10,NONGPOH - ML10( 06-MAR-2017 )
PY,Puducherry,6,NONGSTOIN - ML6( 08-DEC-2017 )
PY,Puducherry,13,RESUBELPARA - ML13( 19-DEC-2017 )
PY,Puducherry,5,SHILLONG - ML5( 29-FEB-2016 )
PY,Puducherry,99,STATE TRANSPORT AUTHORITY - ML99( 28-NOV-2017 )
PY,Puducherry,8,TURA - ML8( 31-JAN-2017 )
PY,Puducherry,7,WILLIAMNAGAR - ML7( 14-AUG-2017 )
RJ,Rajasthan,14,AMPATI - ML14( 03-NOV-2017 )
RJ,Rajasthan,9,BAGHMARA - ML9( 02-FEB-2017 )
RJ,Rajasthan,98,Commissioner of Transport - null98( 07-MAY-2025 )
RJ,Rajasthan,4,JOWAI - ML4( 03-AUG-2017 )
RJ,Rajasthan,11,KHLIEHRIAT - ML11( 11-JUL-2017 )
RJ,Rajasthan,15,MAIRANG - ML15( 05-JUL-2022 )
RJ,Rajasthan,12,MAWKYRWAT - ML12( 26-FEB-2018 )
RJ,Rajasthan,10,NONGPOH - ML10( 06-MAR-2017 )
RJ,Rajasthan,6,NONGSTOIN - ML6( 08-DEC-2017 )
RJ,Rajasthan,13,RESUBELPARA - ML13( 19-DEC-2017 )
RJ,Rajasthan,5,SHILLONG - ML5( 29-FEB-2016 )
RJ,Rajasthan,99,STATE TRANSPORT AUTHORITY - ML99( 28-NOV-2017 )
RJ,Rajasthan,8,TURA - ML8( 31-JAN-2017 )
RJ,Rajasthan,7,WILLIAMNAGAR - ML7( 14-AUG-2017 )
SK,Sikkim,14,AMPATI - ML14( 03-NOV-2017 )
SK,Sikkim,9,BAGHMARA - ML9( 02-FEB-2017 )
SK,Sikkim,98,Commissioner of Transport - null98( 07-MAY-2025 )
SK,Sikkim,4,JOWAI - ML4( 03-AUG-2017 )
SK,Sikkim,11,KHLIEHRIAT - ML11( 11-JUL-2017 )
SK,Sikkim,15,MAIRANG - ML15( 05-JUL-2022 )
SK,Sikkim,12,MAWKYRWAT - ML12( 26-FEB-2018 )
SK,Sikkim,10,NONGPOH - ML10( 06-MAR-2017 )
SK,Sikkim,6,NONGSTOIN - ML6( 08-DEC-2017 )
SK,Sikkim,13,RESUBELPARA - ML13( 19-DEC-2017 )
SK,Sikkim,5,SHILLONG - ML5( 29-FEB-2016 )
SK,Sikkim,99,STATE TRANSPORT AUTHORITY - ML99( 28-NOV-2017 )
SK,Sikkim,8,TURA - ML8( 31-JAN-2017 )
SK,Sikkim,7,WILLIAMNAGAR - ML7( 14-AUG-2017 )
TN,Tamil Nadu,2,GYALSING - SK2( 05-JUL-2017 )
TN,Tamil Nadu,4,JORETHANG - SK4( 19-APR-2018 )
TN,Tamil Nadu,3,MANGAN - SK3( 24-APR-2017 )
TN,Tamil Nadu,5,NAMCHI - SK5( 01-DEC-2017 )
TN,Tamil Nadu,99,"Office of the Secretary, STA - SK99( 23-JAN-2024 )"
TN,Tamil Nadu,7,Pakyong - SK7( 12-JUN-2018 )
TN,Tamil Nadu,1,RTO GANGTOK - SK1( 12-SEP-2016 )
TN,Tamil Nadu,8,"Singtam, East Sikkim - SK8( 25-JAN-2019 )"
TN,Tamil Nadu,6,SORENG - SK6( 02-APR-2018 )
TR,Tripura,2,GYALSING - SK2( 05-JUL-2017 )
TR,Tripura,4,JORETHANG - SK4( 19-APR-2018 )
TR,Tripura,3,MANGAN - SK3( 24-APR-2017 )
TR,Tripura,5,NAMCHI - SK5( 01-DEC-2017 )
TR,Tripura,99,"Office of the Secretary, STA - SK99( 23-JAN-2024 )"
TR,Tripura,7,Pakyong - SK7( 12-JUN-2018 )
TR,Tripura,1,RTO GANGTOK - SK1( 12-SEP-2016 )
TR,Tripura,8,"Singtam, East Sikkim - SK8( 25-JAN-2019 )"
TR,Tripura,6,SORENG - SK6( 02-APR-2018 )
UK,Uttarakhand,2,GYALSING - SK2( 05-JUL-2017 )
UK,Uttarakhand,4,JORETHANG - SK4( 19-APR-2018 )
UK,Uttarakhand,3,MANGAN - SK3( 24-APR-2017 )
UK,Uttarakhand,5,NAMCHI - SK5( 01-DEC-2017 )
UK,Uttarakhand,99,"Office of the Secretary, STA - SK99( 23-JAN-2024 )"
UK,Uttarakhand,7,Pakyong - SK7( 12-JUN-2018 )
UK,Uttarakhand,1,RTO GANGTOK - SK1( 12-SEP-2016 )
UK,Uttarakhand,8,"Singtam, East Sikkim - SK8( 25-JAN-2019 )"
UK,Uttarakhand,6,SORENG - SK6( 02-APR-2018 )
UP,Uttar Pradesh,2,GYALSING - SK2( 05-JUL-2017 )
UP,Uttar Pradesh,4,JORETHANG - SK4( 19-APR-2018 )
UP,Uttar Pradesh,3,MANGAN - SK3( 24-APR-2017 )
UP,Uttar Pradesh,5,NAMCHI - SK5( 01-DEC-2017 )
UP,Uttar Pradesh,99,"Office of the Secretary, STA - SK99( 23-JAN-2024 )"
UP,Uttar Pradesh,7,Pakyong - SK7( 12-JUN-2018 )
UP,Uttar Pradesh,1,RTO GANGTOK - SK1( 12-SEP-2016 )
UP,Uttar Pradesh,8,"Singtam, East Sikkim - SK8( 25-JAN-2019 )"
UP,Uttar Pradesh,6,SORENG - SK6( 02-APR-2018 )
WB,West Bengal,2,GYALSING - SK2( 05-JUL-2017 )
WB,West Bengal,4,JORETHANG - SK4( 19-APR-2018 )
WB,West Bengal,3,MANGAN - SK3( 24-APR-2017 )
WB,West Bengal,5,NAMCHI - SK5( 01-DEC-2017 )
WB,West Bengal,99,"Office of the Secretary, STA - SK99( 23-JAN-2024 )"
WB,West Bengal,7,Pakyong - SK7( 12-JUN-2018 )
WB,West Bengal,1,RTO GANGTOK - SK1( 12-SEP-2016 )
WB,West Bengal,8,"Singtam, East Sikkim - SK8( 25-JAN-2019 )"
WB,West Bengal,6,SORENG - SK6( 02-APR-2018 )
